model_pair,snr_resel,n_chunks,oracle_accuracy,mc_se
EX0-EX1,10,1,0.8106403614583788,0.00070174812127223
EX0-EX1,10,2,0.9141675160040145,0.0004920978189916242
EX0-EX1,10,3,0.9586743518379848,0.0003205374024438454
EX0-EX1,10,4,0.9795019758690884,0.00020567147627749733
EX0-EX1,10,5,0.9895991012992726,0.0001311789448064156
EX0-EX1,10,6,0.994692271970944,8.324260806017539e-05
EX0-EX1,10,7,0.9972477602407621,5.284290730426201e-05
EX0-EX1,10,8,0.9985809132064682,3.350961839012052e-05
EX0-EX1,10,9,0.9992336758775161,2.2642689264949005e-05
EX0-EX1,10,10,0.9995971997419061,1.4981394417567049e-05
EX0-EX1,10,11,0.9997902705887978,8.71358726051829e-06
EX0-EX1,10,12,0.999890547372163,5.199536856692189e-06
EX0-EX1,10,13,0.9999435917744192,3.156254320256621e-06
EX0-EX1,10,14,0.9999678334218483,2.2903850802913474e-06
EX0-EX1,10,15,0.9999834542815704,1.4509385895397784e-06
EX0-EX1,10,16,0.9999919680648056,7.913716549081564e-07
EX0-EX1,10,17,0.9999953429400152,5.701260686159612e-07
EX0-EX1,10,18,0.9999973109551761,4.6448653588094505e-07
EX0-EX1,10,19,0.9999987675931193,2.122636366049296e-07
EX0-EX1,10,20,0.9999993362274464,1.5371573688782433e-07
EX0-EX1,10,21,0.9999997097231208,5.843656774187502e-08
EX0-EX1,10,22,0.9999998136811233,5.203849784735674e-08
EX0-EX1,10,23,0.9999998889229225,4.462841627272475e-08
EX0-EX1,10,24,0.9999999561659328,1.0977910128199757e-08
EX0-EX1,10,25,0.9999999747256537,7.504480555362383e-09
EX0-EX1,10,26,0.9999999870595073,4.359948246904959e-09
EX0-EX1,10,27,0.9999999958248545,1.197723245897729e-09
EX0-EX1,10,28,0.9999999974820055,8.793742624636234e-10
EX0-EX1,10,29,0.9999999991822226,2.911086472488027e-10
EX0-EX1,10,30,0.9999999995172942,1.876838383160758e-10
EX0-EX1,10,31,0.9999999995852147,1.7997742402915157e-10
EX0-EX1,10,32,0.9999999997357287,1.5521160290522043e-10
EX0-EX1,10,33,0.9999999999353837,2.802038321103057e-11
EX0-EX1,10,34,0.9999999999638629,1.92421849760233e-11
EX0-EX1,10,35,0.9999999999925218,3.0585550822727596e-12
EX0-EX1,10,36,0.9999999999954727,2.12988129475695e-12
EX0-EX1,10,37,0.9999999999975866,1.5108760533489383e-12
EX0-EX1,10,38,0.9999999999990331,5.644923283034943e-13
EX0-EX1,10,39,0.9999999999994064,4.313063037921644e-13
EX0-EX1,10,40,0.9999999999996758,2.2243024632779865e-13
EX0-EX1,10,41,0.9999999999998873,6.168058488838435e-14
EX0-EX1,10,42,0.9999999999999697,1.6867709216309498e-14
EX0-EX1,10,43,0.9999999999999831,8.478968193768266e-15
EX0-EX1,10,44,0.9999999999999873,6.1945804602049876e-15
EX0-EX1,10,45,0.9999999999999913,5.408851097888697e-15
EX0-EX1,10,46,0.9999999999999937,4.303330664305436e-15
EX0-EX1,10,47,0.9999999999999956,3.0768899544392278e-15
EX0-EX1,10,48,0.9999999999999977,1.6152034621750525e-15
EX0-EX1,10,49,0.9999999999999999,1.0986759143237964e-16
EX0-EX1,10,50,1.0,5.179186808109536e-18
EX0-EX1,10,51,1.0,3.247266224980068e-18
EX0-EX1,10,52,1.0,2.7238855099658936e-18
EX0-EX1,10,53,1.0,9.445557850262808e-19
EX0-EX1,10,54,1.0,9.131727679314417e-19
EX0-EX1,10,55,1.0,8.678225400879224e-19
EX0-EX1,10,56,1.0,1.863793931566752e-19
EX0-EX1,10,57,1.0,1.8600977236275306e-19
EX0-EX1,10,58,1.0,2.3549568886763577e-22
EX0-EX1,10,59,1.0,2.3205306047799172e-22
EX0-EX1,10,60,1.0,3.82558494368379e-23
EX0-EX1,10,61,1.0,1.4921141670902182e-23
EX0-EX1,10,62,1.0,3.43927822304889e-24
EX0-EX1,10,63,1.0,9.08595127304134e-25
EX0-EX1,10,64,1.0,6.690674294231373e-25
EX0-EX1,10,65,1.0,3.418655038202153e-25
EX0-EX1,10,66,1.0,1.4907172663630958e-25
EX0-EX1,10,67,1.0,1.1906565829807383e-25
EX0-EX1,10,68,1.0,1.173432147350609e-25
EX0-EX1,10,69,1.0,7.751474217641039e-28
EX0-EX1,10,70,1.0,2.2747693662256405e-28
EX0-EX1,10,71,1.0,8.007043854949492e-29
EX0-EX1,10,72,1.0,4.9259484374639373e-29
EX0-EX1,10,73,1.0,1.384413140448524e-29
EX0-EX1,10,74,1.0,5.8134400452648005e-31
EX0-EX1,10,75,1.0,4.165729068950873e-31
EX0-EX1,10,76,1.0,1.0347416104868977e-31
EX0-EX1,10,77,1.0,6.017533671134086e-32
EX0-EX1,10,78,1.0,1.4083990642295273e-32
EX0-EX1,10,79,1.0,2.642407710979668e-34
EX0-EX1,10,80,1.0,2.3532041396521412e-34
EX0-EX1,10,81,1.0,1.57154992920167e-34
EX0-EX1,10,82,1.0,1.2344930195146062e-34
EX0-EX1,10,83,1.0,3.406249999633649e-35
EX0-EX1,10,84,1.0,3.321231409301531e-35
EX0-EX1,10,85,1.0,3.0811537036562864e-35
EX0-EX1,10,86,1.0,3.05093517345189e-35
EX0-EX1,10,87,1.0,2.9380597170798635e-35
EX0-EX1,10,88,1.0,1.8054280839186092e-35
EX0-EX1,10,89,1.0,1.5594450982245986e-35
EX0-EX1,10,90,1.0,1.293784605323705e-35
EX0-EX1,10,91,1.0,3.2595236938591257e-37
EX0-EX1,10,92,1.0,1.5868547505685722e-38
EX0-EX1,10,93,1.0,1.5382105274186065e-38
EX0-EX1,10,94,1.0,1.032949789851616e-38
EX0-EX1,10,95,1.0,8.0186089538351e-39
EX0-EX1,10,96,1.0,2.748056092305604e-41
EX0-EX1,10,97,1.0,2.1165321511890277e-41
EX0-EX1,10,98,1.0,1.3158073301908395e-41
EX0-EX1,10,99,1.0,1.2650611972445737e-44
EX0-EX1,10,100,1.0,4.524524717970382e-45
EX0-EX1,10,101,1.0,4.470043000810408e-45
EX0-EX1,10,102,1.0,3.848866863044092e-45
EX0-EX1,10,103,1.0,2.89752532702157e-45
EX0-EX1,10,104,1.0,1.2112111554817736e-45
EX0-EX1,10,105,1.0,1.1350257987241297e-46
EX0-EX1,10,106,1.0,9.481318037731967e-47
EX0-EX1,10,107,1.0,8.250594439919964e-47
EX0-EX1,10,108,1.0,1.7301416060702155e-47
EX0-EX1,10,109,1.0,1.2243373608131713e-47
EX0-EX1,10,110,1.0,1.0902752156442433e-47
EX0-EX1,10,111,1.0,8.512016385227458e-48
EX0-EX1,10,112,1.0,8.265094929428069e-48
EX0-EX1,10,113,1.0,2.7316234583102233e-48
EX0-EX1,10,114,1.0,2.1213306986337527e-48
EX0-EX1,10,115,1.0,1.0321752469550568e-51
EX0-EX1,10,116,1.0,4.80767424617814e-52
EX0-EX1,10,117,1.0,2.6482822662628067e-52
EX0-EX1,10,118,1.0,4.1349431316201503e-53
EX0-EX1,10,119,1.0,2.632462661480412e-53
EX0-EX1,10,120,1.0,1.4076365380899968e-53
EX0-EX1,10,121,1.0,5.37630494503555e-55
EX0-EX1,10,122,1.0,4.210308437516872e-55
EX0-EX1,10,123,1.0,4.334480900480375e-56
EX0-EX1,10,124,1.0,3.2136784242748525e-56
EX0-EX1,10,125,1.0,6.968247971806816e-58
EX0-EX1,10,126,1.0,5.3617849446241825e-58
EX0-EX1,10,127,1.0,3.8067562835029255e-58
EX0-EX1,10,128,1.0,1.579103143245485e-59
EX0-EX1,10,129,1.0,1.4869085665063344e-59
EX0-EX1,10,130,1.0,1.7677195880824528e-61
EX0-EX1,10,131,1.0,5.392409339640012e-62
EX0-EX1,10,132,1.0,5.2209357493756175e-62
EX0-EX1,10,133,1.0,2.139070021107266e-62
EX0-EX1,10,134,1.0,1.6320656712297574e-62
EX0-EX1,10,135,1.0,1.198140042265323e-62
EX0-EX1,10,136,1.0,2.3818680113340097e-69
EX0-EX1,10,137,1.0,8.993802213602073e-70
EX0-EX1,10,138,1.0,6.455950040370419e-70
EX0-EX1,10,139,1.0,1.512208255153061e-72
EX0-EX1,10,140,1.0,1.4105372547562458e-72
EX0-EX1,10,141,1.0,1.199911988679888e-72
EX0-EX1,10,142,1.0,6.960280672438107e-73
EX0-EX1,10,143,1.0,5.417904445265196e-73
EX0-EX1,10,144,1.0,4.997430537311388e-74
EX0-EX1,10,145,1.0,3.8878088214568596e-74
EX0-EX1,10,146,1.0,3.0659317490052064e-74
EX0-EX1,10,147,1.0,1.671070456370816e-74
EX0-EX1,10,148,1.0,3.990884121826079e-75
EX0-EX1,10,149,1.0,3.4783876667185105e-75
EX0-EX1,10,150,1.0,3.000776971916602e-75
EX0-EX1,10,151,1.0,2.0507989285289556e-75
EX0-EX1,10,152,1.0,7.313866238704562e-76
EX0-EX1,10,153,1.0,6.452873208273638e-76
EX0-EX1,10,154,1.0,4.5259562387997483e-76
EX0-EX1,10,155,1.0,3.719206513758389e-76
EX0-EX1,10,156,1.0,3.6616228081636133e-76
EX0-EX1,10,157,1.0,1.24228609921689e-76
EX0-EX1,10,158,1.0,1.1566352681211772e-77
EX0-EX1,10,159,1.0,1.1144912359415214e-78
EX0-EX1,10,160,1.0,1.9721243505753524e-79
EX0-EX1,10,161,1.0,1.9310486357201496e-79
EX0-EX1,10,162,1.0,1.8185229361433075e-79
EX0-EX1,10,163,1.0,1.615258744118195e-79
EX0-EX1,10,164,1.0,1.5543182803514082e-79
EX0-EX1,10,165,1.0,7.592884803462101e-80
EX0-EX1,10,166,1.0,7.503955584182712e-80
EX0-EX1,10,167,1.0,1.5261982614825578e-80
EX0-EX1,10,168,1.0,4.31794378154849e-81
EX0-EX1,10,169,1.0,8.727429871092056e-87
EX0-EX1,10,170,1.0,3.783957059834528e-87
EX0-EX1,10,171,1.0,3.4446127143998137e-87
EX0-EX1,10,172,1.0,3.1773253859956824e-87
EX0-EX1,10,173,1.0,2.421704822443997e-92
EX0-EX1,10,174,1.0,1.7752126167796456e-92
EX0-EX1,10,175,1.0,4.247463315254589e-93
EX0-EX1,10,176,1.0,2.6090881828881606e-93
EX0-EX1,10,177,1.0,1.7928776159248963e-95
EX0-EX1,10,178,1.0,1.522170015029045e-96
EX0-EX1,10,179,1.0,6.232636859656095e-97
EX0-EX1,10,180,1.0,9.104210240315641e-98
EX0-EX1,10,181,1.0,6.686898869523448e-101
EX0-EX1,10,182,1.0,6.564456221512517e-101
EX0-EX1,10,183,1.0,6.51182241898742e-101
EX0-EX1,10,184,1.0,1.3075593236249874e-103
EX0-EX1,10,185,1.0,1.254731114626737e-103
EX0-EX1,10,186,1.0,5.594383142551234e-104
EX0-EX1,10,187,1.0,5.586026707826154e-104
EX0-EX1,10,188,1.0,3.429903238097507e-104
EX0-EX1,10,189,1.0,2.5222850251596554e-104
EX0-EX1,10,190,1.0,2.4222928471604124e-104
EX0-EX1,10,191,1.0,1.766219150968317e-104
EX0-EX1,10,192,1.0,1.0196179228025246e-104
EX0-EX1,10,193,1.0,2.42701167151006e-106
EX0-EX1,10,194,1.0,2.410983658758511e-106
EX0-EX1,10,195,1.0,4.261054630167166e-107
EX0-EX1,10,196,1.0,3.311577286025185e-107
EX0-EX1,10,197,1.0,2.584586215227781e-108
EX0-EX1,10,198,1.0,3.476000966293709e-109
EX0-EX1,10,199,1.0,9.992919392714315e-111
EX0-EX1,10,200,1.0,9.462083891168434e-111
EX0-EX1,15,1,0.862118964989663,0.0006524854238837862
EX0-EX1,15,2,0.9527161454068104,0.0003737376460164496
EX0-EX1,15,3,0.9826814584577446,0.00019980949466062438
EX0-EX1,15,4,0.9934194368276672,0.00010692980015748341
EX0-EX1,15,5,0.997441519665683,5.656424879564292e-05
EX0-EX1,15,6,0.999001307383614,3.0249009407005873e-05
EX0-EX1,15,7,0.9996059268936175,1.6063170449338273e-05
EX0-EX1,15,8,0.999844486730571,8.784899972219785e-06
EX0-EX1,15,9,0.9999303261716672,5.946788682037696e-06
EX0-EX1,15,10,0.9999698801269508,3.6962776174356706e-06
EX0-EX1,15,11,0.9999899418931094,1.2555091721280025e-06
EX0-EX1,15,12,0.999996507820498,4.319787809117647e-07
EX0-EX1,15,13,0.999998749197055,1.9159654210885705e-07
EX0-EX1,15,14,0.9999993443117481,1.4693147045446456e-07
EX0-EX1,15,15,0.9999997416765509,7.665632486532382e-08
EX0-EX1,15,16,0.9999999269534392,2.3022955180259354e-08
EX0-EX1,15,17,0.9999999626341494,1.4884319633237476e-08
EX0-EX1,15,18,0.999999974705361,1.296348127917089e-08
EX0-EX1,15,19,0.9999999952300282,2.1172543875415624e-09
EX0-EX1,15,20,0.999999997466042,1.689669336105419e-09
EX0-EX1,15,21,0.9999999996874808,2.0139083557301865e-10
EX0-EX1,15,22,0.9999999997450052,1.9569639340577064e-10
EX0-EX1,15,23,0.9999999998068402,1.808673690917977e-10
EX0-EX1,15,24,0.9999999999913816,6.147300799313565e-12
EX0-EX1,15,25,0.9999999999961546,2.838909530953219e-12
EX0-EX1,15,26,0.9999999999987795,1.0417914576677867e-12
EX0-EX1,15,27,0.9999999999999317,3.7512342261454666e-14
EX0-EX1,15,28,0.9999999999999636,2.4122550327052143e-14
EX0-EX1,15,29,0.9999999999999968,2.4360359773942244e-15
EX0-EX1,15,30,0.9999999999999988,9.526013454685085e-16
EX0-EX1,15,31,0.9999999999999989,8.867235632181932e-16
EX0-EX1,15,32,0.9999999999999991,7.766993377388149e-16
EX0-EX1,15,33,1.0,1.141848419882727e-17
EX0-EX1,15,34,1.0,6.545861330159187e-18
EX0-EX1,15,35,1.0,9.579804912897723e-20
EX0-EX1,15,36,1.0,4.158128319596716e-20
EX0-EX1,15,37,1.0,3.050525589228225e-20
EX0-EX1,15,38,1.0,2.8779728546190753e-21
EX0-EX1,15,39,1.0,2.0014388833814773e-21
EX0-EX1,15,40,1.0,4.416783066706266e-22
EX0-EX1,15,41,1.0,2.046428850270581e-23
EX0-EX1,15,42,1.0,1.219155902630399e-24
EX0-EX1,15,43,1.0,2.2495756243877687e-25
EX0-EX1,15,44,1.0,9.896911786287079e-26
EX0-EX1,15,45,1.0,8.559251512553653e-26
EX0-EX1,15,46,1.0,5.0239347738590343e-26
EX0-EX1,15,47,1.0,2.3889385699568156e-26
EX0-EX1,15,48,1.0,5.8656956339116146e-27
EX0-EX1,15,49,1.0,2.076099197223447e-29
EX0-EX1,15,50,1.0,2.45618303156421e-32
EX0-EX1,15,51,1.0,8.66688323104091e-33
EX0-EX1,15,52,1.0,5.8699537197409415e-33
EX0-EX1,15,53,1.0,5.5404850582268685e-34
EX0-EX1,15,54,1.0,5.144908124580438e-34
EX0-EX1,15,55,1.0,4.594924643306133e-34
EX0-EX1,15,56,1.0,1.4889959139501088e-35
EX0-EX1,15,57,1.0,1.4824610214182343e-35
EX0-EX1,15,58,1.0,4.705306173570085e-42
EX0-EX1,15,59,1.0,4.666112760940573e-42
EX0-EX1,15,60,1.0,6.316174909006246e-44
EX0-EX1,15,61,1.0,9.613567424717064e-45
EX0-EX1,15,62,1.0,3.785268863019106e-46
EX0-EX1,15,63,1.0,1.486916675303702e-47
EX0-EX1,15,64,1.0,9.841193819515489e-48
EX0-EX1,15,65,1.0,1.9446034073746847e-48
EX0-EX1,15,66,1.0,3.594381420657366e-49
EX0-EX1,15,67,1.0,2.1744962677671514e-49
EX0-EX1,15,68,1.0,2.1047799104531993e-49
EX0-EX1,15,69,1.0,1.7548889850969707e-54
EX0-EX1,15,70,1.0,1.1446415794905204e-55
EX0-EX1,15,71,1.0,1.2238643375286224e-56
EX0-EX1,15,72,1.0,5.773209197350933e-57
EX0-EX1,15,73,1.0,2.8384227363497666e-58
EX0-EX1,15,74,1.0,2.581515413575753e-61
EX0-EX1,15,75,1.0,1.3215388795288761e-61
EX0-EX1,15,76,1.0,4.869717234450881e-63
EX0-EX1,15,77,1.0,1.761122205406708e-63
EX0-EX1,15,78,1.0,6.790375883600641e-65
EX0-EX1,15,79,1.0,5.072773610777436e-69
EX0-EX1,15,80,1.0,3.8200768886845997e-69
EX0-EX1,15,81,1.0,2.035060400907158e-69
EX0-EX1,15,82,1.0,1.6634084051846548e-69
EX0-EX1,15,83,1.0,8.877781729352012e-71
EX0-EX1,15,84,1.0,8.383303535155145e-71
EX0-EX1,15,85,1.0,7.302721799207705e-71
EX0-EX1,15,86,1.0,7.242169617474429e-71
EX0-EX1,15,87,1.0,6.682903890895299e-71
EX0-EX1,15,88,1.0,2.2200967945989224e-71
EX0-EX1,15,89,1.0,1.6271799097838425e-71
EX0-EX1,15,90,1.0,1.0705759718722243e-71
EX0-EX1,15,91,1.0,2.7992643799087847e-75
EX0-EX1,15,92,1.0,3.198544841152855e-78
EX0-EX1,15,93,1.0,2.982926277118383e-78
EX0-EX1,15,94,1.0,1.2217316450347415e-78
EX0-EX1,15,95,1.0,6.925196976553021e-79
EX0-EX1,15,96,1.0,2.0570950799570836e-84
EX0-EX1,15,97,1.0,1.1465792185767526e-84
EX0-EX1,15,98,1.0,3.9496387862834584e-85
EX0-EX1,15,99,1.0,6.723424142828724e-92
EX0-EX1,15,100,1.0,6.531415868105602e-93
EX0-EX1,15,101,1.0,6.409379061676958e-93
EX0-EX1,15,102,1.0,4.620904277965564e-93
EX0-EX1,15,103,1.0,2.433100175556773e-93
EX0-EX1,15,104,1.0,3.476441170784036e-94
EX0-EX1,15,105,1.0,1.343632790767079e-96
EX0-EX1,15,106,1.0,1.1403448852348782e-96
EX0-EX1,15,107,1.0,8.375507212276354e-97
EX0-EX1,15,108,1.0,2.263404019092922e-98
EX0-EX1,15,109,1.0,9.41661557533669e-99
EX0-EX1,15,110,1.0,9.029184561923377e-99
EX0-EX1,15,111,1.0,5.182164721581059e-99
EX0-EX1,15,112,1.0,4.851647408485188e-99
EX0-EX1,15,113,1.0,4.0469740409635885e-100
EX0-EX1,15,114,1.0,2.294860432705786e-100
EX0-EX1,15,115,1.0,7.319164163736345e-108
EX0-EX1,15,116,1.0,9.918306881102294e-109
EX0-EX1,15,117,1.0,3.9233371202467684e-109
EX0-EX1,15,118,1.0,4.2211299833327865e-111
EX0-EX1,15,119,1.0,1.432476384968566e-111
EX0-EX1,15,120,1.0,5.496273972747076e-112
EX0-EX1,15,121,1.0,3.6212672330250753e-115
EX0-EX1,15,122,1.0,2.092044949978047e-115
EX0-EX1,15,123,1.0,1.2716508050377731e-117
EX0-EX1,15,124,1.0,6.497519266353698e-118
EX0-EX1,15,125,1.0,1.194351860109578e-121
EX0-EX1,15,126,1.0,6.630904321666641e-122
EX0-EX1,15,127,1.0,3.079591967126145e-122
EX0-EX1,15,128,1.0,2.431019923407103e-125
EX0-EX1,15,129,1.0,2.1239354545723716e-125
EX0-EX1,15,130,1.0,1.0134322099104034e-129
EX0-EX1,15,131,1.0,7.049087497919776e-131
EX0-EX1,15,132,1.0,6.555922028062057e-131
EX0-EX1,15,133,1.0,8.842247061443973e-132
EX0-EX1,15,134,1.0,4.817384008565724e-132
EX0-EX1,15,135,1.0,2.4067988090362265e-132
EX0-EX1,15,136,1.0,2.1477668262882852e-147
EX0-EX1,15,137,1.0,2.4178668385136672e-148
EX0-EX1,15,138,1.0,1.1483756624487842e-148
EX0-EX1,15,139,1.0,1.0931201677399585e-154
EX0-EX1,15,140,1.0,9.12151611427487e-155
EX0-EX1,15,141,1.0,8.333938697473947e-155
EX0-EX1,15,142,1.0,2.4883584530131464e-155
EX0-EX1,15,143,1.0,1.4177363095087152e-155
EX0-EX1,15,144,1.0,6.708025754166779e-158
EX0-EX1,15,145,1.0,3.8161119485472105e-158
EX0-EX1,15,146,1.0,2.237686482996295e-158
EX0-EX1,15,147,1.0,5.730993674456737e-159
EX0-EX1,15,148,1.0,2.2935380814958692e-160
EX0-EX1,15,149,1.0,1.6850505234709266e-160
EX0-EX1,15,150,1.0,1.208698521035153e-160
EX0-EX1,15,151,1.0,5.126820882257768e-161
EX0-EX1,15,152,1.0,4.970239661431059e-162
EX0-EX1,15,153,1.0,3.849931087076416e-162
EX0-EX1,15,154,1.0,2.2227587494850775e-162
EX0-EX1,15,155,1.0,0.0
EX0-EX1,15,156,1.0,0.0
EX0-EX1,15,157,1.0,0.0
EX0-EX1,15,158,1.0,0.0
EX0-EX1,15,159,1.0,0.0
EX0-EX1,15,160,1.0,0.0
EX0-EX1,15,161,1.0,0.0
EX0-EX1,15,162,1.0,0.0
EX0-EX1,15,163,1.0,0.0
EX0-EX1,15,164,1.0,0.0
EX0-EX1,15,165,1.0,0.0
EX0-EX1,15,166,1.0,0.0
EX0-EX1,15,167,1.0,0.0
EX0-EX1,15,168,1.0,0.0
EX0-EX1,15,169,1.0,0.0
EX0-EX1,15,170,1.0,0.0
EX0-EX1,15,171,1.0,0.0
EX0-EX1,15,172,1.0,0.0
EX0-EX1,15,173,1.0,0.0
EX0-EX1,15,174,1.0,0.0
EX0-EX1,15,175,1.0,0.0
EX0-EX1,15,176,1.0,0.0
EX0-EX1,15,177,1.0,0.0
EX0-EX1,15,178,1.0,0.0
EX0-EX1,15,179,1.0,0.0
EX0-EX1,15,180,1.0,0.0
EX0-EX1,15,181,1.0,0.0
EX0-EX1,15,182,1.0,0.0
EX0-EX1,15,183,1.0,0.0
EX0-EX1,15,184,1.0,0.0
EX0-EX1,15,185,1.0,0.0
EX0-EX1,15,186,1.0,0.0
EX0-EX1,15,187,1.0,0.0
EX0-EX1,15,188,1.0,0.0
EX0-EX1,15,189,1.0,0.0
EX0-EX1,15,190,1.0,0.0
EX0-EX1,15,191,1.0,0.0
EX0-EX1,15,192,1.0,0.0
EX0-EX1,15,193,1.0,0.0
EX0-EX1,15,194,1.0,0.0
EX0-EX1,15,195,1.0,0.0
EX0-EX1,15,196,1.0,0.0
EX0-EX1,15,197,1.0,0.0
EX0-EX1,15,198,1.0,0.0
EX0-EX1,15,199,1.0,0.0
EX0-EX1,15,200,1.0,0.0
EX0-EX1,20,1,0.8944791686679294,0.0005936412742948383
EX0-EX1,20,2,0.971388487165578,0.0002880595403742479
EX0-EX1,20,3,0.991730692975303,0.00013076282696970697
EX0-EX1,20,4,0.9974968392159316,6.067131952959163e-05
EX0-EX1,20,5,0.9992322097772611,2.7369305056257732e-05
EX0-EX1,20,6,0.9997609662971058,1.2780093653015925e-05
EX0-EX1,20,7,0.9999259135843834,5.9514719577644594e-06
EX0-EX1,20,8,0.9999762233573697,2.9332481726347766e-06
EX0-EX1,20,9,0.9999895603056116,2.1093169381670346e-06
EX0-EX1,20,10,0.9999958821873677,1.2849009682335148e-06
EX0-EX1,20,11,0.9999993099472257,2.121673658337472e-07
EX0-EX1,20,12,0.9999998812879449,2.754192009491306e-08
EX0-EX1,20,13,0.9999999727438185,9.444897985435004e-09
EX0-EX1,20,14,0.9999999847397999,7.958470695156095e-09
EX0-EX1,20,15,0.9999999952859593,2.7507647771647536e-09
EX0-EX1,20,16,0.9999999994056105,3.3125594161088426e-10
EX0-EX1,20,17,0.9999999997400978,1.934339148260589e-10
EX0-EX1,20,18,0.9999999998015929,1.570684670015877e-10
EX0-EX1,20,19,0.9999999999909274,6.100079275729658e-12
EX0-EX1,20,20,0.999999999994397,4.900648417617683e-12
EX0-EX1,20,21,0.9999999999998634,1.2635139570486923e-13
EX0-EX1,20,22,0.9999999999998723,1.222533303916097e-13
EX0-EX1,20,23,0.999999999999891,1.0868221339145073e-13
EX0-EX1,20,24,0.9999999999999997,2.9040172617590247e-16
EX0-EX1,20,25,0.9999999999999999,7.479423447034832e-17
EX0-EX1,20,26,1.0,1.3142425245061875e-17
EX0-EX1,20,27,1.0,2.880218112146278e-20
EX0-EX1,20,28,1.0,1.3865708604723798e-20
EX0-EX1,20,29,1.0,3.0463774548486963e-22
EX0-EX1,20,30,1.0,5.885471745158082e-23
EX0-EX1,20,31,1.0,5.1922677187363554e-23
EX0-EX1,20,32,1.0,4.1663266825112886e-23
EX0-EX1,20,33,1.0,1.8958314973906106e-26
EX0-EX1,20,34,1.0,8.772048582462317e-27
EX0-EX1,20,35,1.0,4.966373773562912e-30
EX0-EX1,20,36,1.0,9.527525567880464e-31
EX0-EX1,20,37,1.0,7.0950315279805265e-31
EX0-EX1,20,38,1.0,1.0485970932568321e-32
EX0-EX1,20,39,1.0,5.775547373814439e-33
EX0-EX1,20,40,1.0,3.989841093900959e-34
EX0-EX1,20,41,1.0,1.6962754141929974e-36
EX0-EX1,20,42,1.0,1.1577094847549206e-38
EX0-EX1,20,43,1.0,5.6365161191895376e-40
EX0-EX1,20,44,1.0,1.1459793545103347e-40
EX0-EX1,20,45,1.0,9.075507667237507e-41
EX0-EX1,20,46,1.0,3.2502014084605494e-41
EX0-EX1,20,47,1.0,8.720322534444161e-42
EX0-EX1,20,48,1.0,7.710927709664684e-43
EX0-EX1,20,49,1.0,4.339599609912181e-47
EX0-EX1,20,50,1.0,2.8461386003785353e-52
EX0-EX1,20,51,1.0,4.496428043750987e-53
EX0-EX1,20,52,1.0,2.2546582461938632e-53
EX0-EX1,20,53,1.0,3.443536879686503e-55
EX0-EX1,20,54,1.0,3.020003348763698e-55
EX0-EX1,20,55,1.0,2.4718128552176567e-55
EX0-EX1,20,56,1.0,5.6748380886178994e-58
EX0-EX1,20,57,1.0,5.630778467605531e-58
EX0-EX1,20,58,1.0,1.7028465052463552e-69
EX0-EX1,20,59,1.0,1.678363680201038e-69
EX0-EX1,20,60,1.0,7.421975750378247e-73
EX0-EX1,20,61,1.0,2.88532810429383e-74
EX0-EX1,20,62,1.0,9.332895719244155e-77
EX0-EX1,20,63,1.0,2.727790966220331e-79
EX0-EX1,20,64,1.0,1.4419625227627984e-79
EX0-EX1,20,65,1.0,8.022215003402619e-81
EX0-EX1,20,66,1.0,4.0696144850352286e-82
EX0-EX1,20,67,1.0,1.6687033245242643e-82
EX0-EX1,20,68,1.0,1.5749807390956595e-82
EX0-EX1,20,69,1.0,1.3489391696495623e-91
EX0-EX1,20,70,1.0,9.68557600613229e-94
EX0-EX1,20,71,1.0,2.0893560340421053e-95
EX0-EX1,20,72,1.0,6.043018607258137e-96
EX0-EX1,20,73,1.0,2.821172702134332e-98
EX0-EX1,20,74,1.0,1.1511899196376322e-103
EX0-EX1,20,75,1.0,3.519807809235446e-104
EX0-EX1,20,76,1.0,9.809179946711492e-107
EX0-EX1,20,77,1.0,1.653134329300113e-107
EX0-EX1,20,78,1.0,5.1148159651874106e-110
EX0-EX1,20,79,1.0,1.8127204507835557e-117
EX0-EX1,20,80,1.0,1.0606163184155721e-117
EX0-EX1,20,81,1.0,4.3159304938160605e-118
EX0-EX1,20,82,1.0,3.3453631858379463e-118
EX0-EX1,20,83,1.0,1.8397790488284168e-120
EX0-EX1,20,84,1.0,1.6617584843887645e-120
EX0-EX1,20,85,1.0,1.3019395609754401e-120
EX0-EX1,20,86,1.0,1.283034217420113e-120
EX0-EX1,20,87,1.0,1.1124667853210023e-120
EX0-EX1,20,88,1.0,1.5727711906790202e-121
EX0-EX1,20,89,1.0,9.060780939540319e-122
EX0-EX1,20,90,1.0,4.3092607188587176e-122
EX0-EX1,20,91,1.0,1.8809382718138232e-128
EX0-EX1,20,92,1.0,1.1246896626533228e-133
EX0-EX1,20,93,1.0,9.936179998927059e-134
EX0-EX1,20,94,1.0,2.0367625488120709e-134
EX0-EX1,20,95,1.0,7.433858653622961e-135
EX0-EX1,20,96,1.0,1.1415603192064396e-144
EX0-EX1,20,97,1.0,4.043494381878269e-145
EX0-EX1,20,98,1.0,6.094130379686628e-146
EX0-EX1,20,99,1.0,5.822257461321153e-158
EX0-EX1,20,100,1.0,9.265012007838721e-160
EX0-EX1,20,101,1.0,8.96025454520397e-160
EX0-EX1,20,102,1.0,5.0122593733147474e-160
EX0-EX1,20,103,1.0,1.6043945944912974e-160
EX0-EX1,20,104,1.0,4.970239661431059e-162
EX0-EX1,20,105,1.0,0.0
EX0-EX1,20,106,1.0,0.0
EX0-EX1,20,107,1.0,0.0
EX0-EX1,20,108,1.0,0.0
EX0-EX1,20,109,1.0,0.0
EX0-EX1,20,110,1.0,0.0
EX0-EX1,20,111,1.0,0.0
EX0-EX1,20,112,1.0,0.0
EX0-EX1,20,113,1.0,0.0
EX0-EX1,20,114,1.0,0.0
EX0-EX1,20,115,1.0,0.0
EX0-EX1,20,116,1.0,0.0
EX0-EX1,20,117,1.0,0.0
EX0-EX1,20,118,1.0,0.0
EX0-EX1,20,119,1.0,0.0
EX0-EX1,20,120,1.0,0.0
EX0-EX1,20,121,1.0,0.0
EX0-EX1,20,122,1.0,0.0
EX0-EX1,20,123,1.0,0.0
EX0-EX1,20,124,1.0,0.0
EX0-EX1,20,125,1.0,0.0
EX0-EX1,20,126,1.0,0.0
EX0-EX1,20,127,1.0,0.0
EX0-EX1,20,128,1.0,0.0
EX0-EX1,20,129,1.0,0.0
EX0-EX1,20,130,1.0,0.0
EX0-EX1,20,131,1.0,0.0
EX0-EX1,20,132,1.0,0.0
EX0-EX1,20,133,1.0,0.0
EX0-EX1,20,134,1.0,0.0
EX0-EX1,20,135,1.0,0.0
EX0-EX1,20,136,1.0,0.0
EX0-EX1,20,137,1.0,0.0
EX0-EX1,20,138,1.0,0.0
EX0-EX1,20,139,1.0,0.0
EX0-EX1,20,140,1.0,0.0
EX0-EX1,20,141,1.0,0.0
EX0-EX1,20,142,1.0,0.0
EX0-EX1,20,143,1.0,0.0
EX0-EX1,20,144,1.0,0.0
EX0-EX1,20,145,1.0,0.0
EX0-EX1,20,146,1.0,0.0
EX0-EX1,20,147,1.0,0.0
EX0-EX1,20,148,1.0,0.0
EX0-EX1,20,149,1.0,0.0
EX0-EX1,20,150,1.0,0.0
EX0-EX1,20,151,1.0,0.0
EX0-EX1,20,152,1.0,0.0
EX0-EX1,20,153,1.0,0.0
EX0-EX1,20,154,1.0,0.0
EX0-EX1,20,155,1.0,0.0
EX0-EX1,20,156,1.0,0.0
EX0-EX1,20,157,1.0,0.0
EX0-EX1,20,158,1.0,0.0
EX0-EX1,20,159,1.0,0.0
EX0-EX1,20,160,1.0,0.0
EX0-EX1,20,161,1.0,0.0
EX0-EX1,20,162,1.0,0.0
EX0-EX1,20,163,1.0,0.0
EX0-EX1,20,164,1.0,0.0
EX0-EX1,20,165,1.0,0.0
EX0-EX1,20,166,1.0,0.0
EX0-EX1,20,167,1.0,0.0
EX0-EX1,20,168,1.0,0.0
EX0-EX1,20,169,1.0,0.0
EX0-EX1,20,170,1.0,0.0
EX0-EX1,20,171,1.0,0.0
EX0-EX1,20,172,1.0,0.0
EX0-EX1,20,173,1.0,0.0
EX0-EX1,20,174,1.0,0.0
EX0-EX1,20,175,1.0,0.0
EX0-EX1,20,176,1.0,0.0
EX0-EX1,20,177,1.0,0.0
EX0-EX1,20,178,1.0,0.0
EX0-EX1,20,179,1.0,0.0
EX0-EX1,20,180,1.0,0.0
EX0-EX1,20,181,1.0,0.0
EX0-EX1,20,182,1.0,0.0
EX0-EX1,20,183,1.0,0.0
EX0-EX1,20,184,1.0,0.0
EX0-EX1,20,185,1.0,0.0
EX0-EX1,20,186,1.0,0.0
EX0-EX1,20,187,1.0,0.0
EX0-EX1,20,188,1.0,0.0
EX0-EX1,20,189,1.0,0.0
EX0-EX1,20,190,1.0,0.0
EX0-EX1,20,191,1.0,0.0
EX0-EX1,20,192,1.0,0.0
EX0-EX1,20,193,1.0,0.0
EX0-EX1,20,194,1.0,0.0
EX0-EX1,20,195,1.0,0.0
EX0-EX1,20,196,1.0,0.0
EX0-EX1,20,197,1.0,0.0
EX0-EX1,20,198,1.0,0.0
EX0-EX1,20,199,1.0,0.0
EX0-EX1,20,200,1.0,0.0
EX0-EX1,30,1,0.9323100210648113,0.0004863800965748527
EX0-EX1,30,2,0.9875222423402665,0.00018066564515139972
EX0-EX1,30,3,0.9975910201737448,6.301329411222285e-05
EX0-EX1,30,4,0.9994947424092032,2.3263791135414765e-05
EX0-EX1,30,5,0.9998983874513226,8.287528911605699e-06
EX0-EX1,30,6,0.9999780484654253,3.013684987412137e-06
EX0-EX1,30,7,0.9999952963823171,1.1688142127571558e-06
EX0-EX1,30,8,0.9999988664755479,4.375500506706487e-07
EX0-EX1,30,9,0.9999994087350356,2.9195329769164694e-07
EX0-EX1,30,10,0.9999997808002709,1.6649670509585234e-07
EX0-EX1,30,11,0.9999999948618138,4.043679977678854e-09
EX0-EX1,30,12,0.9999999999399781,2.676608311024131e-11
EX0-EX1,30,13,0.9999999999934515,5.51912328489127e-12
EX0-EX1,30,14,0.999999999995264,4.527655785825979e-12
EX0-EX1,30,15,0.9999999999995309,4.380823574495683e-13
EX0-EX1,30,16,0.9999999999999956,3.1122752507658966e-15
EX0-EX1,30,17,0.9999999999999986,1.414279367090382e-15
EX0-EX1,30,18,0.9999999999999991,9.016490007948523e-16
EX0-EX1,30,19,1.0,6.698340688218602e-19
EX0-EX1,30,20,1.0,4.44576220929613e-19
EX0-EX1,30,21,1.0,1.3821356858684647e-22
EX0-EX1,30,22,1.0,1.2859691348457815e-22
EX0-EX1,30,23,1.0,9.918342240025105e-23
EX0-EX1,30,24,1.0,1.9202518010726379e-28
EX0-EX1,30,25,1.0,9.388537941998392e-30
EX0-EX1,30,26,1.0,1.957964336342311e-31
EX0-EX1,30,27,1.0,1.5861532684450897e-37
EX0-EX1,30,28,1.0,3.2739283421483463e-38
EX0-EX1,30,29,1.0,8.970232589388622e-42
EX0-EX1,30,30,1.0,2.283844577616962e-43
EX0-EX1,30,31,1.0,1.7261658150279848e-43
EX0-EX1,30,32,1.0,1.0560670796894953e-43
EX0-EX1,30,33,1.0,2.6300903061961294e-51
EX0-EX1,30,34,1.0,6.3162304009099264e-52
EX0-EX1,30,35,1.0,3.40211784397508e-59
EX0-EX1,30,36,1.0,6.144373966724997e-61
EX0-EX1,30,37,1.0,4.420647531525829e-61
EX0-EX1,30,38,1.0,3.4954402360619872e-65
EX0-EX1,30,39,1.0,9.254249977111601e-66
EX0-EX1,30,40,1.0,2.3245919090880444e-68
EX0-EX1,30,41,1.0,1.1262059389670839e-73
EX0-EX1,30,42,1.0,1.572201199099332e-78
EX0-EX1,30,43,1.0,1.7830993181830382e-81
EX0-EX1,30,44,1.0,4.314602701228156e-83
EX0-EX1,30,45,1.0,2.630537436713408e-83
EX0-EX1,30,46,1.0,1.9637143747638445e-84
EX0-EX1,30,47,1.0,1.0259407349980643e-85
EX0-EX1,30,48,1.0,5.659741521307509e-88
EX0-EX1,30,49,1.0,2.0026759484148374e-97
EX0-EX1,30,50,1.0,4.696516979756998e-109
EX0-EX1,30,51,1.0,7.470124320789857e-111
EX0-EX1,30,52,1.0,1.586850441000153e-111
EX0-EX1,30,53,1.0,1.3323231459252972e-115
EX0-EX1,30,54,1.0,9.923868278665582e-116
EX0-EX1,30,55,1.0,6.330383092495034e-116
EX0-EX1,30,56,1.0,7.546272331594539e-122
EX0-EX1,30,57,1.0,7.415388096789461e-122
EX0-EX1,30,58,1.0,1.0139595009614238e-147
EX0-EX1,30,59,1.0,9.815154157497305e-148
EX0-EX1,30,60,1.0,2.791113305359551e-155
EX0-EX1,30,61,1.0,1.954404273047067e-158
EX0-EX1,30,62,1.0,0.0
EX0-EX1,30,63,1.0,0.0
EX0-EX1,30,64,1.0,0.0
EX0-EX1,30,65,1.0,0.0
EX0-EX1,30,66,1.0,0.0
EX0-EX1,30,67,1.0,0.0
EX0-EX1,30,68,1.0,0.0
EX0-EX1,30,69,1.0,0.0
EX0-EX1,30,70,1.0,0.0
EX0-EX1,30,71,1.0,0.0
EX0-EX1,30,72,1.0,0.0
EX0-EX1,30,73,1.0,0.0
EX0-EX1,30,74,1.0,0.0
EX0-EX1,30,75,1.0,0.0
EX0-EX1,30,76,1.0,0.0
EX0-EX1,30,77,1.0,0.0
EX0-EX1,30,78,1.0,0.0
EX0-EX1,30,79,1.0,0.0
EX0-EX1,30,80,1.0,0.0
EX0-EX1,30,81,1.0,0.0
EX0-EX1,30,82,1.0,0.0
EX0-EX1,30,83,1.0,0.0
EX0-EX1,30,84,1.0,0.0
EX0-EX1,30,85,1.0,0.0
EX0-EX1,30,86,1.0,0.0
EX0-EX1,30,87,1.0,0.0
EX0-EX1,30,88,1.0,0.0
EX0-EX1,30,89,1.0,0.0
EX0-EX1,30,90,1.0,0.0
EX0-EX1,30,91,1.0,0.0
EX0-EX1,30,92,1.0,0.0
EX0-EX1,30,93,1.0,0.0
EX0-EX1,30,94,1.0,0.0
EX0-EX1,30,95,1.0,0.0
EX0-EX1,30,96,1.0,0.0
EX0-EX1,30,97,1.0,0.0
EX0-EX1,30,98,1.0,0.0
EX0-EX1,30,99,1.0,0.0
EX0-EX1,30,100,1.0,0.0
EX0-EX1,30,101,1.0,0.0
EX0-EX1,30,102,1.0,0.0
EX0-EX1,30,103,1.0,0.0
EX0-EX1,30,104,1.0,0.0
EX0-EX1,30,105,1.0,0.0
EX0-EX1,30,106,1.0,0.0
EX0-EX1,30,107,1.0,0.0
EX0-EX1,30,108,1.0,0.0
EX0-EX1,30,109,1.0,0.0
EX0-EX1,30,110,1.0,0.0
EX0-EX1,30,111,1.0,0.0
EX0-EX1,30,112,1.0,0.0
EX0-EX1,30,113,1.0,0.0
EX0-EX1,30,114,1.0,0.0
EX0-EX1,30,115,1.0,0.0
EX0-EX1,30,116,1.0,0.0
EX0-EX1,30,117,1.0,0.0
EX0-EX1,30,118,1.0,0.0
EX0-EX1,30,119,1.0,0.0
EX0-EX1,30,120,1.0,0.0
EX0-EX1,30,121,1.0,0.0
EX0-EX1,30,122,1.0,0.0
EX0-EX1,30,123,1.0,0.0
EX0-EX1,30,124,1.0,0.0
EX0-EX1,30,125,1.0,0.0
EX0-EX1,30,126,1.0,0.0
EX0-EX1,30,127,1.0,0.0
EX0-EX1,30,128,1.0,0.0
EX0-EX1,30,129,1.0,0.0
EX0-EX1,30,130,1.0,0.0
EX0-EX1,30,131,1.0,0.0
EX0-EX1,30,132,1.0,0.0
EX0-EX1,30,133,1.0,0.0
EX0-EX1,30,134,1.0,0.0
EX0-EX1,30,135,1.0,0.0
EX0-EX1,30,136,1.0,0.0
EX0-EX1,30,137,1.0,0.0
EX0-EX1,30,138,1.0,0.0
EX0-EX1,30,139,1.0,0.0
EX0-EX1,30,140,1.0,0.0
EX0-EX1,30,141,1.0,0.0
EX0-EX1,30,142,1.0,0.0
EX0-EX1,30,143,1.0,0.0
EX0-EX1,30,144,1.0,0.0
EX0-EX1,30,145,1.0,0.0
EX0-EX1,30,146,1.0,0.0
EX0-EX1,30,147,1.0,0.0
EX0-EX1,30,148,1.0,0.0
EX0-EX1,30,149,1.0,0.0
EX0-EX1,30,150,1.0,0.0
EX0-EX1,30,151,1.0,0.0
EX0-EX1,30,152,1.0,0.0
EX0-EX1,30,153,1.0,0.0
EX0-EX1,30,154,1.0,0.0
EX0-EX1,30,155,1.0,0.0
EX0-EX1,30,156,1.0,0.0
EX0-EX1,30,157,1.0,0.0
EX0-EX1,30,158,1.0,0.0
EX0-EX1,30,159,1.0,0.0
EX0-EX1,30,160,1.0,0.0
EX0-EX1,30,161,1.0,0.0
EX0-EX1,30,162,1.0,0.0
EX0-EX1,30,163,1.0,0.0
EX0-EX1,30,164,1.0,0.0
EX0-EX1,30,165,1.0,0.0
EX0-EX1,30,166,1.0,0.0
EX0-EX1,30,167,1.0,0.0
EX0-EX1,30,168,1.0,0.0
EX0-EX1,30,169,1.0,0.0
EX0-EX1,30,170,1.0,0.0
EX0-EX1,30,171,1.0,0.0
EX0-EX1,30,172,1.0,0.0
EX0-EX1,30,173,1.0,0.0
EX0-EX1,30,174,1.0,0.0
EX0-EX1,30,175,1.0,0.0
EX0-EX1,30,176,1.0,0.0
EX0-EX1,30,177,1.0,0.0
EX0-EX1,30,178,1.0,0.0
EX0-EX1,30,179,1.0,0.0
EX0-EX1,30,180,1.0,0.0
EX0-EX1,30,181,1.0,0.0
EX0-EX1,30,182,1.0,0.0
EX0-EX1,30,183,1.0,0.0
EX0-EX1,30,184,1.0,0.0
EX0-EX1,30,185,1.0,0.0
EX0-EX1,30,186,1.0,0.0
EX0-EX1,30,187,1.0,0.0
EX0-EX1,30,188,1.0,0.0
EX0-EX1,30,189,1.0,0.0
EX0-EX1,30,190,1.0,0.0
EX0-EX1,30,191,1.0,0.0
EX0-EX1,30,192,1.0,0.0
EX0-EX1,30,193,1.0,0.0
EX0-EX1,30,194,1.0,0.0
EX0-EX1,30,195,1.0,0.0
EX0-EX1,30,196,1.0,0.0
EX0-EX1,30,197,1.0,0.0
EX0-EX1,30,198,1.0,0.0
EX0-EX1,30,199,1.0,0.0
EX0-EX1,30,200,1.0,0.0
EX0-EX1,50,1,0.9663416224467092,0.0003349483295513513
EX0-EX1,50,2,0.9965856314905462,8.246275905351583e-05
EX0-EX1,50,3,0.9996514364187072,1.930122581080602e-05
EX0-EX1,50,4,0.9999588790228435,4.591737726247494e-06
EX0-EX1,50,5,0.999995393666433,1.258952941753821e-06
EX0-EX1,50,6,0.9999995149690764,1.8656706452738476e-07
EX0-EX1,50,7,0.9999999402193422,3.228455117289621e-08
EX0-EX1,50,8,0.9999999939085341,4.908503120127436e-09
EX0-EX1,50,9,0.9999999977116193,1.983652065272352e-09
EX0-EX1,50,10,0.9999999993620271,6.308854641505978e-10
EX0-EX1,50,11,0.9999999999999636,3.620910781206409e-14
EX0-EX1,50,12,1.0,2.639084745366548e-20
EX0-EX1,50,13,1.0,7.024525394630149e-22
EX0-EX1,50,14,1.0,4.1376453132843105e-22
EX0-EX1,50,15,1.0,7.179433727576646e-25
EX0-EX1,50,16,1.0,5.52600747267615e-31
EX0-EX1,50,17,1.0,1.125852484282846e-31
EX0-EX1,50,18,1.0,3.282827399418356e-32
EX0-EX1,50,19,1.0,8.503111953902533e-41
EX0-EX1,50,20,1.0,2.7639611133329503e-41
EX0-EX1,50,21,1.0,6.16874737955383e-51
EX0-EX1,50,22,1.0,5.057358727069655e-51
EX0-EX1,50,23,1.0,2.472984891545329e-51
EX0-EX1,50,24,1.0,4.33486883978461e-67
EX0-EX1,50,25,1.0,1.0421381032485796e-70
EX0-EX1,50,26,1.0,2.3741293018558995e-75
EX0-EX1,50,27,1.0,2.5261429553133215e-92
EX0-EX1,50,28,1.0,3.6561900050587016e-94
EX0-EX1,50,29,1.0,6.13965458527428e-104
EX0-EX1,50,30,1.0,2.381653829238174e-108
EX0-EX1,50,31,1.0,1.0974985395578835e-108
EX0-EX1,50,32,1.0,2.81741323713118e-109
EX0-EX1,50,33,1.0,2.171610206355894e-130
EX0-EX1,50,34,1.0,4.830460465128274e-132
EX0-EX1,50,35,1.0,3.548642663534327e-152
EX0-EX1,50,36,1.0,4.326378129844368e-157
EX0-EX1,50,37,1.0,2.1085097507840347e-157
EX0-EX1,50,38,1.0,0.0
EX0-EX1,50,39,1.0,0.0
EX0-EX1,50,40,1.0,0.0
EX0-EX1,50,41,1.0,0.0
EX0-EX1,50,42,1.0,0.0
EX0-EX1,50,43,1.0,0.0
EX0-EX1,50,44,1.0,0.0
EX0-EX1,50,45,1.0,0.0
EX0-EX1,50,46,1.0,0.0
EX0-EX1,50,47,1.0,0.0
EX0-EX1,50,48,1.0,0.0
EX0-EX1,50,49,1.0,0.0
EX0-EX1,50,50,1.0,0.0
EX0-EX1,50,51,1.0,0.0
EX0-EX1,50,52,1.0,0.0
EX0-EX1,50,53,1.0,0.0
EX0-EX1,50,54,1.0,0.0
EX0-EX1,50,55,1.0,0.0
EX0-EX1,50,56,1.0,0.0
EX0-EX1,50,57,1.0,0.0
EX0-EX1,50,58,1.0,0.0
EX0-EX1,50,59,1.0,0.0
EX0-EX1,50,60,1.0,0.0
EX0-EX1,50,61,1.0,0.0
EX0-EX1,50,62,1.0,0.0
EX0-EX1,50,63,1.0,0.0
EX0-EX1,50,64,1.0,0.0
EX0-EX1,50,65,1.0,0.0
EX0-EX1,50,66,1.0,0.0
EX0-EX1,50,67,1.0,0.0
EX0-EX1,50,68,1.0,0.0
EX0-EX1,50,69,1.0,0.0
EX0-EX1,50,70,1.0,0.0
EX0-EX1,50,71,1.0,0.0
EX0-EX1,50,72,1.0,0.0
EX0-EX1,50,73,1.0,0.0
EX0-EX1,50,74,1.0,0.0
EX0-EX1,50,75,1.0,0.0
EX0-EX1,50,76,1.0,0.0
EX0-EX1,50,77,1.0,0.0
EX0-EX1,50,78,1.0,0.0
EX0-EX1,50,79,1.0,0.0
EX0-EX1,50,80,1.0,0.0
EX0-EX1,50,81,1.0,0.0
EX0-EX1,50,82,1.0,0.0
EX0-EX1,50,83,1.0,0.0
EX0-EX1,50,84,1.0,0.0
EX0-EX1,50,85,1.0,0.0
EX0-EX1,50,86,1.0,0.0
EX0-EX1,50,87,1.0,0.0
EX0-EX1,50,88,1.0,0.0
EX0-EX1,50,89,1.0,0.0
EX0-EX1,50,90,1.0,0.0
EX0-EX1,50,91,1.0,0.0
EX0-EX1,50,92,1.0,0.0
EX0-EX1,50,93,1.0,0.0
EX0-EX1,50,94,1.0,0.0
EX0-EX1,50,95,1.0,0.0
EX0-EX1,50,96,1.0,0.0
EX0-EX1,50,97,1.0,0.0
EX0-EX1,50,98,1.0,0.0
EX0-EX1,50,99,1.0,0.0
EX0-EX1,50,100,1.0,0.0
EX0-EX1,50,101,1.0,0.0
EX0-EX1,50,102,1.0,0.0
EX0-EX1,50,103,1.0,0.0
EX0-EX1,50,104,1.0,0.0
EX0-EX1,50,105,1.0,0.0
EX0-EX1,50,106,1.0,0.0
EX0-EX1,50,107,1.0,0.0
EX0-EX1,50,108,1.0,0.0
EX0-EX1,50,109,1.0,0.0
EX0-EX1,50,110,1.0,0.0
EX0-EX1,50,111,1.0,0.0
EX0-EX1,50,112,1.0,0.0
EX0-EX1,50,113,1.0,0.0
EX0-EX1,50,114,1.0,0.0
EX0-EX1,50,115,1.0,0.0
EX0-EX1,50,116,1.0,0.0
EX0-EX1,50,117,1.0,0.0
EX0-EX1,50,118,1.0,0.0
EX0-EX1,50,119,1.0,0.0
EX0-EX1,50,120,1.0,0.0
EX0-EX1,50,121,1.0,0.0
EX0-EX1,50,122,1.0,0.0
EX0-EX1,50,123,1.0,0.0
EX0-EX1,50,124,1.0,0.0
EX0-EX1,50,125,1.0,0.0
EX0-EX1,50,126,1.0,0.0
EX0-EX1,50,127,1.0,0.0
EX0-EX1,50,128,1.0,0.0
EX0-EX1,50,129,1.0,0.0
EX0-EX1,50,130,1.0,0.0
EX0-EX1,50,131,1.0,0.0
EX0-EX1,50,132,1.0,0.0
EX0-EX1,50,133,1.0,0.0
EX0-EX1,50,134,1.0,0.0
EX0-EX1,50,135,1.0,0.0
EX0-EX1,50,136,1.0,0.0
EX0-EX1,50,137,1.0,0.0
EX0-EX1,50,138,1.0,0.0
EX0-EX1,50,139,1.0,0.0
EX0-EX1,50,140,1.0,0.0
EX0-EX1,50,141,1.0,0.0
EX0-EX1,50,142,1.0,0.0
EX0-EX1,50,143,1.0,0.0
EX0-EX1,50,144,1.0,0.0
EX0-EX1,50,145,1.0,0.0
EX0-EX1,50,146,1.0,0.0
EX0-EX1,50,147,1.0,0.0
EX0-EX1,50,148,1.0,0.0
EX0-EX1,50,149,1.0,0.0
EX0-EX1,50,150,1.0,0.0
EX0-EX1,50,151,1.0,0.0
EX0-EX1,50,152,1.0,0.0
EX0-EX1,50,153,1.0,0.0
EX0-EX1,50,154,1.0,0.0
EX0-EX1,50,155,1.0,0.0
EX0-EX1,50,156,1.0,0.0
EX0-EX1,50,157,1.0,0.0
EX0-EX1,50,158,1.0,0.0
EX0-EX1,50,159,1.0,0.0
EX0-EX1,50,160,1.0,0.0
EX0-EX1,50,161,1.0,0.0
EX0-EX1,50,162,1.0,0.0
EX0-EX1,50,163,1.0,0.0
EX0-EX1,50,164,1.0,0.0
EX0-EX1,50,165,1.0,0.0
EX0-EX1,50,166,1.0,0.0
EX0-EX1,50,167,1.0,0.0
EX0-EX1,50,168,1.0,0.0
EX0-EX1,50,169,1.0,0.0
EX0-EX1,50,170,1.0,0.0
EX0-EX1,50,171,1.0,0.0
EX0-EX1,50,172,1.0,0.0
EX0-EX1,50,173,1.0,0.0
EX0-EX1,50,174,1.0,0.0
EX0-EX1,50,175,1.0,0.0
EX0-EX1,50,176,1.0,0.0
EX0-EX1,50,177,1.0,0.0
EX0-EX1,50,178,1.0,0.0
EX0-EX1,50,179,1.0,0.0
EX0-EX1,50,180,1.0,0.0
EX0-EX1,50,181,1.0,0.0
EX0-EX1,50,182,1.0,0.0
EX0-EX1,50,183,1.0,0.0
EX0-EX1,50,184,1.0,0.0
EX0-EX1,50,185,1.0,0.0
EX0-EX1,50,186,1.0,0.0
EX0-EX1,50,187,1.0,0.0
EX0-EX1,50,188,1.0,0.0
EX0-EX1,50,189,1.0,0.0
EX0-EX1,50,190,1.0,0.0
EX0-EX1,50,191,1.0,0.0
EX0-EX1,50,192,1.0,0.0
EX0-EX1,50,193,1.0,0.0
EX0-EX1,50,194,1.0,0.0
EX0-EX1,50,195,1.0,0.0
EX0-EX1,50,196,1.0,0.0
EX0-EX1,50,197,1.0,0.0
EX0-EX1,50,198,1.0,0.0
EX0-EX1,50,199,1.0,0.0
EX0-EX1,50,200,1.0,0.0
EX0-EX1,80,1,0.9852999966763273,0.00020836616612098313
EX0-EX1,80,2,0.9992702946439868,3.19290794886806e-05
EX0-EX1,80,3,0.9999645701373671,4.901915347761513e-06
EX0-EX1,80,4,0.9999983319466025,4.143647803179019e-07
EX0-EX1,80,5,0.9999998862236295,7.668202054702831e-08
EX0-EX1,80,6,0.9999999986818051,9.174345762625933e-10
EX0-EX1,80,7,0.9999999999799489,1.4319232924646934e-11
EX0-EX1,80,8,0.9999999999997614,2.3597615302989217e-13
EX0-EX1,80,9,0.9999999999999741,2.5820064187447783e-14
EX0-EX1,80,10,0.9999999999999984,1.53814021556329e-15
EX0-EX1,80,11,1.0,3.691287003978301e-26
EX0-EX1,80,12,1.0,9.269294764685407e-42
EX0-EX1,80,13,1.0,1.113705956931013e-45
EX0-EX1,80,14,1.0,2.9051813129537596e-46
EX0-EX1,80,15,1.0,2.8142372975842913e-53
EX0-EX1,80,16,1.0,5.374137501005698e-69
EX0-EX1,80,17,1.0,1.3612693412710502e-70
EX0-EX1,80,18,1.0,5.898604434825254e-72
EX0-EX1,80,19,1.0,7.675856141071001e-94
EX0-EX1,80,20,1.0,4.369810715180433e-95
EX0-EX1,80,21,1.0,1.0357129437606164e-119
EX0-EX1,80,22,1.0,6.2378093453701e-120
EX0-EX1,80,23,1.0,1.0045523060116953e-120
EX0-EX1,80,24,1.0,5.851388660548741e-161
EX0-EX1,80,25,1.0,0.0
EX0-EX1,80,26,1.0,0.0
EX0-EX1,80,27,1.0,0.0
EX0-EX1,80,28,1.0,0.0
EX0-EX1,80,29,1.0,0.0
EX0-EX1,80,30,1.0,0.0
EX0-EX1,80,31,1.0,0.0
EX0-EX1,80,32,1.0,0.0
EX0-EX1,80,33,1.0,0.0
EX0-EX1,80,34,1.0,0.0
EX0-EX1,80,35,1.0,0.0
EX0-EX1,80,36,1.0,0.0
EX0-EX1,80,37,1.0,0.0
EX0-EX1,80,38,1.0,0.0
EX0-EX1,80,39,1.0,0.0
EX0-EX1,80,40,1.0,0.0
EX0-EX1,80,41,1.0,0.0
EX0-EX1,80,42,1.0,0.0
EX0-EX1,80,43,1.0,0.0
EX0-EX1,80,44,1.0,0.0
EX0-EX1,80,45,1.0,0.0
EX0-EX1,80,46,1.0,0.0
EX0-EX1,80,47,1.0,0.0
EX0-EX1,80,48,1.0,0.0
EX0-EX1,80,49,1.0,0.0
EX0-EX1,80,50,1.0,0.0
EX0-EX1,80,51,1.0,0.0
EX0-EX1,80,52,1.0,0.0
EX0-EX1,80,53,1.0,0.0
EX0-EX1,80,54,1.0,0.0
EX0-EX1,80,55,1.0,0.0
EX0-EX1,80,56,1.0,0.0
EX0-EX1,80,57,1.0,0.0
EX0-EX1,80,58,1.0,0.0
EX0-EX1,80,59,1.0,0.0
EX0-EX1,80,60,1.0,0.0
EX0-EX1,80,61,1.0,0.0
EX0-EX1,80,62,1.0,0.0
EX0-EX1,80,63,1.0,0.0
EX0-EX1,80,64,1.0,0.0
EX0-EX1,80,65,1.0,0.0
EX0-EX1,80,66,1.0,0.0
EX0-EX1,80,67,1.0,0.0
EX0-EX1,80,68,1.0,0.0
EX0-EX1,80,69,1.0,0.0
EX0-EX1,80,70,1.0,0.0
EX0-EX1,80,71,1.0,0.0
EX0-EX1,80,72,1.0,0.0
EX0-EX1,80,73,1.0,0.0
EX0-EX1,80,74,1.0,0.0
EX0-EX1,80,75,1.0,0.0
EX0-EX1,80,76,1.0,0.0
EX0-EX1,80,77,1.0,0.0
EX0-EX1,80,78,1.0,0.0
EX0-EX1,80,79,1.0,0.0
EX0-EX1,80,80,1.0,0.0
EX0-EX1,80,81,1.0,0.0
EX0-EX1,80,82,1.0,0.0
EX0-EX1,80,83,1.0,0.0
EX0-EX1,80,84,1.0,0.0
EX0-EX1,80,85,1.0,0.0
EX0-EX1,80,86,1.0,0.0
EX0-EX1,80,87,1.0,0.0
EX0-EX1,80,88,1.0,0.0
EX0-EX1,80,89,1.0,0.0
EX0-EX1,80,90,1.0,0.0
EX0-EX1,80,91,1.0,0.0
EX0-EX1,80,92,1.0,0.0
EX0-EX1,80,93,1.0,0.0
EX0-EX1,80,94,1.0,0.0
EX0-EX1,80,95,1.0,0.0
EX0-EX1,80,96,1.0,0.0
EX0-EX1,80,97,1.0,0.0
EX0-EX1,80,98,1.0,0.0
EX0-EX1,80,99,1.0,0.0
EX0-EX1,80,100,1.0,0.0
EX0-EX1,80,101,1.0,0.0
EX0-EX1,80,102,1.0,0.0
EX0-EX1,80,103,1.0,0.0
EX0-EX1,80,104,1.0,0.0
EX0-EX1,80,105,1.0,0.0
EX0-EX1,80,106,1.0,0.0
EX0-EX1,80,107,1.0,0.0
EX0-EX1,80,108,1.0,0.0
EX0-EX1,80,109,1.0,0.0
EX0-EX1,80,110,1.0,0.0
EX0-EX1,80,111,1.0,0.0
EX0-EX1,80,112,1.0,0.0
EX0-EX1,80,113,1.0,0.0
EX0-EX1,80,114,1.0,0.0
EX0-EX1,80,115,1.0,0.0
EX0-EX1,80,116,1.0,0.0
EX0-EX1,80,117,1.0,0.0
EX0-EX1,80,118,1.0,0.0
EX0-EX1,80,119,1.0,0.0
EX0-EX1,80,120,1.0,0.0
EX0-EX1,80,121,1.0,0.0
EX0-EX1,80,122,1.0,0.0
EX0-EX1,80,123,1.0,0.0
EX0-EX1,80,124,1.0,0.0
EX0-EX1,80,125,1.0,0.0
EX0-EX1,80,126,1.0,0.0
EX0-EX1,80,127,1.0,0.0
EX0-EX1,80,128,1.0,0.0
EX0-EX1,80,129,1.0,0.0
EX0-EX1,80,130,1.0,0.0
EX0-EX1,80,131,1.0,0.0
EX0-EX1,80,132,1.0,0.0
EX0-EX1,80,133,1.0,0.0
EX0-EX1,80,134,1.0,0.0
EX0-EX1,80,135,1.0,0.0
EX0-EX1,80,136,1.0,0.0
EX0-EX1,80,137,1.0,0.0
EX0-EX1,80,138,1.0,0.0
EX0-EX1,80,139,1.0,0.0
EX0-EX1,80,140,1.0,0.0
EX0-EX1,80,141,1.0,0.0
EX0-EX1,80,142,1.0,0.0
EX0-EX1,80,143,1.0,0.0
EX0-EX1,80,144,1.0,0.0
EX0-EX1,80,145,1.0,0.0
EX0-EX1,80,146,1.0,0.0
EX0-EX1,80,147,1.0,0.0
EX0-EX1,80,148,1.0,0.0
EX0-EX1,80,149,1.0,0.0
EX0-EX1,80,150,1.0,0.0
EX0-EX1,80,151,1.0,0.0
EX0-EX1,80,152,1.0,0.0
EX0-EX1,80,153,1.0,0.0
EX0-EX1,80,154,1.0,0.0
EX0-EX1,80,155,1.0,0.0
EX0-EX1,80,156,1.0,0.0
EX0-EX1,80,157,1.0,0.0
EX0-EX1,80,158,1.0,0.0
EX0-EX1,80,159,1.0,0.0
EX0-EX1,80,160,1.0,0.0
EX0-EX1,80,161,1.0,0.0
EX0-EX1,80,162,1.0,0.0
EX0-EX1,80,163,1.0,0.0
EX0-EX1,80,164,1.0,0.0
EX0-EX1,80,165,1.0,0.0
EX0-EX1,80,166,1.0,0.0
EX0-EX1,80,167,1.0,0.0
EX0-EX1,80,168,1.0,0.0
EX0-EX1,80,169,1.0,0.0
EX0-EX1,80,170,1.0,0.0
EX0-EX1,80,171,1.0,0.0
EX0-EX1,80,172,1.0,0.0
EX0-EX1,80,173,1.0,0.0
EX0-EX1,80,174,1.0,0.0
EX0-EX1,80,175,1.0,0.0
EX0-EX1,80,176,1.0,0.0
EX0-EX1,80,177,1.0,0.0
EX0-EX1,80,178,1.0,0.0
EX0-EX1,80,179,1.0,0.0
EX0-EX1,80,180,1.0,0.0
EX0-EX1,80,181,1.0,0.0
EX0-EX1,80,182,1.0,0.0
EX0-EX1,80,183,1.0,0.0
EX0-EX1,80,184,1.0,0.0
EX0-EX1,80,185,1.0,0.0
EX0-EX1,80,186,1.0,0.0
EX0-EX1,80,187,1.0,0.0
EX0-EX1,80,188,1.0,0.0
EX0-EX1,80,189,1.0,0.0
EX0-EX1,80,190,1.0,0.0
EX0-EX1,80,191,1.0,0.0
EX0-EX1,80,192,1.0,0.0
EX0-EX1,80,193,1.0,0.0
EX0-EX1,80,194,1.0,0.0
EX0-EX1,80,195,1.0,0.0
EX0-EX1,80,196,1.0,0.0
EX0-EX1,80,197,1.0,0.0
EX0-EX1,80,198,1.0,0.0
EX0-EX1,80,199,1.0,0.0
EX0-EX1,80,200,1.0,0.0
EX0-EX2,10,1,0.7971101907241204,0.000721286246411344
EX0-EX2,10,2,0.9026546470268216,0.000532008089024071
EX0-EX2,10,3,0.9509900208108072,0.0003610429678562704
EX0-EX2,10,4,0.9743983073931587,0.0002422912339294621
EX0-EX2,10,5,0.986526554151102,0.00015907901900139634
EX0-EX2,10,6,0.9926615979149761,0.00010641456305223641
EX0-EX2,10,7,0.9960342549859551,6.998742073871032e-05
EX0-EX2,10,8,0.9978961336410346,4.4103838159162444e-05
EX0-EX2,10,9,0.9988632234007554,2.8993218758901745e-05
EX0-EX2,10,10,0.9993599576863414,2.012993994934035e-05
EX0-EX2,10,11,0.9996378538449258,1.416697220962679e-05
EX0-EX2,10,12,0.9998037782654654,9.529718424086305e-06
EX0-EX2,10,13,0.9998879472450517,6.889047592322223e-06
EX0-EX2,10,14,0.9999354191652761,4.9373425660374894e-06
EX0-EX2,10,15,0.9999601402084785,3.82838633999342e-06
EX0-EX2,10,16,0.9999770829274667,2.666620081419294e-06
EX0-EX2,10,17,0.9999859616674631,1.827572858903937e-06
EX0-EX2,10,18,0.9999922420216709,1.1728162298631638e-06
EX0-EX2,10,19,0.9999966205711607,5.192921417712124e-07
EX0-EX2,10,20,0.999998269479026,2.755699986208752e-07
EX0-EX2,10,21,0.9999990823317538,1.4765943980485798e-07
EX0-EX2,10,22,0.999999510342397,1.0238518658059549e-07
EX0-EX2,10,23,0.9999996834772761,6.34893075277877e-08
EX0-EX2,10,24,0.999999815219818,4.51652317117015e-08
EX0-EX2,10,25,0.999999902191477,2.994942764823174e-08
EX0-EX2,10,26,0.999999961982209,1.2490285552676722e-08
EX0-EX2,10,27,0.9999999839005975,4.256095586285323e-09
EX0-EX2,10,28,0.9999999892866269,3.053701049077908e-09
EX0-EX2,10,29,0.9999999952622024,1.7121950986814723e-09
EX0-EX2,10,30,0.9999999964418639,1.5099316237163336e-09
EX0-EX2,10,31,0.9999999972054983,1.4325241584909838e-09
EX0-EX2,10,32,0.9999999978727855,1.1678557934934641e-09
EX0-EX2,10,33,0.9999999989274019,7.527983920032439e-10
EX0-EX2,10,34,0.9999999990396836,7.466766288759308e-10
EX0-EX2,10,35,0.9999999998775232,5.5314104979514554e-11
EX0-EX2,10,36,0.9999999999436425,2.817183718747367e-11
EX0-EX2,10,37,0.9999999999742155,1.0734088809447145e-11
EX0-EX2,10,38,0.9999999999824457,6.6614396247220796e-12
EX0-EX2,10,39,0.9999999999869125,5.443206936576004e-12
EX0-EX2,10,40,0.9999999999910938,4.059859199256323e-12
EX0-EX2,10,41,0.999999999994322,3.2760464703170235e-12
EX0-EX2,10,42,0.9999999999952727,2.924318301341276e-12
EX0-EX2,10,43,0.9999999999981082,1.1515865001400261e-12
EX0-EX2,10,44,0.9999999999992688,4.967759418928961e-13
EX0-EX2,10,45,0.9999999999993012,4.846004652417905e-13
EX0-EX2,10,46,0.9999999999996252,2.5975035820979164e-13
EX0-EX2,10,47,0.9999999999999816,1.3674596877890691e-14
EX0-EX2,10,48,0.9999999999999908,8.341157884789655e-15
EX0-EX2,10,49,0.9999999999999981,1.319987072455295e-15
EX0-EX2,10,50,0.9999999999999996,2.5397224096768074e-16
EX0-EX2,10,51,0.9999999999999997,2.47214516438062e-16
EX0-EX2,10,52,0.9999999999999998,2.079814504391663e-16
EX0-EX2,10,53,0.9999999999999999,1.2879485541744025e-16
EX0-EX2,10,54,0.9999999999999999,1.282110924073506e-16
EX0-EX2,10,55,0.9999999999999999,1.2521708336931237e-16
EX0-EX2,10,56,1.0,5.2014139798180575e-17
EX0-EX2,10,57,1.0,5.195342860866699e-17
EX0-EX2,10,58,1.0,2.98229702158658e-20
EX0-EX2,10,59,1.0,2.808772623249416e-20
EX0-EX2,10,60,1.0,1.9241575811382572e-20
EX0-EX2,10,61,1.0,1.1868749233575825e-20
EX0-EX2,10,62,1.0,3.1985866687417865e-21
EX0-EX2,10,63,1.0,2.7443091828706366e-21
EX0-EX2,10,64,1.0,2.7053137411483312e-21
EX0-EX2,10,65,1.0,2.349238030155447e-21
EX0-EX2,10,66,1.0,1.7478393029974923e-21
EX0-EX2,10,67,1.0,1.3734093044915934e-21
EX0-EX2,10,68,1.0,5.504054100472426e-22
EX0-EX2,10,69,1.0,4.269158897669212e-22
EX0-EX2,10,70,1.0,3.7352049745910644e-22
EX0-EX2,10,71,1.0,3.3987354067077406e-23
EX0-EX2,10,72,1.0,3.117999972821646e-23
EX0-EX2,10,73,1.0,1.9676494657296568e-23
EX0-EX2,10,74,1.0,1.6368095257169925e-23
EX0-EX2,10,75,1.0,1.398723814805893e-23
EX0-EX2,10,76,1.0,2.5350056370631004e-27
EX0-EX2,10,77,1.0,1.411453964357031e-27
EX0-EX2,10,78,1.0,4.3887475669784115e-30
EX0-EX2,10,79,1.0,3.497730592056083e-30
EX0-EX2,10,80,1.0,2.953399505445744e-30
EX0-EX2,10,81,1.0,2.421713995623949e-30
EX0-EX2,10,82,1.0,1.9693800941831635e-30
EX0-EX2,10,83,1.0,1.396702782371487e-30
EX0-EX2,10,84,1.0,1.3350489288150788e-30
EX0-EX2,10,85,1.0,1.0483870546158605e-30
EX0-EX2,10,86,1.0,9.611881153780695e-32
EX0-EX2,10,87,1.0,5.528238847228184e-32
EX0-EX2,10,88,1.0,1.0252258366495458e-32
EX0-EX2,10,89,1.0,3.696977955850113e-33
EX0-EX2,10,90,1.0,2.7939479238690907e-33
EX0-EX2,10,91,1.0,2.5228793835117414e-33
EX0-EX2,10,92,1.0,2.240246071245481e-33
EX0-EX2,10,93,1.0,1.7026886056979592e-33
EX0-EX2,10,94,1.0,3.0762705485875953e-35
EX0-EX2,10,95,1.0,2.972843003115416e-35
EX0-EX2,10,96,1.0,2.96089629554724e-35
EX0-EX2,10,97,1.0,2.949543351964124e-35
EX0-EX2,10,98,1.0,4.4614261889502424e-41
EX0-EX2,10,99,1.0,4.1946656039827477e-41
EX0-EX2,10,100,1.0,4.0777899358852806e-41
EX0-EX2,10,101,1.0,2.8089064719905007e-41
EX0-EX2,10,102,1.0,2.7699651245988675e-41
EX0-EX2,10,103,1.0,1.0796548818501013e-41
EX0-EX2,10,104,1.0,9.361243654213959e-42
EX0-EX2,10,105,1.0,8.298896431698626e-42
EX0-EX2,10,106,1.0,8.147973518422677e-42
EX0-EX2,10,107,1.0,5.111925646182919e-42
EX0-EX2,10,108,1.0,1.1373097516637718e-42
EX0-EX2,10,109,1.0,1.1222269933908289e-42
EX0-EX2,10,110,1.0,1.0071713842478081e-42
EX0-EX2,10,111,1.0,9.653265643593989e-43
EX0-EX2,10,112,1.0,2.1955728848698817e-45
EX0-EX2,10,113,1.0,1.9961299962379105e-45
EX0-EX2,10,114,1.0,1.245619538823126e-46
EX0-EX2,10,115,1.0,1.0240250353469857e-47
EX0-EX2,10,116,1.0,1.0262151528824796e-49
EX0-EX2,10,117,1.0,5.633114350949603e-51
EX0-EX2,10,118,1.0,5.587097640999401e-51
EX0-EX2,10,119,1.0,1.7371238708858263e-52
EX0-EX2,10,120,1.0,1.3589989361863365e-53
EX0-EX2,10,121,1.0,2.9715262063386113e-57
EX0-EX2,10,122,1.0,1.2425159685520965e-57
EX0-EX2,10,123,1.0,9.473255203490983e-58
EX0-EX2,10,124,1.0,7.711946768498973e-58
EX0-EX2,10,125,1.0,7.113650178412855e-58
EX0-EX2,10,126,1.0,3.606824855510063e-58
EX0-EX2,10,127,1.0,1.5680729894200081e-58
EX0-EX2,10,128,1.0,7.761836876627166e-59
EX0-EX2,10,129,1.0,3.767417362524824e-59
EX0-EX2,10,130,1.0,3.6742934856757425e-59
EX0-EX2,10,131,1.0,1.7811283004520814e-59
EX0-EX2,10,132,1.0,1.014862597874918e-59
EX0-EX2,10,133,1.0,8.817278160876906e-60
EX0-EX2,10,134,1.0,7.545932936228738e-61
EX0-EX2,10,135,1.0,4.184448919164722e-61
EX0-EX2,10,136,1.0,3.3931825508228994e-61
EX0-EX2,10,137,1.0,7.5150216359506715e-62
EX0-EX2,10,138,1.0,3.203761236263438e-62
EX0-EX2,10,139,1.0,2.8764297550317404e-62
EX0-EX2,10,140,1.0,1.9199028734779474e-62
EX0-EX2,10,141,1.0,1.2491063669474687e-62
EX0-EX2,10,142,1.0,1.0160671772709224e-62
EX0-EX2,10,143,1.0,5.695389947761156e-63
EX0-EX2,10,144,1.0,4.349539585853342e-63
EX0-EX2,10,145,1.0,8.410981676291148e-67
EX0-EX2,10,146,1.0,8.226260806834143e-67
EX0-EX2,10,147,1.0,8.133852374112454e-67
EX0-EX2,10,148,1.0,1.2970805080195036e-69
EX0-EX2,10,149,1.0,1.2105172226883207e-70
EX0-EX2,10,150,1.0,9.344143660044309e-71
EX0-EX2,10,151,1.0,1.7711300398433412e-71
EX0-EX2,10,152,1.0,4.4608679882682e-74
EX0-EX2,10,153,1.0,4.1828356627738414e-74
EX0-EX2,10,154,1.0,5.870164763106853e-75
EX0-EX2,10,155,1.0,1.101353198315597e-75
EX0-EX2,10,156,1.0,6.130095219455021e-78
EX0-EX2,10,157,1.0,5.024959873404774e-78
EX0-EX2,10,158,1.0,1.1262834409294774e-78
EX0-EX2,10,159,1.0,1.124241768678841e-78
EX0-EX2,10,160,1.0,3.956812181856798e-82
EX0-EX2,10,161,1.0,8.813596471401159e-83
EX0-EX2,10,162,1.0,2.2221159571965826e-83
EX0-EX2,10,163,1.0,1.9268572709272983e-83
EX0-EX2,10,164,1.0,4.4081430025827786e-85
EX0-EX2,10,165,1.0,2.5845507959041826e-85
EX0-EX2,10,166,1.0,6.436700135233789e-86
EX0-EX2,10,167,1.0,2.536684015504443e-86
EX0-EX2,10,168,1.0,1.7301015999677077e-88
EX0-EX2,10,169,1.0,4.030833214449608e-89
EX0-EX2,10,170,1.0,3.9754558414183016e-89
EX0-EX2,10,171,1.0,3.870978947152542e-89
EX0-EX2,10,172,1.0,8.431338529667861e-93
EX0-EX2,10,173,1.0,4.585221908445527e-93
EX0-EX2,10,174,1.0,4.292432027045002e-93
EX0-EX2,10,175,1.0,6.415583880017872e-97
EX0-EX2,10,176,1.0,6.214212597863888e-97
EX0-EX2,10,177,1.0,5.9951133304662e-97
EX0-EX2,10,178,1.0,1.546048245278096e-97
EX0-EX2,10,179,1.0,1.2749351183993882e-97
EX0-EX2,10,180,1.0,2.5026965267288123e-98
EX0-EX2,10,181,1.0,1.225651682605731e-98
EX0-EX2,10,182,1.0,1.1941888520520605e-98
EX0-EX2,10,183,1.0,5.247048270698023e-101
EX0-EX2,10,184,1.0,4.509676204222328e-101
EX0-EX2,10,185,1.0,3.21082739044039e-101
EX0-EX2,10,186,1.0,3.04881998303117e-102
EX0-EX2,10,187,1.0,2.5868019097357476e-102
EX0-EX2,10,188,1.0,3.041435933378476e-103
EX0-EX2,10,189,1.0,2.5502046768339423e-103
EX0-EX2,10,190,1.0,2.2965952730675204e-106
EX0-EX2,10,191,1.0,2.206701995028451e-106
EX0-EX2,10,192,1.0,1.5839747105946978e-108
EX0-EX2,10,193,1.0,1.3162231973219694e-108
EX0-EX2,10,194,1.0,2.4911611746528883e-109
EX0-EX2,10,195,1.0,2.2481543458832957e-109
EX0-EX2,10,196,1.0,1.6817689985905995e-109
EX0-EX2,10,197,1.0,6.840665929564309e-110
EX0-EX2,10,198,1.0,5.74374540579365e-110
EX0-EX2,10,199,1.0,6.798114366841481e-112
EX0-EX2,10,200,1.0,2.157712550267253e-112
EX0-EX2,15,1,0.8480591896563937,0.0006814131622114384
EX0-EX2,15,2,0.9431884081384764,0.0004170369969423068
EX0-EX2,15,3,0.9776597451689805,0.00023685052075181253
EX0-EX2,15,4,0.9907670480942684,0.00013509526813847543
EX0-EX2,15,5,0.9962054898365658,7.465674930140076e-05
EX0-EX2,15,6,0.9983554136409023,4.292693130888392e-05
EX0-EX2,15,7,0.9993043686164008,2.435513442124639e-05
EX0-EX2,15,8,0.999727659743281,1.2516480016241211e-05
EX0-EX2,15,9,0.9998839434086154,6.706547529527748e-06
EX0-EX2,15,10,0.9999449379647579,4.636653423679128e-06
EX0-EX2,15,11,0.9999730200259043,3.1430967361638793e-06
EX0-EX2,15,12,0.9999879065349124,1.9744083281852654e-06
EX0-EX2,15,13,0.9999936982989097,1.2898100945370086e-06
EX0-EX2,15,14,0.9999967755256713,8.709379569831547e-07
EX0-EX2,15,15,0.9999980604303809,5.992327466805375e-07
EX0-EX2,15,16,0.9999990647235358,3.6122484263196804e-07
EX0-EX2,15,17,0.9999995675804954,1.6439509579776084e-07
EX0-EX2,15,18,0.9999998260094806,7.43594211584224e-08
EX0-EX2,15,19,0.9999999681767126,1.6126165773779306e-08
EX0-EX2,15,20,0.9999999917145953,3.983629032960311e-09
EX0-EX2,15,21,0.999999997848243,8.480975550179704e-10
EX0-EX2,15,22,0.9999999989708513,5.230872547067863e-10
EX0-EX2,15,23,0.9999999996391788,1.528728795510527e-10
EX0-EX2,15,24,0.9999999998228261,8.016802375991957e-11
EX0-EX2,15,25,0.9999999999238612,4.432380130897494e-11
EX0-EX2,15,26,0.9999999999880362,9.946524140657331e-12
EX0-EX2,15,27,0.9999999999988997,7.421944485062281e-13
EX0-EX2,15,28,0.99999999999947,3.2145713921590685e-13
EX0-EX2,15,29,0.9999999999998435,1.0311942523889601e-13
EX0-EX2,15,30,0.999999999999879,8.446077615912686e-14
EX0-EX2,15,31,0.999999999999891,7.763788282573389e-14
EX0-EX2,15,32,0.99999999999993,4.964333869034867e-14
EX0-EX2,15,33,0.9999999999999715,2.8172664647452534e-14
EX0-EX2,15,34,0.9999999999999719,2.7982100693086232e-14
EX0-EX2,15,35,0.9999999999999999,5.915026402372766e-17
EX0-EX2,15,36,1.0,1.674077142850048e-17
EX0-EX2,15,37,1.0,1.76428667017048e-18
EX0-EX2,15,38,1.0,3.9196131888247803e-19
EX0-EX2,15,39,1.0,2.66936559293459e-19
EX0-EX2,15,40,1.0,1.6804606144044253e-19
EX0-EX2,15,41,1.0,1.506625178720519e-19
EX0-EX2,15,42,1.0,1.1736743896301121e-19
EX0-EX2,15,43,1.0,1.395120656769364e-20
EX0-EX2,15,44,1.0,2.060675857040546e-21
EX0-EX2,15,45,1.0,1.933443489862388e-21
EX0-EX2,15,46,1.0,4.62579510445737e-22
EX0-EX2,15,47,1.0,9.374858748913276e-25
EX0-EX2,15,48,1.0,3.33294949343893e-25
EX0-EX2,15,49,1.0,5.2077998810722496e-27
EX0-EX2,15,50,1.0,1.2046983452066699e-28
EX0-EX2,15,51,1.0,1.1756516664800004e-28
EX0-EX2,15,52,1.0,9.142404216575833e-29
EX0-EX2,15,53,1.0,3.1482219432204136e-29
EX0-EX2,15,54,1.0,3.1168363176200445e-29
EX0-EX2,15,55,1.0,2.9572588974284014e-29
EX0-EX2,15,56,1.0,4.1867898860277844e-30
EX0-EX2,15,57,1.0,4.17603803030087e-30
EX0-EX2,15,58,1.0,1.6080408513852933e-37
EX0-EX2,15,59,1.0,1.465505106568757e-37
EX0-EX2,15,60,1.0,9.302618102214679e-38
EX0-EX2,15,61,1.0,3.180222747553762e-38
EX0-EX2,15,62,1.0,1.7093705329179145e-39
EX0-EX2,15,63,1.0,1.2172492990537123e-39
EX0-EX2,15,64,1.0,1.1790437960609617e-39
EX0-EX2,15,65,1.0,8.604238059440668e-40
EX0-EX2,15,66,1.0,4.4463875063349165e-40
EX0-EX2,15,67,1.0,2.595667134723047e-40
EX0-EX2,15,68,1.0,3.3692376825993995e-41
EX0-EX2,15,69,1.0,1.9104004027950276e-41
EX0-EX2,15,70,1.0,1.4175398521090124e-41
EX0-EX2,15,71,1.0,6.701614262855473e-44
EX0-EX2,15,72,1.0,5.527454191148431e-44
EX0-EX2,15,73,1.0,1.9760925846219839e-44
EX0-EX2,15,74,1.0,1.3096618240912023e-44
EX0-EX2,15,75,1.0,9.217503123797958e-45
EX0-EX2,15,76,1.0,3.899490587410925e-53
EX0-EX2,15,77,1.0,1.0689564172124737e-53
EX0-EX2,15,78,1.0,2.0796554728916377e-59
EX0-EX2,15,79,1.0,1.2129274527233478e-59
EX0-EX2,15,80,1.0,8.303858617709342e-60
EX0-EX2,15,81,1.0,6.389763271684281e-60
EX0-EX2,15,82,1.0,4.064041419843206e-60
EX0-EX2,15,83,1.0,1.8411474306020917e-60
EX0-EX2,15,84,1.0,1.8038703001297273e-60
EX0-EX2,15,85,1.0,1.0497186564209933e-60
EX0-EX2,15,86,1.0,4.5867411830894906e-63
EX0-EX2,15,87,1.0,1.4002004643205604e-63
EX0-EX2,15,88,1.0,3.3463921164302606e-65
EX0-EX2,15,89,1.0,3.4068910367540963e-66
EX0-EX2,15,90,1.0,1.8193178794869958e-66
EX0-EX2,15,91,1.0,1.447523925386024e-66
EX0-EX2,15,92,1.0,1.1092689630854705e-66
EX0-EX2,15,93,1.0,5.999379735137221e-67
EX0-EX2,15,94,1.0,7.461377319235769e-71
EX0-EX2,15,95,1.0,6.910967565565709e-71
EX0-EX2,15,96,1.0,6.8488926544140014e-71
EX0-EX2,15,97,1.0,6.790190172985839e-71
EX0-EX2,15,98,1.0,6.103896645452297e-84
EX0-EX2,15,99,1.0,5.315792301560872e-84
EX0-EX2,15,100,1.0,4.98941943191163e-84
EX0-EX2,15,101,1.0,2.1629908473743746e-84
EX0-EX2,15,102,1.0,2.096330485631825e-84
EX0-EX2,15,103,1.0,2.5346713565350477e-85
EX0-EX2,15,104,1.0,1.8407845327498875e-85
EX0-EX2,15,105,1.0,1.4050641214641572e-85
EX0-EX2,15,106,1.0,1.3484118591682733e-85
EX0-EX2,15,107,1.0,4.740348963730743e-86
EX0-EX2,15,108,1.0,1.6297100292468963e-87
EX0-EX2,15,109,1.0,1.581640406898196e-87
EX0-EX2,15,110,1.0,1.2409581906765742e-87
EX0-EX2,15,111,1.0,1.1283093383913837e-87
EX0-EX2,15,112,1.0,1.3313836425439443e-93
EX0-EX2,15,113,1.0,1.075303718555505e-93
EX0-EX2,15,114,1.0,2.1326361432717713e-96
EX0-EX2,15,115,1.0,7.84648308492596e-99
EX0-EX2,15,116,1.0,2.5674818196544097e-103
EX0-EX2,15,117,1.0,3.811934893966642e-106
EX0-EX2,15,118,1.0,3.7424142007853237e-106
EX0-EX2,15,119,1.0,1.5508794595029833e-109
EX0-EX2,15,120,1.0,5.094578569969332e-112
EX0-EX2,15,121,1.0,2.588931415430252e-120
EX0-EX2,15,122,1.0,3.504961306131746e-121
EX0-EX2,15,123,1.0,1.738851641159945e-121
EX0-EX2,15,124,1.0,1.1237207569681784e-121
EX0-EX2,15,125,1.0,1.0724226832715297e-121
EX0-EX2,15,126,1.0,1.6905603577848456e-122
EX0-EX2,15,127,1.0,2.257544655119496e-123
EX0-EX2,15,128,1.0,6.627464996847769e-124
EX0-EX2,15,129,1.0,1.5079535439865927e-124
EX0-EX2,15,130,1.0,1.4199692181755086e-124
EX0-EX2,15,131,1.0,2.1508077394569158e-125
EX0-EX2,15,132,1.0,8.809403295670292e-126
EX0-EX2,15,133,1.0,6.423591848711541e-126
EX0-EX2,15,134,1.0,2.635365023287612e-128
EX0-EX2,15,135,1.0,7.013473002175559e-129
EX0-EX2,15,136,1.0,4.380898550916493e-129
EX0-EX2,15,137,1.0,1.4840932519574628e-130
EX0-EX2,15,138,1.0,2.1826653880156288e-131
EX0-EX2,15,139,1.0,1.7194144146871934e-131
EX0-EX2,15,140,1.0,6.937256547003103e-132
EX0-EX2,15,141,1.0,2.6427450201035968e-132
EX0-EX2,15,142,1.0,1.6623059222457753e-132
EX0-EX2,15,143,1.0,4.5316542588968336e-133
EX0-EX2,15,144,1.0,2.4739263481886427e-133
EX0-EX2,15,145,1.0,1.1175665306908545e-141
EX0-EX2,15,146,1.0,1.063336503425461e-141
EX0-EX2,15,147,1.0,1.0526931595582425e-141
EX0-EX2,15,148,1.0,5.425849189864818e-148
EX0-EX2,15,149,1.0,2.0498700519772875e-150
EX0-EX2,15,150,1.0,1.326556291466352e-150
EX0-EX2,15,151,1.0,3.571210342304335e-152
EX0-EX2,15,152,1.0,4.638867566206053e-158
EX0-EX2,15,153,1.0,4.5004873092775095e-158
EX0-EX2,15,154,1.0,5.467715448873856e-160
EX0-EX2,15,155,1.0,1.2768776884557556e-161
EX0-EX2,15,156,1.0,0.0
EX0-EX2,15,157,1.0,0.0
EX0-EX2,15,158,1.0,0.0
EX0-EX2,15,159,1.0,0.0
EX0-EX2,15,160,1.0,0.0
EX0-EX2,15,161,1.0,0.0
EX0-EX2,15,162,1.0,0.0
EX0-EX2,15,163,1.0,0.0
EX0-EX2,15,164,1.0,0.0
EX0-EX2,15,165,1.0,0.0
EX0-EX2,15,166,1.0,0.0
EX0-EX2,15,167,1.0,0.0
EX0-EX2,15,168,1.0,0.0
EX0-EX2,15,169,1.0,0.0
EX0-EX2,15,170,1.0,0.0
EX0-EX2,15,171,1.0,0.0
EX0-EX2,15,172,1.0,0.0
EX0-EX2,15,173,1.0,0.0
EX0-EX2,15,174,1.0,0.0
EX0-EX2,15,175,1.0,0.0
EX0-EX2,15,176,1.0,0.0
EX0-EX2,15,177,1.0,0.0
EX0-EX2,15,178,1.0,0.0
EX0-EX2,15,179,1.0,0.0
EX0-EX2,15,180,1.0,0.0
EX0-EX2,15,181,1.0,0.0
EX0-EX2,15,182,1.0,0.0
EX0-EX2,15,183,1.0,0.0
EX0-EX2,15,184,1.0,0.0
EX0-EX2,15,185,1.0,0.0
EX0-EX2,15,186,1.0,0.0
EX0-EX2,15,187,1.0,0.0
EX0-EX2,15,188,1.0,0.0
EX0-EX2,15,189,1.0,0.0
EX0-EX2,15,190,1.0,0.0
EX0-EX2,15,191,1.0,0.0
EX0-EX2,15,192,1.0,0.0
EX0-EX2,15,193,1.0,0.0
EX0-EX2,15,194,1.0,0.0
EX0-EX2,15,195,1.0,0.0
EX0-EX2,15,196,1.0,0.0
EX0-EX2,15,197,1.0,0.0
EX0-EX2,15,198,1.0,0.0
EX0-EX2,15,199,1.0,0.0
EX0-EX2,15,200,1.0,0.0
EX0-EX2,20,1,0.8809624217087718,0.0006287307248073292
EX0-EX2,20,2,0.9640043542965203,0.0003296242597769992
EX0-EX2,20,3,0.9885584125451894,0.00016152531446512897
EX0-EX2,20,4,0.9961278318477513,8.066123754781241e-05
EX0-EX2,20,5,0.9987203371014538,3.844353170277035e-05
EX0-EX2,20,6,0.9995437674444716,1.9329339615709125e-05
EX0-EX2,20,7,0.9998421063544515,9.821809721058024e-06
EX0-EX2,20,8,0.9999537576417881,4.562146556441019e-06
EX0-EX2,20,9,0.9999846274789749,1.7553367343283832e-06
EX0-EX2,20,10,0.999992895652567,1.3105927058747164e-06
EX0-EX2,20,11,0.9999966813813208,8.313103903832205e-07
EX0-EX2,20,12,0.9999986264382683,4.3931960098846545e-07
EX0-EX2,20,13,0.9999993607708673,2.3641836028441106e-07
EX0-EX2,20,14,0.9999996931924727,1.392530724226577e-07
EX0-EX2,20,15,0.9999998404566407,7.744764951977268e-08
EX0-EX2,20,16,0.9999999370889481,4.116626297695677e-08
EX0-EX2,20,17,0.9999999829523487,9.756072144147559e-09
EX0-EX2,20,18,0.9999999957306014,2.5787446103260736e-09
EX0-EX2,20,19,0.9999999997084938,2.2045703334752685e-10
EX0-EX2,20,20,0.9999999999736205,1.8749426132773253e-11
EX0-EX2,20,21,0.9999999999981035,1.132226247027594e-12
EX0-EX2,20,22,0.9999999999992173,5.42594059388684e-13
EX0-EX2,20,23,0.9999999999999037,5.6419781190590274e-14
EX0-EX2,20,24,0.9999999999999687,1.653322271685844e-14
EX0-EX2,20,25,0.9999999999999896,6.949013775097871e-15
EX0-EX2,20,26,0.9999999999999993,6.812116233972486e-16
EX0-EX2,20,27,1.0,6.945646736630667e-18
EX0-EX2,20,28,1.0,1.5004208151093902e-18
EX0-EX2,20,29,1.0,1.7685535279528072e-19
EX0-EX2,20,30,1.0,1.2899048452927888e-19
EX0-EX2,20,31,1.0,1.1225712557396531e-19
EX0-EX2,20,32,1.0,4.982344652549448e-20
EX0-EX2,20,33,1.0,2.3269617831671985e-20
EX0-EX2,20,34,1.0,2.2994285604529598e-20
EX0-EX2,20,35,1.0,4.04649678236078e-25
EX0-EX2,20,36,1.0,4.788564202088712e-26
EX0-EX2,20,37,1.0,8.989233469980591e-28
EX0-EX2,20,38,1.0,5.046493917901492e-29
EX0-EX2,20,39,1.0,2.4660030905615906e-29
EX0-EX2,20,40,1.0,1.22877276125909e-29
EX0-EX2,20,41,1.0,1.1779550072538794e-29
EX0-EX2,20,42,1.0,7.543670922463304e-30
EX0-EX2,20,43,1.0,1.7084005912489732e-31
EX0-EX2,20,44,1.0,5.418475236553583e-33
EX0-EX2,20,45,1.0,4.791385467780193e-33
EX0-EX2,20,46,1.0,3.555637882429948e-34
EX0-EX2,20,47,1.0,7.499333654404386e-39
EX0-EX2,20,48,1.0,1.2054781125512928e-39
EX0-EX2,20,49,1.0,7.671264074649677e-43
EX0-EX2,20,50,1.0,9.710017419402459e-46
EX0-EX2,20,51,1.0,9.317401789346322e-46
EX0-EX2,20,52,1.0,5.994749756531943e-46
EX0-EX2,20,53,1.0,9.079505192288966e-47
EX0-EX2,20,54,1.0,8.919859828211184e-47
EX0-EX2,20,55,1.0,8.12730207858552e-47
EX0-EX2,20,56,1.0,2.5506098964350624e-48
EX0-EX2,20,57,1.0,2.5390226209458888e-48
EX0-EX2,20,58,1.0,1.5513020858431988e-61
EX0-EX2,20,59,1.0,1.3972405377973868e-61
EX0-EX2,20,60,1.0,7.03662230038434e-62
EX0-EX2,20,61,1.0,1.0498495474748167e-62
EX0-EX2,20,62,1.0,5.895971927041396e-65
EX0-EX2,20,63,1.0,3.2296333210299975e-65
EX0-EX2,20,64,1.0,3.0521178252670562e-65
EX0-EX2,20,65,1.0,1.746047312035205e-65
EX0-EX2,20,66,1.0,5.417343284599599e-66
EX0-EX2,20,67,1.0,2.0862759629409836e-66
EX0-EX2,20,68,1.0,5.5885518639142204e-68
EX0-EX2,20,69,1.0,2.043720708619632e-68
EX0-EX2,20,70,1.0,1.2040872951225943e-68
EX0-EX2,20,71,1.0,9.065679484577407e-73
EX0-EX2,20,72,1.0,6.442502247107794e-73
EX0-EX2,20,73,1.0,1.039602222801469e-73
EX0-EX2,20,74,1.0,5.012507675297221e-74
EX0-EX2,20,75,1.0,2.6886199225582473e-74
EX0-EX2,20,76,1.0,3.7686592515501836e-89
EX0-EX2,20,77,1.0,3.793378878031887e-90
EX0-EX2,20,78,1.0,2.695848548367256e-100
EX0-EX2,20,79,1.0,1.0162165917003812e-100
EX0-EX2,20,80,1.0,5.185059277684018e-101
EX0-EX2,20,81,1.0,3.4256182089572773e-101
EX0-EX2,20,82,1.0,1.535617392100184e-101
EX0-EX2,20,83,1.0,3.760683434353934e-102
EX0-EX2,20,84,1.0,3.639504696353481e-102
EX0-EX2,20,85,1.0,1.3923806172689608e-102
EX0-EX2,20,86,1.0,9.005103654929255e-107
EX0-EX2,20,87,1.0,1.0997755080706223e-107
EX0-EX2,20,88,1.0,1.45670043942213e-110
EX0-EX2,20,89,1.0,2.5248782657091517e-112
EX0-EX2,20,90,1.0,8.29182584731176e-113
EX0-EX2,20,91,1.0,5.526181544828795e-113
EX0-EX2,20,92,1.0,3.445534792504988e-113
EX0-EX2,20,93,1.0,1.1573287157308292e-113
EX0-EX2,20,94,1.0,1.3528207041790978e-120
EX0-EX2,20,95,1.0,1.1807621080474935e-120
EX0-EX2,20,96,1.0,1.162000779957014e-120
EX0-EX2,20,97,1.0,1.1443795594774296e-120
EX0-EX2,20,98,1.0,7.874337526471176e-144
EX0-EX2,20,99,1.0,6.160388895377187e-144
EX0-EX2,20,100,1.0,5.504869046229582e-144
EX0-EX2,20,101,1.0,1.2479809235718039e-144
EX0-EX2,20,102,1.0,1.1805069428608716e-144
EX0-EX2,20,103,1.0,2.772426214388556e-146
EX0-EX2,20,104,1.0,1.5710490270966323e-146
EX0-EX2,20,105,1.0,9.725100807845185e-147
EX0-EX2,20,106,1.0,9.039759756462222e-147
EX0-EX2,20,107,1.0,1.4124958992216338e-147
EX0-EX2,20,108,1.0,3.555677707981224e-150
EX0-EX2,20,109,1.0,3.3715817177164495e-150
EX0-EX2,20,110,1.0,2.191605704727694e-150
EX0-EX2,20,111,1.0,1.850863613827624e-150
EX0-EX2,20,112,1.0,5.498801462635679e-161
EX0-EX2,20,113,1.0,3.765592122846522e-161
EX0-EX2,20,114,1.0,0.0
EX0-EX2,20,115,1.0,0.0
EX0-EX2,20,116,1.0,0.0
EX0-EX2,20,117,1.0,0.0
EX0-EX2,20,118,1.0,0.0
EX0-EX2,20,119,1.0,0.0
EX0-EX2,20,120,1.0,0.0
EX0-EX2,20,121,1.0,0.0
EX0-EX2,20,122,1.0,0.0
EX0-EX2,20,123,1.0,0.0
EX0-EX2,20,124,1.0,0.0
EX0-EX2,20,125,1.0,0.0
EX0-EX2,20,126,1.0,0.0
EX0-EX2,20,127,1.0,0.0
EX0-EX2,20,128,1.0,0.0
EX0-EX2,20,129,1.0,0.0
EX0-EX2,20,130,1.0,0.0
EX0-EX2,20,131,1.0,0.0
EX0-EX2,20,132,1.0,0.0
EX0-EX2,20,133,1.0,0.0
EX0-EX2,20,134,1.0,0.0
EX0-EX2,20,135,1.0,0.0
EX0-EX2,20,136,1.0,0.0
EX0-EX2,20,137,1.0,0.0
EX0-EX2,20,138,1.0,0.0
EX0-EX2,20,139,1.0,0.0
EX0-EX2,20,140,1.0,0.0
EX0-EX2,20,141,1.0,0.0
EX0-EX2,20,142,1.0,0.0
EX0-EX2,20,143,1.0,0.0
EX0-EX2,20,144,1.0,0.0
EX0-EX2,20,145,1.0,0.0
EX0-EX2,20,146,1.0,0.0
EX0-EX2,20,147,1.0,0.0
EX0-EX2,20,148,1.0,0.0
EX0-EX2,20,149,1.0,0.0
EX0-EX2,20,150,1.0,0.0
EX0-EX2,20,151,1.0,0.0
EX0-EX2,20,152,1.0,0.0
EX0-EX2,20,153,1.0,0.0
EX0-EX2,20,154,1.0,0.0
EX0-EX2,20,155,1.0,0.0
EX0-EX2,20,156,1.0,0.0
EX0-EX2,20,157,1.0,0.0
EX0-EX2,20,158,1.0,0.0
EX0-EX2,20,159,1.0,0.0
EX0-EX2,20,160,1.0,0.0
EX0-EX2,20,161,1.0,0.0
EX0-EX2,20,162,1.0,0.0
EX0-EX2,20,163,1.0,0.0
EX0-EX2,20,164,1.0,0.0
EX0-EX2,20,165,1.0,0.0
EX0-EX2,20,166,1.0,0.0
EX0-EX2,20,167,1.0,0.0
EX0-EX2,20,168,1.0,0.0
EX0-EX2,20,169,1.0,0.0
EX0-EX2,20,170,1.0,0.0
EX0-EX2,20,171,1.0,0.0
EX0-EX2,20,172,1.0,0.0
EX0-EX2,20,173,1.0,0.0
EX0-EX2,20,174,1.0,0.0
EX0-EX2,20,175,1.0,0.0
EX0-EX2,20,176,1.0,0.0
EX0-EX2,20,177,1.0,0.0
EX0-EX2,20,178,1.0,0.0
EX0-EX2,20,179,1.0,0.0
EX0-EX2,20,180,1.0,0.0
EX0-EX2,20,181,1.0,0.0
EX0-EX2,20,182,1.0,0.0
EX0-EX2,20,183,1.0,0.0
EX0-EX2,20,184,1.0,0.0
EX0-EX2,20,185,1.0,0.0
EX0-EX2,20,186,1.0,0.0
EX0-EX2,20,187,1.0,0.0
EX0-EX2,20,188,1.0,0.0
EX0-EX2,20,189,1.0,0.0
EX0-EX2,20,190,1.0,0.0
EX0-EX2,20,191,1.0,0.0
EX0-EX2,20,192,1.0,0.0
EX0-EX2,20,193,1.0,0.0
EX0-EX2,20,194,1.0,0.0
EX0-EX2,20,195,1.0,0.0
EX0-EX2,20,196,1.0,0.0
EX0-EX2,20,197,1.0,0.0
EX0-EX2,20,198,1.0,0.0
EX0-EX2,20,199,1.0,0.0
EX0-EX2,20,200,1.0,0.0
EX0-EX2,30,1,0.920746874929468,0.0005274245989393168
EX0-EX2,30,2,0.9832168197245462,0.0002145872525283193
EX0-EX2,30,3,0.9962822127335756,8.31126825771709e-05
EX0-EX2,30,4,0.9990998359208185,3.319914742658668e-05
EX0-EX2,30,5,0.999798012590518,1.2338451567484219e-05
EX0-EX2,30,6,0.9999493142965203,4.676484318924797e-06
EX0-EX2,30,7,0.9999870274587851,1.8362962698752828e-06
EX0-EX2,30,8,0.9999972338213798,8.440937730825497e-07
EX0-EX2,30,9,0.9999996101494623,1.1946110269950364e-07
EX0-EX2,30,10,0.9999997793421497,9.41919168162839e-08
EX0-EX2,30,11,0.9999999127520612,4.368635245603868e-08
EX0-EX2,30,12,0.9999999769158163,1.0421630738240274e-08
EX0-EX2,30,13,0.9999999936775171,3.4355337555886506e-09
EX0-EX2,30,14,0.9999999979066154,1.2682124608350158e-09
EX0-EX2,30,15,0.999999999398158,3.754840141844475e-10
EX0-EX2,30,16,0.9999999998355362,1.5624145551448692e-10
EX0-EX2,30,17,0.9999999999927965,6.287366309113808e-12
EX0-EX2,30,18,0.999999999999605,2.8849873026011927e-13
EX0-EX2,30,19,0.9999999999999981,1.8398823372584076e-15
EX0-EX2,30,20,1.0,7.51860396164128e-18
EX0-EX2,30,21,1.0,1.2735894468347346e-20
EX0-EX2,30,22,1.0,3.1262472126364608e-21
EX0-EX2,30,23,1.0,1.9338422524894925e-23
EX0-EX2,30,24,1.0,8.88332920960807e-25
EX0-EX2,30,25,1.0,1.4956623471734854e-25
EX0-EX2,30,26,1.0,1.2788713433917527e-27
EX0-EX2,30,27,1.0,4.712291841775951e-32
EX0-EX2,30,28,1.0,1.5264028795996655e-33
EX0-EX2,30,29,1.0,9.381882730993651e-36
EX0-EX2,30,30,1.0,5.236133614872407e-36
EX0-EX2,30,31,1.0,3.941572049855328e-36
EX0-EX2,30,32,1.0,5.90150199006741e-37
EX0-EX2,30,33,1.0,1.436513866247586e-37
EX0-EX2,30,34,1.0,1.3988653327815958e-37
EX0-EX2,30,35,1.0,3.2525214115763925e-48
EX0-EX2,30,36,1.0,2.834732937070529e-50
EX0-EX2,30,37,1.0,3.892745406196932e-54
EX0-EX2,30,38,1.0,5.547299544097946e-57
EX0-EX2,30,39,1.0,9.393813405509397e-58
EX0-EX2,30,40,1.0,2.4328990207585884e-58
EX0-EX2,30,41,1.0,2.3823315114416995e-58
EX0-EX2,30,42,1.0,8.780574095796178e-59
EX0-EX2,30,43,1.0,1.8118600120552756e-62
EX0-EX2,30,44,1.0,7.661130918193454e-66
EX0-EX2,30,45,1.0,5.760578498885024e-66
EX0-EX2,30,46,1.0,1.5139401949232325e-68
EX0-EX2,30,47,1.0,5.960056439684891e-79
EX0-EX2,30,48,1.0,9.898290510368108e-81
EX0-EX2,30,49,1.0,6.739026734856998e-88
EX0-EX2,30,50,1.0,2.1352949570559965e-94
EX0-EX2,30,51,1.0,1.9465391607428678e-94
EX0-EX2,30,52,1.0,7.238935792920478e-95
EX0-EX2,30,53,1.0,1.0492026910724443e-96
EX0-EX2,30,54,1.0,1.0082691930924409e-96
EX0-EX2,30,55,1.0,8.183140712669482e-97
EX0-EX2,30,56,1.0,3.4700603854677546e-100
EX0-EX2,30,57,1.0,3.4347920286202496e-100
EX0-EX2,30,58,1.0,6.690749295981641e-130
EX0-EX2,30,59,1.0,5.708928183979518e-130
EX0-EX2,30,60,1.0,1.2812839604228546e-130
EX0-EX2,30,61,1.0,1.788995974382447e-132
EX0-EX2,30,62,1.0,1.5827915952818933e-137
EX0-EX2,30,63,1.0,4.0970734000316163e-138
EX0-EX2,30,64,1.0,3.6086504745607085e-138
EX0-EX2,30,65,1.0,1.0297474607781496e-138
EX0-EX2,30,66,1.0,7.437745895793753e-140
EX0-EX2,30,67,1.0,8.72737052507856e-141
EX0-EX2,30,68,1.0,2.5746476303716977e-144
EX0-EX2,30,69,1.0,2.6894035076604358e-145
EX0-EX2,30,70,1.0,8.197637256839594e-146
EX0-EX2,30,71,1.0,4.50526355499192e-155
EX0-EX2,30,72,1.0,2.091927568123852e-155
EX0-EX2,30,73,1.0,3.4780063531728096e-157
EX0-EX2,30,74,1.0,6.757319074288669e-158
EX0-EX2,30,75,1.0,1.6679103418469623e-158
EX0-EX2,30,76,1.0,0.0
EX0-EX2,30,77,1.0,0.0
EX0-EX2,30,78,1.0,0.0
EX0-EX2,30,79,1.0,0.0
EX0-EX2,30,80,1.0,0.0
EX0-EX2,30,81,1.0,0.0
EX0-EX2,30,82,1.0,0.0
EX0-EX2,30,83,1.0,0.0
EX0-EX2,30,84,1.0,0.0
EX0-EX2,30,85,1.0,0.0
EX0-EX2,30,86,1.0,0.0
EX0-EX2,30,87,1.0,0.0
EX0-EX2,30,88,1.0,0.0
EX0-EX2,30,89,1.0,0.0
EX0-EX2,30,90,1.0,0.0
EX0-EX2,30,91,1.0,0.0
EX0-EX2,30,92,1.0,0.0
EX0-EX2,30,93,1.0,0.0
EX0-EX2,30,94,1.0,0.0
EX0-EX2,30,95,1.0,0.0
EX0-EX2,30,96,1.0,0.0
EX0-EX2,30,97,1.0,0.0
EX0-EX2,30,98,1.0,0.0
EX0-EX2,30,99,1.0,0.0
EX0-EX2,30,100,1.0,0.0
EX0-EX2,30,101,1.0,0.0
EX0-EX2,30,102,1.0,0.0
EX0-EX2,30,103,1.0,0.0
EX0-EX2,30,104,1.0,0.0
EX0-EX2,30,105,1.0,0.0
EX0-EX2,30,106,1.0,0.0
EX0-EX2,30,107,1.0,0.0
EX0-EX2,30,108,1.0,0.0
EX0-EX2,30,109,1.0,0.0
EX0-EX2,30,110,1.0,0.0
EX0-EX2,30,111,1.0,0.0
EX0-EX2,30,112,1.0,0.0
EX0-EX2,30,113,1.0,0.0
EX0-EX2,30,114,1.0,0.0
EX0-EX2,30,115,1.0,0.0
EX0-EX2,30,116,1.0,0.0
EX0-EX2,30,117,1.0,0.0
EX0-EX2,30,118,1.0,0.0
EX0-EX2,30,119,1.0,0.0
EX0-EX2,30,120,1.0,0.0
EX0-EX2,30,121,1.0,0.0
EX0-EX2,30,122,1.0,0.0
EX0-EX2,30,123,1.0,0.0
EX0-EX2,30,124,1.0,0.0
EX0-EX2,30,125,1.0,0.0
EX0-EX2,30,126,1.0,0.0
EX0-EX2,30,127,1.0,0.0
EX0-EX2,30,128,1.0,0.0
EX0-EX2,30,129,1.0,0.0
EX0-EX2,30,130,1.0,0.0
EX0-EX2,30,131,1.0,0.0
EX0-EX2,30,132,1.0,0.0
EX0-EX2,30,133,1.0,0.0
EX0-EX2,30,134,1.0,0.0
EX0-EX2,30,135,1.0,0.0
EX0-EX2,30,136,1.0,0.0
EX0-EX2,30,137,1.0,0.0
EX0-EX2,30,138,1.0,0.0
EX0-EX2,30,139,1.0,0.0
EX0-EX2,30,140,1.0,0.0
EX0-EX2,30,141,1.0,0.0
EX0-EX2,30,142,1.0,0.0
EX0-EX2,30,143,1.0,0.0
EX0-EX2,30,144,1.0,0.0
EX0-EX2,30,145,1.0,0.0
EX0-EX2,30,146,1.0,0.0
EX0-EX2,30,147,1.0,0.0
EX0-EX2,30,148,1.0,0.0
EX0-EX2,30,149,1.0,0.0
EX0-EX2,30,150,1.0,0.0
EX0-EX2,30,151,1.0,0.0
EX0-EX2,30,152,1.0,0.0
EX0-EX2,30,153,1.0,0.0
EX0-EX2,30,154,1.0,0.0
EX0-EX2,30,155,1.0,0.0
EX0-EX2,30,156,1.0,0.0
EX0-EX2,30,157,1.0,0.0
EX0-EX2,30,158,1.0,0.0
EX0-EX2,30,159,1.0,0.0
EX0-EX2,30,160,1.0,0.0
EX0-EX2,30,161,1.0,0.0
EX0-EX2,30,162,1.0,0.0
EX0-EX2,30,163,1.0,0.0
EX0-EX2,30,164,1.0,0.0
EX0-EX2,30,165,1.0,0.0
EX0-EX2,30,166,1.0,0.0
EX0-EX2,30,167,1.0,0.0
EX0-EX2,30,168,1.0,0.0
EX0-EX2,30,169,1.0,0.0
EX0-EX2,30,170,1.0,0.0
EX0-EX2,30,171,1.0,0.0
EX0-EX2,30,172,1.0,0.0
EX0-EX2,30,173,1.0,0.0
EX0-EX2,30,174,1.0,0.0
EX0-EX2,30,175,1.0,0.0
EX0-EX2,30,176,1.0,0.0
EX0-EX2,30,177,1.0,0.0
EX0-EX2,30,178,1.0,0.0
EX0-EX2,30,179,1.0,0.0
EX0-EX2,30,180,1.0,0.0
EX0-EX2,30,181,1.0,0.0
EX0-EX2,30,182,1.0,0.0
EX0-EX2,30,183,1.0,0.0
EX0-EX2,30,184,1.0,0.0
EX0-EX2,30,185,1.0,0.0
EX0-EX2,30,186,1.0,0.0
EX0-EX2,30,187,1.0,0.0
EX0-EX2,30,188,1.0,0.0
EX0-EX2,30,189,1.0,0.0
EX0-EX2,30,190,1.0,0.0
EX0-EX2,30,191,1.0,0.0
EX0-EX2,30,192,1.0,0.0
EX0-EX2,30,193,1.0,0.0
EX0-EX2,30,194,1.0,0.0
EX0-EX2,30,195,1.0,0.0
EX0-EX2,30,196,1.0,0.0
EX0-EX2,30,197,1.0,0.0
EX0-EX2,30,198,1.0,0.0
EX0-EX2,30,199,1.0,0.0
EX0-EX2,30,200,1.0,0.0
EX0-EX2,50,1,0.958422107810794,0.0003767689612893305
EX0-EX2,50,2,0.9950053219560601,0.00010328945717562196
EX0-EX2,50,3,0.9993677550536484,2.8965075982568264e-05
EX0-EX2,50,4,0.9999124241463195,7.831992939290263e-06
EX0-EX2,50,5,0.9999896827898062,1.6908625365859247e-06
EX0-EX2,50,6,0.9999987992460784,4.2701387072665254e-07
EX0-EX2,50,7,0.9999998676727057,4.126952490209236e-08
EX0-EX2,50,8,0.9999999719978144,1.7355697722796358e-08
EX0-EX2,50,9,0.9999999998132394,1.218912944952556e-10
EX0-EX2,50,10,0.9999999998926022,6.991513654046991e-11
EX0-EX2,50,11,0.9999999999846616,1.0704061669264432e-11
EX0-EX2,50,12,0.9999999999997082,1.5545691409865216e-13
EX0-EX2,50,13,0.9999999999999816,1.484460687806631e-14
EX0-EX2,50,14,0.9999999999999987,1.0104931461923104e-15
EX0-EX2,50,15,1.0,3.669237852855114e-17
EX0-EX2,50,16,1.0,6.02966713036188e-18
EX0-EX2,50,17,1.0,9.988799924735361e-22
EX0-EX2,50,18,1.0,1.686117082023382e-25
EX0-EX2,50,19,1.0,2.3106281304261245e-31
EX0-EX2,50,20,1.0,6.416841093548458e-38
EX0-EX2,50,21,1.0,1.3335173849522197e-45
EX0-EX2,50,22,1.0,3.29682892795083e-47
EX0-EX2,50,23,1.0,2.7126468504764116e-53
EX0-EX2,50,24,1.0,4.587347832516962e-57
EX0-EX2,50,25,1.0,2.8314400457541153e-59
EX0-EX2,50,26,1.0,8.127156154588643e-65
EX0-EX2,50,27,1.0,4.64027977024733e-77
EX0-EX2,50,28,1.0,3.5510603695799875e-81
EX0-EX2,50,29,1.0,2.172499477077448e-87
EX0-EX2,50,30,1.0,5.145473895730963e-88
EX0-EX2,50,31,1.0,2.3868574180981152e-88
EX0-EX2,50,32,1.0,1.156270697700294e-90
EX0-EX2,50,33,1.0,2.623564301034476e-92
EX0-EX2,50,34,1.0,2.4377801943347876e-92
EX0-EX2,50,35,1.0,9.153728397279224e-122
EX0-EX2,50,36,1.0,1.8148405280136483e-127
EX0-EX2,50,37,1.0,3.653982550145128e-138
EX0-EX2,50,38,1.0,4.744776748176542e-146
EX0-EX2,50,39,1.0,3.1249669106727876e-148
EX0-EX2,50,40,1.0,8.233682748786594e-150
EX0-EX2,50,41,1.0,7.794822836015099e-150
EX0-EX2,50,42,1.0,4.907874050416531e-151
EX0-EX2,50,43,1.0,3.0150966623773335e-161
EX0-EX2,50,44,1.0,0.0
EX0-EX2,50,45,1.0,0.0
EX0-EX2,50,46,1.0,0.0
EX0-EX2,50,47,1.0,0.0
EX0-EX2,50,48,1.0,0.0
EX0-EX2,50,49,1.0,0.0
EX0-EX2,50,50,1.0,0.0
EX0-EX2,50,51,1.0,0.0
EX0-EX2,50,52,1.0,0.0
EX0-EX2,50,53,1.0,0.0
EX0-EX2,50,54,1.0,0.0
EX0-EX2,50,55,1.0,0.0
EX0-EX2,50,56,1.0,0.0
EX0-EX2,50,57,1.0,0.0
EX0-EX2,50,58,1.0,0.0
EX0-EX2,50,59,1.0,0.0
EX0-EX2,50,60,1.0,0.0
EX0-EX2,50,61,1.0,0.0
EX0-EX2,50,62,1.0,0.0
EX0-EX2,50,63,1.0,0.0
EX0-EX2,50,64,1.0,0.0
EX0-EX2,50,65,1.0,0.0
EX0-EX2,50,66,1.0,0.0
EX0-EX2,50,67,1.0,0.0
EX0-EX2,50,68,1.0,0.0
EX0-EX2,50,69,1.0,0.0
EX0-EX2,50,70,1.0,0.0
EX0-EX2,50,71,1.0,0.0
EX0-EX2,50,72,1.0,0.0
EX0-EX2,50,73,1.0,0.0
EX0-EX2,50,74,1.0,0.0
EX0-EX2,50,75,1.0,0.0
EX0-EX2,50,76,1.0,0.0
EX0-EX2,50,77,1.0,0.0
EX0-EX2,50,78,1.0,0.0
EX0-EX2,50,79,1.0,0.0
EX0-EX2,50,80,1.0,0.0
EX0-EX2,50,81,1.0,0.0
EX0-EX2,50,82,1.0,0.0
EX0-EX2,50,83,1.0,0.0
EX0-EX2,50,84,1.0,0.0
EX0-EX2,50,85,1.0,0.0
EX0-EX2,50,86,1.0,0.0
EX0-EX2,50,87,1.0,0.0
EX0-EX2,50,88,1.0,0.0
EX0-EX2,50,89,1.0,0.0
EX0-EX2,50,90,1.0,0.0
EX0-EX2,50,91,1.0,0.0
EX0-EX2,50,92,1.0,0.0
EX0-EX2,50,93,1.0,0.0
EX0-EX2,50,94,1.0,0.0
EX0-EX2,50,95,1.0,0.0
EX0-EX2,50,96,1.0,0.0
EX0-EX2,50,97,1.0,0.0
EX0-EX2,50,98,1.0,0.0
EX0-EX2,50,99,1.0,0.0
EX0-EX2,50,100,1.0,0.0
EX0-EX2,50,101,1.0,0.0
EX0-EX2,50,102,1.0,0.0
EX0-EX2,50,103,1.0,0.0
EX0-EX2,50,104,1.0,0.0
EX0-EX2,50,105,1.0,0.0
EX0-EX2,50,106,1.0,0.0
EX0-EX2,50,107,1.0,0.0
EX0-EX2,50,108,1.0,0.0
EX0-EX2,50,109,1.0,0.0
EX0-EX2,50,110,1.0,0.0
EX0-EX2,50,111,1.0,0.0
EX0-EX2,50,112,1.0,0.0
EX0-EX2,50,113,1.0,0.0
EX0-EX2,50,114,1.0,0.0
EX0-EX2,50,115,1.0,0.0
EX0-EX2,50,116,1.0,0.0
EX0-EX2,50,117,1.0,0.0
EX0-EX2,50,118,1.0,0.0
EX0-EX2,50,119,1.0,0.0
EX0-EX2,50,120,1.0,0.0
EX0-EX2,50,121,1.0,0.0
EX0-EX2,50,122,1.0,0.0
EX0-EX2,50,123,1.0,0.0
EX0-EX2,50,124,1.0,0.0
EX0-EX2,50,125,1.0,0.0
EX0-EX2,50,126,1.0,0.0
EX0-EX2,50,127,1.0,0.0
EX0-EX2,50,128,1.0,0.0
EX0-EX2,50,129,1.0,0.0
EX0-EX2,50,130,1.0,0.0
EX0-EX2,50,131,1.0,0.0
EX0-EX2,50,132,1.0,0.0
EX0-EX2,50,133,1.0,0.0
EX0-EX2,50,134,1.0,0.0
EX0-EX2,50,135,1.0,0.0
EX0-EX2,50,136,1.0,0.0
EX0-EX2,50,137,1.0,0.0
EX0-EX2,50,138,1.0,0.0
EX0-EX2,50,139,1.0,0.0
EX0-EX2,50,140,1.0,0.0
EX0-EX2,50,141,1.0,0.0
EX0-EX2,50,142,1.0,0.0
EX0-EX2,50,143,1.0,0.0
EX0-EX2,50,144,1.0,0.0
EX0-EX2,50,145,1.0,0.0
EX0-EX2,50,146,1.0,0.0
EX0-EX2,50,147,1.0,0.0
EX0-EX2,50,148,1.0,0.0
EX0-EX2,50,149,1.0,0.0
EX0-EX2,50,150,1.0,0.0
EX0-EX2,50,151,1.0,0.0
EX0-EX2,50,152,1.0,0.0
EX0-EX2,50,153,1.0,0.0
EX0-EX2,50,154,1.0,0.0
EX0-EX2,50,155,1.0,0.0
EX0-EX2,50,156,1.0,0.0
EX0-EX2,50,157,1.0,0.0
EX0-EX2,50,158,1.0,0.0
EX0-EX2,50,159,1.0,0.0
EX0-EX2,50,160,1.0,0.0
EX0-EX2,50,161,1.0,0.0
EX0-EX2,50,162,1.0,0.0
EX0-EX2,50,163,1.0,0.0
EX0-EX2,50,164,1.0,0.0
EX0-EX2,50,165,1.0,0.0
EX0-EX2,50,166,1.0,0.0
EX0-EX2,50,167,1.0,0.0
EX0-EX2,50,168,1.0,0.0
EX0-EX2,50,169,1.0,0.0
EX0-EX2,50,170,1.0,0.0
EX0-EX2,50,171,1.0,0.0
EX0-EX2,50,172,1.0,0.0
EX0-EX2,50,173,1.0,0.0
EX0-EX2,50,174,1.0,0.0
EX0-EX2,50,175,1.0,0.0
EX0-EX2,50,176,1.0,0.0
EX0-EX2,50,177,1.0,0.0
EX0-EX2,50,178,1.0,0.0
EX0-EX2,50,179,1.0,0.0
EX0-EX2,50,180,1.0,0.0
EX0-EX2,50,181,1.0,0.0
EX0-EX2,50,182,1.0,0.0
EX0-EX2,50,183,1.0,0.0
EX0-EX2,50,184,1.0,0.0
EX0-EX2,50,185,1.0,0.0
EX0-EX2,50,186,1.0,0.0
EX0-EX2,50,187,1.0,0.0
EX0-EX2,50,188,1.0,0.0
EX0-EX2,50,189,1.0,0.0
EX0-EX2,50,190,1.0,0.0
EX0-EX2,50,191,1.0,0.0
EX0-EX2,50,192,1.0,0.0
EX0-EX2,50,193,1.0,0.0
EX0-EX2,50,194,1.0,0.0
EX0-EX2,50,195,1.0,0.0
EX0-EX2,50,196,1.0,0.0
EX0-EX2,50,197,1.0,0.0
EX0-EX2,50,198,1.0,0.0
EX0-EX2,50,199,1.0,0.0
EX0-EX2,50,200,1.0,0.0
EX0-EX2,80,1,0.980734549219788,0.000243880353849304
EX0-EX2,80,2,0.9988302540707898,4.2184840139203616e-05
EX0-EX2,80,3,0.9999168469483385,9.196390478237275e-06
EX0-EX2,80,4,0.9999946218526008,1.4152242490934423e-06
EX0-EX2,80,5,0.9999998146482774,6.733486610543338e-08
EX0-EX2,80,6,0.999999989659575,9.150249440669176e-09
EX0-EX2,80,7,0.9999999999693107,1.5759100233604474e-11
EX0-EX2,80,8,0.999999999995265,3.911380216738209e-12
EX0-EX2,80,9,1.0,2.0324194944288285e-17
EX0-EX2,80,10,1.0,4.419369323824946e-18
EX0-EX2,80,11,1.0,3.8160218013424286e-20
EX0-EX2,80,12,1.0,6.993592659292818e-25
EX0-EX2,80,13,1.0,3.7552832066305654e-27
EX0-EX2,80,14,1.0,4.0205343988542866e-30
EX0-EX2,80,15,1.0,8.178452519347258e-34
EX0-EX2,80,16,1.0,1.0498138396784499e-35
EX0-EX2,80,17,1.0,2.722187444950823e-45
EX0-EX2,80,18,1.0,6.827857863802625e-55
EX0-EX2,80,19,1.0,8.494693342637029e-70
EX0-EX2,80,20,1.0,1.6703742863427438e-86
EX0-EX2,80,21,1.0,4.2388283363268076e-106
EX0-EX2,80,22,1.0,3.382343691836059e-110
EX0-EX2,80,23,1.0,9.98165887080744e-126
EX0-EX2,80,24,1.0,2.3338294823577664e-135
EX0-EX2,80,25,1.0,5.017092274039025e-141
EX0-EX2,80,26,1.0,3.743748727622932e-155
EX0-EX2,80,27,1.0,0.0
EX0-EX2,80,28,1.0,0.0
EX0-EX2,80,29,1.0,0.0
EX0-EX2,80,30,1.0,0.0
EX0-EX2,80,31,1.0,0.0
EX0-EX2,80,32,1.0,0.0
EX0-EX2,80,33,1.0,0.0
EX0-EX2,80,34,1.0,0.0
EX0-EX2,80,35,1.0,0.0
EX0-EX2,80,36,1.0,0.0
EX0-EX2,80,37,1.0,0.0
EX0-EX2,80,38,1.0,0.0
EX0-EX2,80,39,1.0,0.0
EX0-EX2,80,40,1.0,0.0
EX0-EX2,80,41,1.0,0.0
EX0-EX2,80,42,1.0,0.0
EX0-EX2,80,43,1.0,0.0
EX0-EX2,80,44,1.0,0.0
EX0-EX2,80,45,1.0,0.0
EX0-EX2,80,46,1.0,0.0
EX0-EX2,80,47,1.0,0.0
EX0-EX2,80,48,1.0,0.0
EX0-EX2,80,49,1.0,0.0
EX0-EX2,80,50,1.0,0.0
EX0-EX2,80,51,1.0,0.0
EX0-EX2,80,52,1.0,0.0
EX0-EX2,80,53,1.0,0.0
EX0-EX2,80,54,1.0,0.0
EX0-EX2,80,55,1.0,0.0
EX0-EX2,80,56,1.0,0.0
EX0-EX2,80,57,1.0,0.0
EX0-EX2,80,58,1.0,0.0
EX0-EX2,80,59,1.0,0.0
EX0-EX2,80,60,1.0,0.0
EX0-EX2,80,61,1.0,0.0
EX0-EX2,80,62,1.0,0.0
EX0-EX2,80,63,1.0,0.0
EX0-EX2,80,64,1.0,0.0
EX0-EX2,80,65,1.0,0.0
EX0-EX2,80,66,1.0,0.0
EX0-EX2,80,67,1.0,0.0
EX0-EX2,80,68,1.0,0.0
EX0-EX2,80,69,1.0,0.0
EX0-EX2,80,70,1.0,0.0
EX0-EX2,80,71,1.0,0.0
EX0-EX2,80,72,1.0,0.0
EX0-EX2,80,73,1.0,0.0
EX0-EX2,80,74,1.0,0.0
EX0-EX2,80,75,1.0,0.0
EX0-EX2,80,76,1.0,0.0
EX0-EX2,80,77,1.0,0.0
EX0-EX2,80,78,1.0,0.0
EX0-EX2,80,79,1.0,0.0
EX0-EX2,80,80,1.0,0.0
EX0-EX2,80,81,1.0,0.0
EX0-EX2,80,82,1.0,0.0
EX0-EX2,80,83,1.0,0.0
EX0-EX2,80,84,1.0,0.0
EX0-EX2,80,85,1.0,0.0
EX0-EX2,80,86,1.0,0.0
EX0-EX2,80,87,1.0,0.0
EX0-EX2,80,88,1.0,0.0
EX0-EX2,80,89,1.0,0.0
EX0-EX2,80,90,1.0,0.0
EX0-EX2,80,91,1.0,0.0
EX0-EX2,80,92,1.0,0.0
EX0-EX2,80,93,1.0,0.0
EX0-EX2,80,94,1.0,0.0
EX0-EX2,80,95,1.0,0.0
EX0-EX2,80,96,1.0,0.0
EX0-EX2,80,97,1.0,0.0
EX0-EX2,80,98,1.0,0.0
EX0-EX2,80,99,1.0,0.0
EX0-EX2,80,100,1.0,0.0
EX0-EX2,80,101,1.0,0.0
EX0-EX2,80,102,1.0,0.0
EX0-EX2,80,103,1.0,0.0
EX0-EX2,80,104,1.0,0.0
EX0-EX2,80,105,1.0,0.0
EX0-EX2,80,106,1.0,0.0
EX0-EX2,80,107,1.0,0.0
EX0-EX2,80,108,1.0,0.0
EX0-EX2,80,109,1.0,0.0
EX0-EX2,80,110,1.0,0.0
EX0-EX2,80,111,1.0,0.0
EX0-EX2,80,112,1.0,0.0
EX0-EX2,80,113,1.0,0.0
EX0-EX2,80,114,1.0,0.0
EX0-EX2,80,115,1.0,0.0
EX0-EX2,80,116,1.0,0.0
EX0-EX2,80,117,1.0,0.0
EX0-EX2,80,118,1.0,0.0
EX0-EX2,80,119,1.0,0.0
EX0-EX2,80,120,1.0,0.0
EX0-EX2,80,121,1.0,0.0
EX0-EX2,80,122,1.0,0.0
EX0-EX2,80,123,1.0,0.0
EX0-EX2,80,124,1.0,0.0
EX0-EX2,80,125,1.0,0.0
EX0-EX2,80,126,1.0,0.0
EX0-EX2,80,127,1.0,0.0
EX0-EX2,80,128,1.0,0.0
EX0-EX2,80,129,1.0,0.0
EX0-EX2,80,130,1.0,0.0
EX0-EX2,80,131,1.0,0.0
EX0-EX2,80,132,1.0,0.0
EX0-EX2,80,133,1.0,0.0
EX0-EX2,80,134,1.0,0.0
EX0-EX2,80,135,1.0,0.0
EX0-EX2,80,136,1.0,0.0
EX0-EX2,80,137,1.0,0.0
EX0-EX2,80,138,1.0,0.0
EX0-EX2,80,139,1.0,0.0
EX0-EX2,80,140,1.0,0.0
EX0-EX2,80,141,1.0,0.0
EX0-EX2,80,142,1.0,0.0
EX0-EX2,80,143,1.0,0.0
EX0-EX2,80,144,1.0,0.0
EX0-EX2,80,145,1.0,0.0
EX0-EX2,80,146,1.0,0.0
EX0-EX2,80,147,1.0,0.0
EX0-EX2,80,148,1.0,0.0
EX0-EX2,80,149,1.0,0.0
EX0-EX2,80,150,1.0,0.0
EX0-EX2,80,151,1.0,0.0
EX0-EX2,80,152,1.0,0.0
EX0-EX2,80,153,1.0,0.0
EX0-EX2,80,154,1.0,0.0
EX0-EX2,80,155,1.0,0.0
EX0-EX2,80,156,1.0,0.0
EX0-EX2,80,157,1.0,0.0
EX0-EX2,80,158,1.0,0.0
EX0-EX2,80,159,1.0,0.0
EX0-EX2,80,160,1.0,0.0
EX0-EX2,80,161,1.0,0.0
EX0-EX2,80,162,1.0,0.0
EX0-EX2,80,163,1.0,0.0
EX0-EX2,80,164,1.0,0.0
EX0-EX2,80,165,1.0,0.0
EX0-EX2,80,166,1.0,0.0
EX0-EX2,80,167,1.0,0.0
EX0-EX2,80,168,1.0,0.0
EX0-EX2,80,169,1.0,0.0
EX0-EX2,80,170,1.0,0.0
EX0-EX2,80,171,1.0,0.0
EX0-EX2,80,172,1.0,0.0
EX0-EX2,80,173,1.0,0.0
EX0-EX2,80,174,1.0,0.0
EX0-EX2,80,175,1.0,0.0
EX0-EX2,80,176,1.0,0.0
EX0-EX2,80,177,1.0,0.0
EX0-EX2,80,178,1.0,0.0
EX0-EX2,80,179,1.0,0.0
EX0-EX2,80,180,1.0,0.0
EX0-EX2,80,181,1.0,0.0
EX0-EX2,80,182,1.0,0.0
EX0-EX2,80,183,1.0,0.0
EX0-EX2,80,184,1.0,0.0
EX0-EX2,80,185,1.0,0.0
EX0-EX2,80,186,1.0,0.0
EX0-EX2,80,187,1.0,0.0
EX0-EX2,80,188,1.0,0.0
EX0-EX2,80,189,1.0,0.0
EX0-EX2,80,190,1.0,0.0
EX0-EX2,80,191,1.0,0.0
EX0-EX2,80,192,1.0,0.0
EX0-EX2,80,193,1.0,0.0
EX0-EX2,80,194,1.0,0.0
EX0-EX2,80,195,1.0,0.0
EX0-EX2,80,196,1.0,0.0
EX0-EX2,80,197,1.0,0.0
EX0-EX2,80,198,1.0,0.0
EX0-EX2,80,199,1.0,0.0
EX0-EX2,80,200,1.0,0.0
EX0-EX3,10,1,0.8365559574104362,0.0006905618622546514
EX0-EX3,10,2,0.934396680713157,0.00044473775264867766
EX0-EX3,10,3,0.9725151365387552,0.00026410537002789975
EX0-EX3,10,4,0.9878276085330407,0.00015770355496291206
EX0-EX3,10,5,0.9946362004087447,9.084183267050098e-05
EX0-EX3,10,6,0.9976028474821628,5.245870393262809e-05
EX0-EX3,10,7,0.9988639528952657,3.189299810935684e-05
EX0-EX3,10,8,0.9994916905466231,1.879671917179724e-05
EX0-EX3,10,9,0.9997731672104989,1.1216250218602403e-05
EX0-EX3,10,10,0.9998868230735917,6.8285691234015996e-06
EX0-EX3,10,11,0.9999461911514479,4.165282411788107e-06
EX0-EX3,10,12,0.9999739525683945,2.6258668354958037e-06
EX0-EX3,10,13,0.9999872092578359,1.6578086159771023e-06
EX0-EX3,10,14,0.9999925202935643,1.32043297148176e-06
EX0-EX3,10,15,0.9999968253206111,5.273150001400318e-07
EX0-EX3,10,16,0.9999982929314337,3.297177070406377e-07
EX0-EX3,10,17,0.9999990153741443,2.5524639724679265e-07
EX0-EX3,10,18,0.9999995715996305,1.1668099789956714e-07
EX0-EX3,10,19,0.9999999246572272,1.7642977440592152e-08
EX0-EX3,10,20,0.9999999716726731,7.902487384028805e-09
EX0-EX3,10,21,0.999999990803293,2.914297326833387e-09
EX0-EX3,10,22,0.9999999946493575,2.2166218883138003e-09
EX0-EX3,10,23,0.9999999976968891,8.33150512516276e-10
EX0-EX3,10,24,0.9999999987772551,5.352390579616212e-10
EX0-EX3,10,25,0.9999999992956043,4.055067763189766e-10
EX0-EX3,10,26,0.9999999994890488,3.879821795806459e-10
EX0-EX3,10,27,0.9999999995837101,3.663582868644424e-10
EX0-EX3,10,28,0.9999999996198121,3.5346437792235165e-10
EX0-EX3,10,29,0.9999999996466055,3.2902224050604487e-10
EX0-EX3,10,30,0.9999999996662854,3.2275410956501886e-10
EX0-EX3,10,31,0.9999999998331234,1.6227104762978992e-10
EX0-EX3,10,32,0.9999999998369258,1.5948397647938668e-10
EX0-EX3,10,33,0.9999999999910196,6.9787468318801815e-12
EX0-EX3,10,34,0.9999999999924354,5.7635880589395596e-12
EX0-EX3,10,35,0.9999999999951829,4.175929617666032e-12
EX0-EX3,10,36,0.9999999999974614,2.2156877675201823e-12
EX0-EX3,10,37,0.9999999999981377,1.5584184754765235e-12
EX0-EX3,10,38,0.9999999999987413,1.2415598721460154e-12
EX0-EX3,10,39,0.9999999999987904,1.2057686542347779e-12
EX0-EX3,10,40,0.999999999998804,1.1952194899851997e-12
EX0-EX3,10,41,0.9999999999999997,2.6794762432425054e-16
EX0-EX3,10,42,0.9999999999999998,1.812754349791831e-16
EX0-EX3,10,43,0.9999999999999998,1.7876421221788589e-16
EX0-EX3,10,44,1.0,7.237864119479627e-19
EX0-EX3,10,45,1.0,6.725412284732056e-19
EX0-EX3,10,46,1.0,6.450440260684285e-20
EX0-EX3,10,47,1.0,6.178827900475932e-20
EX0-EX3,10,48,1.0,1.4896445993684716e-21
EX0-EX3,10,49,1.0,6.180410416375854e-22
EX0-EX3,10,50,1.0,5.826646656685705e-22
EX0-EX3,10,51,1.0,3.9947128118168097e-22
EX0-EX3,10,52,1.0,3.8243641290554534e-22
EX0-EX3,10,53,1.0,1.380101172842223e-22
EX0-EX3,10,54,1.0,1.3712254910907867e-22
EX0-EX3,10,55,1.0,1.0208480759513547e-24
EX0-EX3,10,56,1.0,2.2477680640325914e-27
EX0-EX3,10,57,1.0,2.2171284933092355e-27
EX0-EX3,10,58,1.0,9.24763373232161e-28
EX0-EX3,10,59,1.0,9.136351453982335e-28
EX0-EX3,10,60,1.0,8.167310753636684e-28
EX0-EX3,10,61,1.0,7.100820241203224e-28
EX0-EX3,10,62,1.0,8.408643501841244e-29
EX0-EX3,10,63,1.0,8.13735567262219e-29
EX0-EX3,10,64,1.0,1.1147671966366515e-29
EX0-EX3,10,65,1.0,8.45602086855098e-30
EX0-EX3,10,66,1.0,3.771071116736912e-30
EX0-EX3,10,67,1.0,1.489105288251044e-30
EX0-EX3,10,68,1.0,3.5530102487140275e-31
EX0-EX3,10,69,1.0,5.202912709282942e-32
EX0-EX3,10,70,1.0,2.431364680417352e-33
EX0-EX3,10,71,1.0,1.3763422826388644e-33
EX0-EX3,10,72,1.0,4.3147435255014155e-34
EX0-EX3,10,73,1.0,1.960444163044473e-37
EX0-EX3,10,74,1.0,3.0229716943387307e-38
EX0-EX3,10,75,1.0,5.50975621062517e-41
EX0-EX3,10,76,1.0,5.087742439136688e-41
EX0-EX3,10,77,1.0,3.5072354374703634e-46
EX0-EX3,10,78,1.0,3.2181586667588952e-46
EX0-EX3,10,79,1.0,7.023655390996245e-47
EX0-EX3,10,80,1.0,5.594634967174461e-47
EX0-EX3,10,81,1.0,3.5172764722325615e-47
EX0-EX3,10,82,1.0,1.7243021038904663e-47
EX0-EX3,10,83,1.0,9.433462298094442e-54
EX0-EX3,10,84,1.0,1.852557320463533e-55
EX0-EX3,10,85,1.0,1.3078643842608246e-55
EX0-EX3,10,86,1.0,2.5370558775825453e-58
EX0-EX3,10,87,1.0,9.266377406811432e-59
EX0-EX3,10,88,1.0,8.931827956713386e-59
EX0-EX3,10,89,1.0,2.7423413770538623e-61
EX0-EX3,10,90,1.0,3.4381872443419445e-62
EX0-EX3,10,91,1.0,3.0732455482242445e-62
EX0-EX3,10,92,1.0,1.953445619845566e-62
EX0-EX3,10,93,1.0,1.5780572447090713e-62
EX0-EX3,10,94,1.0,1.6630137415734383e-63
EX0-EX3,10,95,1.0,5.067110296873183e-64
EX0-EX3,10,96,1.0,4.9528349682753136e-64
EX0-EX3,10,97,1.0,8.168676111786763e-65
EX0-EX3,10,98,1.0,2.1482355688340026e-66
EX0-EX3,10,99,1.0,2.2439789542068117e-69
EX0-EX3,10,100,1.0,1.1348907441416835e-72
EX0-EX3,10,101,1.0,3.350128141252572e-73
EX0-EX3,10,102,1.0,2.7938001316299962e-73
EX0-EX3,10,103,1.0,1.8834413385786862e-73
EX0-EX3,10,104,1.0,1.0777854290727331e-73
EX0-EX3,10,105,1.0,1.5778390799765005e-74
EX0-EX3,10,106,1.0,4.735819678839573e-75
EX0-EX3,10,107,1.0,4.364304418629665e-75
EX0-EX3,10,108,1.0,4.3092396468058865e-75
EX0-EX3,10,109,1.0,8.416894105709231e-77
EX0-EX3,10,110,1.0,8.329239849663111e-77
EX0-EX3,10,111,1.0,6.378792753199748e-78
EX0-EX3,10,112,1.0,1.6723965925171123e-78
EX0-EX3,10,113,1.0,8.15684997471589e-79
EX0-EX3,10,114,1.0,5.721557766407846e-79
EX0-EX3,10,115,1.0,2.558485014819045e-80
EX0-EX3,10,116,1.0,1.0660461259312126e-80
EX0-EX3,10,117,1.0,5.680242552627501e-82
EX0-EX3,10,118,1.0,5.923426770220956e-84
EX0-EX3,10,119,1.0,1.2389135245809374e-85
EX0-EX3,10,120,1.0,5.344344150095916e-91
EX0-EX3,10,121,1.0,3.759518334118494e-91
EX0-EX3,10,122,1.0,2.1781320508074733e-91
EX0-EX3,10,123,1.0,6.6292127270154895e-93
EX0-EX3,10,124,1.0,1.1158211129183875e-94
EX0-EX3,10,125,1.0,1.9222636710026037e-95
EX0-EX3,10,126,1.0,4.863487706192754e-96
EX0-EX3,10,127,1.0,1.998379469322418e-96
EX0-EX3,10,128,1.0,8.33218400144172e-97
EX0-EX3,10,129,1.0,3.119124459193662e-97
EX0-EX3,10,130,1.0,1.3345618068801864e-97
EX0-EX3,10,131,1.0,1.0535400752171953e-98
EX0-EX3,10,132,1.0,1.273266118658445e-100
EX0-EX3,10,133,1.0,9.023434803537837e-101
EX0-EX3,10,134,1.0,4.8170051747569845e-101
EX0-EX3,10,135,1.0,3.1288208161002156e-101
EX0-EX3,10,136,1.0,1.7145901255467413e-101
EX0-EX3,10,137,1.0,1.6904060425880756e-101
EX0-EX3,10,138,1.0,7.888773604722423e-103
EX0-EX3,10,139,1.0,4.8085591044436063e-104
EX0-EX3,10,140,1.0,1.2333569904699165e-104
EX0-EX3,10,141,1.0,2.349531293613378e-109
EX0-EX3,10,142,1.0,8.879156603320505e-110
EX0-EX3,10,143,1.0,7.351018944812412e-110
EX0-EX3,10,144,1.0,6.997709608589468e-110
EX0-EX3,10,145,1.0,2.7074000673614234e-115
EX0-EX3,10,146,1.0,2.3560845016796012e-115
EX0-EX3,10,147,1.0,7.938706222986014e-117
EX0-EX3,10,148,1.0,9.558774031168972e-119
EX0-EX3,10,149,1.0,6.497894115155531e-119
EX0-EX3,10,150,1.0,7.5350909760119e-120
EX0-EX3,10,151,1.0,1.7726163918793497e-121
EX0-EX3,10,152,1.0,9.673383477258664e-124
EX0-EX3,10,153,1.0,4.913621190663311e-125
EX0-EX3,10,154,1.0,1.8909455471696475e-125
EX0-EX3,10,155,1.0,3.878146921823461e-128
EX0-EX3,10,156,1.0,3.2077635537474213e-128
EX0-EX3,10,157,1.0,3.1564905200049517e-128
EX0-EX3,10,158,1.0,3.1138186019365784e-128
EX0-EX3,10,159,1.0,1.792967883662438e-128
EX0-EX3,10,160,1.0,2.1371734653726687e-129
EX0-EX3,10,161,1.0,2.0655261280769487e-129
EX0-EX3,10,162,1.0,1.960943919467113e-129
EX0-EX3,10,163,1.0,1.583667915571065e-130
EX0-EX3,10,164,1.0,5.676577436035381e-131
EX0-EX3,10,165,1.0,1.6125344141883633e-132
EX0-EX3,10,166,1.0,1.3482666234911126e-132
EX0-EX3,10,167,1.0,4.317984500384466e-133
EX0-EX3,10,168,1.0,3.250524809432174e-135
EX0-EX3,10,169,1.0,3.062000846441684e-135
EX0-EX3,10,170,1.0,1.7161252673182465e-135
EX0-EX3,10,171,1.0,6.352505864473363e-136
EX0-EX3,10,172,1.0,6.102715191354232e-136
EX0-EX3,10,173,1.0,6.048182396425887e-136
EX0-EX3,10,174,1.0,3.5656905742481155e-138
EX0-EX3,10,175,1.0,2.3760051096936444e-138
EX0-EX3,10,176,1.0,2.3492357145440132e-138
EX0-EX3,10,177,1.0,6.254999964744545e-139
EX0-EX3,10,178,1.0,4.664186474380425e-139
EX0-EX3,10,179,1.0,2.3975391784758486e-142
EX0-EX3,10,180,1.0,2.2627106025741803e-142
EX0-EX3,10,181,1.0,7.742157866939064e-143
EX0-EX3,10,182,1.0,7.674913172223233e-143
EX0-EX3,10,183,1.0,7.190150964822067e-143
EX0-EX3,10,184,1.0,5.885542119936522e-143
EX0-EX3,10,185,1.0,1.6681916749541847e-143
EX0-EX3,10,186,1.0,1.8500416242247007e-147
EX0-EX3,10,187,1.0,1.6211854850864418e-147
EX0-EX3,10,188,1.0,5.3255906075574645e-148
EX0-EX3,10,189,1.0,4.054766867274659e-148
EX0-EX3,10,190,1.0,3.149814247176618e-149
EX0-EX3,10,191,1.0,1.9265104269222814e-150
EX0-EX3,10,192,1.0,0.0
EX0-EX3,10,193,1.0,0.0
EX0-EX3,10,194,1.0,0.0
EX0-EX3,10,195,1.0,0.0
EX0-EX3,10,196,1.0,0.0
EX0-EX3,10,197,1.0,0.0
EX0-EX3,10,198,1.0,0.0
EX0-EX3,10,199,1.0,0.0
EX0-EX3,10,200,1.0,0.0
EX0-EX3,15,1,0.8837962704525042,0.0006163437746088867
EX0-EX3,15,2,0.9652392167852092,0.0003197548325161836
EX0-EX3,15,3,0.9891787200079658,0.00015409371160108622
EX0-EX3,15,4,0.9963665703469313,7.654959000934867e-05
EX0-EX3,15,5,0.9988268667553661,3.53226159747254e-05
EX0-EX3,15,6,0.9996160415462654,1.655226892925464e-05
EX0-EX3,15,7,0.9998600914957395,8.371861712284652e-06
EX0-EX3,15,8,0.9999521879202115,4.558658765108312e-06
EX0-EX3,15,9,0.9999831666860626,2.4663742112685145e-06
EX0-EX3,15,10,0.999993817173838,1.0517378660631488e-06
EX0-EX3,15,11,0.9999977288118066,5.464353487926604e-07
EX0-EX3,15,12,0.9999991062835523,2.441763272931911e-07
EX0-EX3,15,13,0.9999996487793636,1.249341876841801e-07
EX0-EX3,15,14,0.9999997757417004,1.0060091908073578e-07
EX0-EX3,15,15,0.999999967727794,1.2205643394584633e-08
EX0-EX3,15,16,0.9999999879791801,4.37445622449283e-09
EX0-EX3,15,17,0.9999999927896381,3.2451275855476625e-09
EX0-EX3,15,18,0.9999999986442205,5.901727584542337e-10
EX0-EX3,15,19,0.9999999999771845,9.712878255738517e-12
EX0-EX3,15,20,0.9999999999958084,2.587729979945757e-12
EX0-EX3,15,21,0.999999999999515,3.070169542396456e-13
EX0-EX3,15,22,0.9999999999997168,2.422699800242242e-13
EX0-EX3,15,23,0.9999999999999686,1.6941707610868263e-14
EX0-EX3,15,24,0.9999999999999875,9.859787601220726e-15
EX0-EX3,15,25,0.9999999999999928,6.651895779938971e-15
EX0-EX3,15,26,0.9999999999999933,6.605869870158737e-15
EX0-EX3,15,27,0.999999999999994,5.935374409235259e-15
EX0-EX3,15,28,0.9999999999999944,5.498572275670631e-15
EX0-EX3,15,29,0.9999999999999953,4.699907291204089e-15
EX0-EX3,15,30,0.9999999999999954,4.510662061975114e-15
EX0-EX3,15,31,0.999999999999999,9.993659482970566e-16
EX0-EX3,15,32,0.999999999999999,9.62194830632579e-16
EX0-EX3,15,33,1.0,9.38542304766466e-19
EX0-EX3,15,34,1.0,6.05736853063339e-19
EX0-EX3,15,35,1.0,3.096939849006298e-19
EX0-EX3,15,36,1.0,7.679407717965597e-20
EX0-EX3,15,37,1.0,3.467489024562305e-20
EX0-EX3,15,38,1.0,2.1753115470786673e-20
EX0-EX3,15,39,1.0,2.0393305978589314e-20
EX0-EX3,15,40,1.0,2.000116429346028e-20
EX0-EX3,15,41,1.0,1.5888021800687716e-28
EX0-EX3,15,42,1.0,6.624049192124713e-29
EX0-EX3,15,43,1.0,6.441554364683878e-29
EX0-EX3,15,44,1.0,3.0110836310769656e-34
EX0-EX3,15,45,1.0,2.5720419930278767e-34
EX0-EX3,15,46,1.0,1.380654474490555e-36
EX0-EX3,15,47,1.0,1.2690809589086878e-36
EX0-EX3,15,48,1.0,3.1118418587343985e-40
EX0-EX3,15,49,1.0,4.364484125070396e-41
EX0-EX3,15,50,1.0,3.8262182215240176e-41
EX0-EX3,15,51,1.0,1.646955198537705e-41
EX0-EX3,15,52,1.0,1.4942201973441729e-41
EX0-EX3,15,53,1.0,1.5337994833968564e-42
EX0-EX3,15,54,1.0,1.511853321035605e-42
EX0-EX3,15,55,1.0,2.6536475965107534e-47
EX0-EX3,15,56,1.0,3.0276578643562646e-53
EX0-EX3,15,57,1.0,2.936103946473468e-53
EX0-EX3,15,58,1.0,4.1503684808259363e-54
EX0-EX3,15,59,1.0,4.039455446222616e-54
EX0-EX3,15,60,1.0,3.143178011695356e-54
EX0-EX3,15,61,1.0,2.2982118615530312e-54
EX0-EX3,15,62,1.0,1.9401629348305395e-56
EX0-EX3,15,63,1.0,1.8028590006675724e-56
EX0-EX3,15,64,1.0,2.1067926967175648e-58
EX0-EX3,15,65,1.0,1.1348901694974407e-58
EX0-EX3,15,66,1.0,1.8614371168380914e-59
EX0-EX3,15,67,1.0,2.3248007038066198e-60
EX0-EX3,15,68,1.0,9.396037945068916e-62
EX0-EX3,15,69,1.0,1.2720839649804948e-63
EX0-EX3,15,70,1.0,1.33254217838675e-66
EX0-EX3,15,71,1.0,3.724763148492844e-67
EX0-EX3,15,72,1.0,2.7703345244880014e-68
EX0-EX3,15,73,1.0,8.958900792924416e-76
EX0-EX3,15,74,1.0,1.3563477606164685e-77
EX0-EX3,15,75,1.0,9.496350897911033e-84
EX0-EX3,15,76,1.0,8.194639515798466e-84
EX0-EX3,15,77,1.0,1.896088521406019e-95
EX0-EX3,15,78,1.0,1.7742520534688623e-95
EX0-EX3,15,79,1.0,4.814687978864268e-97
EX0-EX3,15,80,1.0,3.358855713368648e-97
EX0-EX3,15,81,1.0,1.1185466207617945e-97
EX0-EX3,15,82,1.0,2.5256624851744374e-98
EX0-EX3,15,83,1.0,2.2244949943592243e-112
EX0-EX3,15,84,1.0,3.3065189360558755e-116
EX0-EX3,15,85,1.0,1.5167835206930897e-116
EX0-EX3,15,86,1.0,1.227599335922066e-122
EX0-EX3,15,87,1.0,1.2844597648442435e-123
EX0-EX3,15,88,1.0,1.1876293997723906e-123
EX0-EX3,15,89,1.0,2.673022546758507e-129
EX0-EX3,15,90,1.0,1.8537181083070555e-131
EX0-EX3,15,91,1.0,1.6939312818478472e-131
EX0-EX3,15,92,1.0,7.185662611819513e-132
EX0-EX3,15,93,1.0,4.4664522210084885e-132
EX0-EX3,15,94,1.0,2.8536947747715926e-134
EX0-EX3,15,95,1.0,1.9816374574155778e-135
EX0-EX3,15,96,1.0,1.882744671378576e-135
EX0-EX3,15,97,1.0,3.2912457425509965e-137
EX0-EX3,15,98,1.0,9.316855972545206e-141
EX0-EX3,15,99,1.0,1.884232867654795e-147
EX0-EX3,15,100,1.0,6.307741538066614e-155
EX0-EX3,15,101,1.0,4.1359743988506606e-156
EX0-EX3,15,102,1.0,2.8273411772929614e-156
EX0-EX3,15,103,1.0,1.3025953458752004e-156
EX0-EX3,15,104,1.0,3.6367638929207146e-157
EX0-EX3,15,105,1.0,4.1817925948111013e-159
EX0-EX3,15,106,1.0,3.375447801217638e-160
EX0-EX3,15,107,1.0,2.8097464218141248e-160
EX0-EX3,15,108,1.0,2.7307385068295964e-160
EX0-EX3,15,109,1.0,0.0
EX0-EX3,15,110,1.0,0.0
EX0-EX3,15,111,1.0,0.0
EX0-EX3,15,112,1.0,0.0
EX0-EX3,15,113,1.0,0.0
EX0-EX3,15,114,1.0,0.0
EX0-EX3,15,115,1.0,0.0
EX0-EX3,15,116,1.0,0.0
EX0-EX3,15,117,1.0,0.0
EX0-EX3,15,118,1.0,0.0
EX0-EX3,15,119,1.0,0.0
EX0-EX3,15,120,1.0,0.0
EX0-EX3,15,121,1.0,0.0
EX0-EX3,15,122,1.0,0.0
EX0-EX3,15,123,1.0,0.0
EX0-EX3,15,124,1.0,0.0
EX0-EX3,15,125,1.0,0.0
EX0-EX3,15,126,1.0,0.0
EX0-EX3,15,127,1.0,0.0
EX0-EX3,15,128,1.0,0.0
EX0-EX3,15,129,1.0,0.0
EX0-EX3,15,130,1.0,0.0
EX0-EX3,15,131,1.0,0.0
EX0-EX3,15,132,1.0,0.0
EX0-EX3,15,133,1.0,0.0
EX0-EX3,15,134,1.0,0.0
EX0-EX3,15,135,1.0,0.0
EX0-EX3,15,136,1.0,0.0
EX0-EX3,15,137,1.0,0.0
EX0-EX3,15,138,1.0,0.0
EX0-EX3,15,139,1.0,0.0
EX0-EX3,15,140,1.0,0.0
EX0-EX3,15,141,1.0,0.0
EX0-EX3,15,142,1.0,0.0
EX0-EX3,15,143,1.0,0.0
EX0-EX3,15,144,1.0,0.0
EX0-EX3,15,145,1.0,0.0
EX0-EX3,15,146,1.0,0.0
EX0-EX3,15,147,1.0,0.0
EX0-EX3,15,148,1.0,0.0
EX0-EX3,15,149,1.0,0.0
EX0-EX3,15,150,1.0,0.0
EX0-EX3,15,151,1.0,0.0
EX0-EX3,15,152,1.0,0.0
EX0-EX3,15,153,1.0,0.0
EX0-EX3,15,154,1.0,0.0
EX0-EX3,15,155,1.0,0.0
EX0-EX3,15,156,1.0,0.0
EX0-EX3,15,157,1.0,0.0
EX0-EX3,15,158,1.0,0.0
EX0-EX3,15,159,1.0,0.0
EX0-EX3,15,160,1.0,0.0
EX0-EX3,15,161,1.0,0.0
EX0-EX3,15,162,1.0,0.0
EX0-EX3,15,163,1.0,0.0
EX0-EX3,15,164,1.0,0.0
EX0-EX3,15,165,1.0,0.0
EX0-EX3,15,166,1.0,0.0
EX0-EX3,15,167,1.0,0.0
EX0-EX3,15,168,1.0,0.0
EX0-EX3,15,169,1.0,0.0
EX0-EX3,15,170,1.0,0.0
EX0-EX3,15,171,1.0,0.0
EX0-EX3,15,172,1.0,0.0
EX0-EX3,15,173,1.0,0.0
EX0-EX3,15,174,1.0,0.0
EX0-EX3,15,175,1.0,0.0
EX0-EX3,15,176,1.0,0.0
EX0-EX3,15,177,1.0,0.0
EX0-EX3,15,178,1.0,0.0
EX0-EX3,15,179,1.0,0.0
EX0-EX3,15,180,1.0,0.0
EX0-EX3,15,181,1.0,0.0
EX0-EX3,15,182,1.0,0.0
EX0-EX3,15,183,1.0,0.0
EX0-EX3,15,184,1.0,0.0
EX0-EX3,15,185,1.0,0.0
EX0-EX3,15,186,1.0,0.0
EX0-EX3,15,187,1.0,0.0
EX0-EX3,15,188,1.0,0.0
EX0-EX3,15,189,1.0,0.0
EX0-EX3,15,190,1.0,0.0
EX0-EX3,15,191,1.0,0.0
EX0-EX3,15,192,1.0,0.0
EX0-EX3,15,193,1.0,0.0
EX0-EX3,15,194,1.0,0.0
EX0-EX3,15,195,1.0,0.0
EX0-EX3,15,196,1.0,0.0
EX0-EX3,15,197,1.0,0.0
EX0-EX3,15,198,1.0,0.0
EX0-EX3,15,199,1.0,0.0
EX0-EX3,15,200,1.0,0.0
EX0-EX3,20,1,0.9129734192167657,0.0005433213507704993
EX0-EX3,20,2,0.9797372153548065,0.00023529882685068414
EX0-EX3,20,3,0.9951161882737765,9.528561006599374e-05
EX0-EX3,20,4,0.9987014752959973,4.0709767732147515e-05
EX0-EX3,20,5,0.9996853241180603,1.5246036321806165e-05
EX0-EX3,20,6,0.9999224516904605,6.089055751906666e-06
EX0-EX3,20,7,0.9999778785478888,2.504751650428236e-06
EX0-EX3,20,8,0.9999933546540841,1.3480688840868654e-06
EX0-EX3,20,9,0.9999979346919528,6.204921830400661e-07
EX0-EX3,20,10,0.9999995149206856,1.4748486556897296e-07
EX0-EX3,20,11,0.9999998588115067,6.895125229462567e-08
EX0-EX3,20,12,0.9999999633662324,1.4908461261986475e-08
EX0-EX3,20,13,0.9999999891923224,5.821369671063946e-09
EX0-EX3,20,14,0.9999999928564484,4.235440811687966e-09
EX0-EX3,20,15,0.9999999998039744,1.1422639360123727e-10
EX0-EX3,20,16,0.9999999999657238,1.670798247909706e-11
EX0-EX3,20,17,0.9999999999804554,1.0896721151343692e-11
EX0-EX3,20,18,0.9999999999989796,5.567523778848408e-13
EX0-EX3,20,19,0.9999999999999992,4.540401664009205e-16
EX0-EX3,20,20,0.9999999999999999,5.940080247427717e-17
EX0-EX3,20,21,1.0,1.367627720606169e-18
EX0-EX3,20,22,1.0,1.014241904193084e-18
EX0-EX3,20,23,1.0,6.365459705929597e-21
EX0-EX3,20,24,1.0,3.563188225190121e-21
EX0-EX3,20,25,1.0,1.8323487710961063e-21
EX0-EX3,20,26,1.0,1.8155547931227496e-21
EX0-EX3,20,27,1.0,1.5040449532627807e-21
EX0-EX3,20,28,1.0,1.3147749792562022e-21
EX0-EX3,20,29,1.0,9.97519702403439e-22
EX0-EX3,20,30,1.0,9.279282397682108e-22
EX0-EX3,20,31,1.0,6.537688186765532e-23
EX0-EX3,20,32,1.0,6.115594349609216e-23
EX0-EX3,20,33,1.0,3.0086405215625223e-28
EX0-EX3,20,34,1.0,1.388510926419924e-28
EX0-EX3,20,35,1.0,4.252706480830162e-29
EX0-EX3,20,36,1.0,3.626953510623393e-30
EX0-EX3,20,37,1.0,8.904719208481215e-31
EX0-EX3,20,38,1.0,3.9101751410174457e-31
EX0-EX3,20,39,1.0,3.488862416628548e-31
EX0-EX3,20,40,1.0,3.3712486626274568e-31
EX0-EX3,20,41,1.0,1.5946187251982098e-45
EX0-EX3,20,42,1.0,3.3883975683918954e-46
EX0-EX3,20,43,1.0,3.2249678607461855e-46
EX0-EX3,20,44,1.0,1.1688403914212859e-55
EX0-EX3,20,45,1.0,8.841145675244725e-56
EX0-EX3,20,46,1.0,8.387598673433031e-60
EX0-EX3,20,47,1.0,7.224296894381845e-60
EX0-EX3,20,48,1.0,2.877505191281743e-66
EX0-EX3,20,49,1.0,8.84266045396011e-68
EX0-EX3,20,50,1.0,7.0022041262776e-68
EX0-EX3,20,51,1.0,1.5709560900300815e-68
EX0-EX3,20,52,1.0,1.321975915944967e-68
EX0-EX3,20,53,1.0,2.3349040857417588e-70
EX0-EX3,20,54,1.0,2.2759935428211717e-70
EX0-EX3,20,55,1.0,8.381967025059391e-79
EX0-EX3,20,56,1.0,2.4056396953676974e-89
EX0-EX3,20,57,1.0,2.2780907741726646e-89
EX0-EX3,20,58,1.0,7.080053836982053e-91
EX0-EX3,20,59,1.0,6.747835133961657e-91
EX0-EX3,20,60,1.0,4.3236602808808273e-91
EX0-EX3,20,61,1.0,2.4807776447650205e-91
EX0-EX3,20,62,1.0,5.1925363403711386e-95
EX0-EX3,20,63,1.0,4.558450750471906e-95
EX0-EX3,20,64,1.0,1.6978790200268434e-98
EX0-EX3,20,65,1.0,5.6642257374401575e-99
EX0-EX3,20,66,1.0,2.2903528531431624e-100
EX0-EX3,20,67,1.0,5.709315453363873e-102
EX0-EX3,20,68,1.0,1.921502363360161e-104
EX0-EX3,20,69,1.0,9.280481491967218e-108
EX0-EX3,20,70,1.0,4.771157670150619e-113
EX0-EX3,20,71,1.0,4.9661198549073905e-114
EX0-EX3,20,72,1.0,4.929163080008472e-116
EX0-EX3,20,73,1.0,2.4885962965560647e-129
EX0-EX3,20,74,1.0,1.4620626213341318e-132
EX0-EX3,20,75,1.0,1.7254767990121412e-143
EX0-EX3,20,76,1.0,1.3284767397145653e-143
EX0-EX3,20,77,1.0,0.0
EX0-EX3,20,78,1.0,0.0
EX0-EX3,20,79,1.0,0.0
EX0-EX3,20,80,1.0,0.0
EX0-EX3,20,81,1.0,0.0
EX0-EX3,20,82,1.0,0.0
EX0-EX3,20,83,1.0,0.0
EX0-EX3,20,84,1.0,0.0
EX0-EX3,20,85,1.0,0.0
EX0-EX3,20,86,1.0,0.0
EX0-EX3,20,87,1.0,0.0
EX0-EX3,20,88,1.0,0.0
EX0-EX3,20,89,1.0,0.0
EX0-EX3,20,90,1.0,0.0
EX0-EX3,20,91,1.0,0.0
EX0-EX3,20,92,1.0,0.0
EX0-EX3,20,93,1.0,0.0
EX0-EX3,20,94,1.0,0.0
EX0-EX3,20,95,1.0,0.0
EX0-EX3,20,96,1.0,0.0
EX0-EX3,20,97,1.0,0.0
EX0-EX3,20,98,1.0,0.0
EX0-EX3,20,99,1.0,0.0
EX0-EX3,20,100,1.0,0.0
EX0-EX3,20,101,1.0,0.0
EX0-EX3,20,102,1.0,0.0
EX0-EX3,20,103,1.0,0.0
EX0-EX3,20,104,1.0,0.0
EX0-EX3,20,105,1.0,0.0
EX0-EX3,20,106,1.0,0.0
EX0-EX3,20,107,1.0,0.0
EX0-EX3,20,108,1.0,0.0
EX0-EX3,20,109,1.0,0.0
EX0-EX3,20,110,1.0,0.0
EX0-EX3,20,111,1.0,0.0
EX0-EX3,20,112,1.0,0.0
EX0-EX3,20,113,1.0,0.0
EX0-EX3,20,114,1.0,0.0
EX0-EX3,20,115,1.0,0.0
EX0-EX3,20,116,1.0,0.0
EX0-EX3,20,117,1.0,0.0
EX0-EX3,20,118,1.0,0.0
EX0-EX3,20,119,1.0,0.0
EX0-EX3,20,120,1.0,0.0
EX0-EX3,20,121,1.0,0.0
EX0-EX3,20,122,1.0,0.0
EX0-EX3,20,123,1.0,0.0
EX0-EX3,20,124,1.0,0.0
EX0-EX3,20,125,1.0,0.0
EX0-EX3,20,126,1.0,0.0
EX0-EX3,20,127,1.0,0.0
EX0-EX3,20,128,1.0,0.0
EX0-EX3,20,129,1.0,0.0
EX0-EX3,20,130,1.0,0.0
EX0-EX3,20,131,1.0,0.0
EX0-EX3,20,132,1.0,0.0
EX0-EX3,20,133,1.0,0.0
EX0-EX3,20,134,1.0,0.0
EX0-EX3,20,135,1.0,0.0
EX0-EX3,20,136,1.0,0.0
EX0-EX3,20,137,1.0,0.0
EX0-EX3,20,138,1.0,0.0
EX0-EX3,20,139,1.0,0.0
EX0-EX3,20,140,1.0,0.0
EX0-EX3,20,141,1.0,0.0
EX0-EX3,20,142,1.0,0.0
EX0-EX3,20,143,1.0,0.0
EX0-EX3,20,144,1.0,0.0
EX0-EX3,20,145,1.0,0.0
EX0-EX3,20,146,1.0,0.0
EX0-EX3,20,147,1.0,0.0
EX0-EX3,20,148,1.0,0.0
EX0-EX3,20,149,1.0,0.0
EX0-EX3,20,150,1.0,0.0
EX0-EX3,20,151,1.0,0.0
EX0-EX3,20,152,1.0,0.0
EX0-EX3,20,153,1.0,0.0
EX0-EX3,20,154,1.0,0.0
EX0-EX3,20,155,1.0,0.0
EX0-EX3,20,156,1.0,0.0
EX0-EX3,20,157,1.0,0.0
EX0-EX3,20,158,1.0,0.0
EX0-EX3,20,159,1.0,0.0
EX0-EX3,20,160,1.0,0.0
EX0-EX3,20,161,1.0,0.0
EX0-EX3,20,162,1.0,0.0
EX0-EX3,20,163,1.0,0.0
EX0-EX3,20,164,1.0,0.0
EX0-EX3,20,165,1.0,0.0
EX0-EX3,20,166,1.0,0.0
EX0-EX3,20,167,1.0,0.0
EX0-EX3,20,168,1.0,0.0
EX0-EX3,20,169,1.0,0.0
EX0-EX3,20,170,1.0,0.0
EX0-EX3,20,171,1.0,0.0
EX0-EX3,20,172,1.0,0.0
EX0-EX3,20,173,1.0,0.0
EX0-EX3,20,174,1.0,0.0
EX0-EX3,20,175,1.0,0.0
EX0-EX3,20,176,1.0,0.0
EX0-EX3,20,177,1.0,0.0
EX0-EX3,20,178,1.0,0.0
EX0-EX3,20,179,1.0,0.0
EX0-EX3,20,180,1.0,0.0
EX0-EX3,20,181,1.0,0.0
EX0-EX3,20,182,1.0,0.0
EX0-EX3,20,183,1.0,0.0
EX0-EX3,20,184,1.0,0.0
EX0-EX3,20,185,1.0,0.0
EX0-EX3,20,186,1.0,0.0
EX0-EX3,20,187,1.0,0.0
EX0-EX3,20,188,1.0,0.0
EX0-EX3,20,189,1.0,0.0
EX0-EX3,20,190,1.0,0.0
EX0-EX3,20,191,1.0,0.0
EX0-EX3,20,192,1.0,0.0
EX0-EX3,20,193,1.0,0.0
EX0-EX3,20,194,1.0,0.0
EX0-EX3,20,195,1.0,0.0
EX0-EX3,20,196,1.0,0.0
EX0-EX3,20,197,1.0,0.0
EX0-EX3,20,198,1.0,0.0
EX0-EX3,20,199,1.0,0.0
EX0-EX3,20,200,1.0,0.0
EX0-EX3,30,1,0.946750534062778,0.00042503651360076364
EX0-EX3,30,2,0.9919068878659917,0.0001365404815366825
EX0-EX3,30,3,0.9987411762931644,4.144310851013001e-05
EX0-EX3,30,4,0.9997744932102784,1.4048468088600578e-05
EX0-EX3,30,5,0.9999686746605113,3.630435719211835e-06
EX0-EX3,30,6,0.9999950991697456,1.2861695957530517e-06
EX0-EX3,30,7,0.9999991876377959,2.4196070783955317e-07
EX0-EX3,30,8,0.9999997649952003,1.071819558503975e-07
EX0-EX3,30,9,0.9999999521023837,2.7099402592843752e-08
EX0-EX3,30,10,0.999999997734412,1.0765346939880987e-09
EX0-EX3,30,11,0.9999999995178445,3.989073211062339e-10
EX0-EX3,30,12,0.9999999999832194,8.795790278093253e-12
EX0-EX3,30,13,0.9999999999976943,1.7922443016339712e-12
EX0-EX3,30,14,0.999999999998845,8.555933189134869e-13
EX0-EX3,30,15,0.9999999999999996,3.8619987458956836e-16
EX0-EX3,30,16,1.0,3.565145042933481e-18
EX0-EX3,30,17,1.0,1.5718283997711698e-18
EX0-EX3,30,18,1.0,2.228529314462521e-21
EX0-EX3,30,19,1.0,4.081665658350375e-28
EX0-EX3,30,20,1.0,5.5429371095840804e-30
EX0-EX3,30,21,1.0,1.2144124540875433e-33
EX0-EX3,30,22,1.0,6.503935223487498e-34
EX0-EX3,30,23,1.0,4.5191954102908104e-39
EX0-EX3,30,24,1.0,2.1763923707281374e-39
EX0-EX3,30,25,1.0,4.940474374999325e-40
EX0-EX3,30,26,1.0,4.840188639805522e-40
EX0-EX3,30,27,1.0,3.179448805862206e-40
EX0-EX3,30,28,1.0,2.3547428842644466e-40
EX0-EX3,30,29,1.0,1.2710685831237582e-40
EX0-EX3,30,30,1.0,1.0815385475811532e-40
EX0-EX3,30,31,1.0,2.8901014925001392e-43
EX0-EX3,30,32,1.0,2.4897678947669325e-43
EX0-EX3,30,33,1.0,3.364074402375746e-55
EX0-EX3,30,34,1.0,5.961185068169154e-56
EX0-EX3,30,35,1.0,4.218945347631647e-57
EX0-EX3,30,36,1.0,1.7059347387472288e-59
EX0-EX3,30,37,1.0,7.35203434954308e-61
EX0-EX3,30,38,1.0,1.1643805390359288e-61
EX0-EX3,30,39,1.0,9.020419682300506e-62
EX0-EX3,30,40,1.0,8.353682744513408e-62
EX0-EX3,30,41,1.0,6.497657879968839e-94
EX0-EX3,30,42,1.0,2.013077276013176e-95
EX0-EX3,30,43,1.0,1.801775358985673e-95
EX0-EX3,30,44,1.0,1.1786469321615594e-116
EX0-EX3,30,45,1.0,6.298583409793334e-117
EX0-EX3,30,46,1.0,5.874190985597664e-126
EX0-EX3,30,47,1.0,4.201278515180629e-126
EX0-EX3,30,48,1.0,1.7966061271541399e-140
EX0-EX3,30,49,1.0,7.214876442012656e-144
EX0-EX3,30,50,1.0,4.272105055504825e-144
EX0-EX3,30,51,1.0,1.4896173324469503e-145
EX0-EX3,30,52,1.0,1.011078338103761e-145
EX0-EX3,30,53,1.0,1.1699263554649868e-149
EX0-EX3,30,54,1.0,1.1046760618252994e-149
EX0-EX3,30,55,1.0,0.0
EX0-EX3,30,56,1.0,0.0
EX0-EX3,30,57,1.0,0.0
EX0-EX3,30,58,1.0,0.0
EX0-EX3,30,59,1.0,0.0
EX0-EX3,30,60,1.0,0.0
EX0-EX3,30,61,1.0,0.0
EX0-EX3,30,62,1.0,0.0
EX0-EX3,30,63,1.0,0.0
EX0-EX3,30,64,1.0,0.0
EX0-EX3,30,65,1.0,0.0
EX0-EX3,30,66,1.0,0.0
EX0-EX3,30,67,1.0,0.0
EX0-EX3,30,68,1.0,0.0
EX0-EX3,30,69,1.0,0.0
EX0-EX3,30,70,1.0,0.0
EX0-EX3,30,71,1.0,0.0
EX0-EX3,30,72,1.0,0.0
EX0-EX3,30,73,1.0,0.0
EX0-EX3,30,74,1.0,0.0
EX0-EX3,30,75,1.0,0.0
EX0-EX3,30,76,1.0,0.0
EX0-EX3,30,77,1.0,0.0
EX0-EX3,30,78,1.0,0.0
EX0-EX3,30,79,1.0,0.0
EX0-EX3,30,80,1.0,0.0
EX0-EX3,30,81,1.0,0.0
EX0-EX3,30,82,1.0,0.0
EX0-EX3,30,83,1.0,0.0
EX0-EX3,30,84,1.0,0.0
EX0-EX3,30,85,1.0,0.0
EX0-EX3,30,86,1.0,0.0
EX0-EX3,30,87,1.0,0.0
EX0-EX3,30,88,1.0,0.0
EX0-EX3,30,89,1.0,0.0
EX0-EX3,30,90,1.0,0.0
EX0-EX3,30,91,1.0,0.0
EX0-EX3,30,92,1.0,0.0
EX0-EX3,30,93,1.0,0.0
EX0-EX3,30,94,1.0,0.0
EX0-EX3,30,95,1.0,0.0
EX0-EX3,30,96,1.0,0.0
EX0-EX3,30,97,1.0,0.0
EX0-EX3,30,98,1.0,0.0
EX0-EX3,30,99,1.0,0.0
EX0-EX3,30,100,1.0,0.0
EX0-EX3,30,101,1.0,0.0
EX0-EX3,30,102,1.0,0.0
EX0-EX3,30,103,1.0,0.0
EX0-EX3,30,104,1.0,0.0
EX0-EX3,30,105,1.0,0.0
EX0-EX3,30,106,1.0,0.0
EX0-EX3,30,107,1.0,0.0
EX0-EX3,30,108,1.0,0.0
EX0-EX3,30,109,1.0,0.0
EX0-EX3,30,110,1.0,0.0
EX0-EX3,30,111,1.0,0.0
EX0-EX3,30,112,1.0,0.0
EX0-EX3,30,113,1.0,0.0
EX0-EX3,30,114,1.0,0.0
EX0-EX3,30,115,1.0,0.0
EX0-EX3,30,116,1.0,0.0
EX0-EX3,30,117,1.0,0.0
EX0-EX3,30,118,1.0,0.0
EX0-EX3,30,119,1.0,0.0
EX0-EX3,30,120,1.0,0.0
EX0-EX3,30,121,1.0,0.0
EX0-EX3,30,122,1.0,0.0
EX0-EX3,30,123,1.0,0.0
EX0-EX3,30,124,1.0,0.0
EX0-EX3,30,125,1.0,0.0
EX0-EX3,30,126,1.0,0.0
EX0-EX3,30,127,1.0,0.0
EX0-EX3,30,128,1.0,0.0
EX0-EX3,30,129,1.0,0.0
EX0-EX3,30,130,1.0,0.0
EX0-EX3,30,131,1.0,0.0
EX0-EX3,30,132,1.0,0.0
EX0-EX3,30,133,1.0,0.0
EX0-EX3,30,134,1.0,0.0
EX0-EX3,30,135,1.0,0.0
EX0-EX3,30,136,1.0,0.0
EX0-EX3,30,137,1.0,0.0
EX0-EX3,30,138,1.0,0.0
EX0-EX3,30,139,1.0,0.0
EX0-EX3,30,140,1.0,0.0
EX0-EX3,30,141,1.0,0.0
EX0-EX3,30,142,1.0,0.0
EX0-EX3,30,143,1.0,0.0
EX0-EX3,30,144,1.0,0.0
EX0-EX3,30,145,1.0,0.0
EX0-EX3,30,146,1.0,0.0
EX0-EX3,30,147,1.0,0.0
EX0-EX3,30,148,1.0,0.0
EX0-EX3,30,149,1.0,0.0
EX0-EX3,30,150,1.0,0.0
EX0-EX3,30,151,1.0,0.0
EX0-EX3,30,152,1.0,0.0
EX0-EX3,30,153,1.0,0.0
EX0-EX3,30,154,1.0,0.0
EX0-EX3,30,155,1.0,0.0
EX0-EX3,30,156,1.0,0.0
EX0-EX3,30,157,1.0,0.0
EX0-EX3,30,158,1.0,0.0
EX0-EX3,30,159,1.0,0.0
EX0-EX3,30,160,1.0,0.0
EX0-EX3,30,161,1.0,0.0
EX0-EX3,30,162,1.0,0.0
EX0-EX3,30,163,1.0,0.0
EX0-EX3,30,164,1.0,0.0
EX0-EX3,30,165,1.0,0.0
EX0-EX3,30,166,1.0,0.0
EX0-EX3,30,167,1.0,0.0
EX0-EX3,30,168,1.0,0.0
EX0-EX3,30,169,1.0,0.0
EX0-EX3,30,170,1.0,0.0
EX0-EX3,30,171,1.0,0.0
EX0-EX3,30,172,1.0,0.0
EX0-EX3,30,173,1.0,0.0
EX0-EX3,30,174,1.0,0.0
EX0-EX3,30,175,1.0,0.0
EX0-EX3,30,176,1.0,0.0
EX0-EX3,30,177,1.0,0.0
EX0-EX3,30,178,1.0,0.0
EX0-EX3,30,179,1.0,0.0
EX0-EX3,30,180,1.0,0.0
EX0-EX3,30,181,1.0,0.0
EX0-EX3,30,182,1.0,0.0
EX0-EX3,30,183,1.0,0.0
EX0-EX3,30,184,1.0,0.0
EX0-EX3,30,185,1.0,0.0
EX0-EX3,30,186,1.0,0.0
EX0-EX3,30,187,1.0,0.0
EX0-EX3,30,188,1.0,0.0
EX0-EX3,30,189,1.0,0.0
EX0-EX3,30,190,1.0,0.0
EX0-EX3,30,191,1.0,0.0
EX0-EX3,30,192,1.0,0.0
EX0-EX3,30,193,1.0,0.0
EX0-EX3,30,194,1.0,0.0
EX0-EX3,30,195,1.0,0.0
EX0-EX3,30,196,1.0,0.0
EX0-EX3,30,197,1.0,0.0
EX0-EX3,30,198,1.0,0.0
EX0-EX3,30,199,1.0,0.0
EX0-EX3,30,200,1.0,0.0
EX0-EX3,50,1,0.9758413851994616,0.00027391430168613353
EX0-EX3,50,2,0.9981493124599323,5.4959942165319314e-05
EX0-EX3,50,3,0.999858858145967,1.0236179171698584e-05
EX0-EX3,50,4,0.9999858009241971,2.6302656608589316e-06
EX0-EX3,50,5,0.9999992497680603,3.033560793444686e-07
EX0-EX3,50,6,0.9999999115522854,7.123534588028186e-08
EX0-EX3,50,7,0.9999999988012013,8.7166194019997e-10
EX0-EX3,50,8,0.9999999998355051,1.3800922007651344e-10
EX0-EX3,50,9,0.9999999999950456,4.616771913535667e-12
EX0-EX3,50,10,0.9999999999999992,6.239546195751341e-16
EX0-EX3,50,11,0.9999999999999999,7.221017397468764e-17
EX0-EX3,50,12,1.0,1.1008130747876476e-21
EX0-EX3,50,13,1.0,3.1456264438770195e-23
EX0-EX3,50,14,1.0,3.959404395115546e-24
EX0-EX3,50,15,1.0,3.1796923161863126e-33
EX0-EX3,50,16,1.0,4.506661790807349e-39
EX0-EX3,50,17,1.0,5.901188693757374e-40
EX0-EX3,50,18,1.0,7.792308690756815e-48
EX0-EX3,50,19,1.0,3.352480326897661e-66
EX0-EX3,50,20,1.0,2.4315659043909088e-71
EX0-EX3,50,21,1.0,1.8859506012943195e-81
EX0-EX3,50,22,1.0,3.360595603045046e-82
EX0-EX3,50,23,1.0,1.0491092603749258e-96
EX0-EX3,50,24,1.0,2.4334913254745464e-97
EX0-EX3,50,25,1.0,4.025585899709346e-99
EX0-EX3,50,26,1.0,3.803562637775687e-99
EX0-EX3,50,27,1.0,1.1892923392244863e-99
EX0-EX3,50,28,1.0,5.18222950004104e-100
EX0-EX3,50,29,1.0,9.412535002789997e-101
EX0-EX3,50,30,1.0,6.021343036157535e-101
EX0-EX3,50,31,1.0,4.569146891331864e-108
EX0-EX3,50,32,1.0,3.024370475471737e-108
EX0-EX3,50,33,1.0,4.143559717015505e-141
EX0-EX3,50,34,1.0,3.4328742839600623e-143
EX0-EX3,50,35,1.0,2.237068842094661e-146
EX0-EX3,50,36,1.0,5.242360655746467e-153
EX0-EX3,50,37,1.0,8.631555846384527e-157
EX0-EX3,50,38,1.0,5.231330598684358e-159
EX0-EX3,50,39,1.0,2.578791976668786e-159
EX0-EX3,50,40,1.0,2.084550748022674e-159
EX0-EX3,50,41,1.0,0.0
EX0-EX3,50,42,1.0,0.0
EX0-EX3,50,43,1.0,0.0
EX0-EX3,50,44,1.0,0.0
EX0-EX3,50,45,1.0,0.0
EX0-EX3,50,46,1.0,0.0
EX0-EX3,50,47,1.0,0.0
EX0-EX3,50,48,1.0,0.0
EX0-EX3,50,49,1.0,0.0
EX0-EX3,50,50,1.0,0.0
EX0-EX3,50,51,1.0,0.0
EX0-EX3,50,52,1.0,0.0
EX0-EX3,50,53,1.0,0.0
EX0-EX3,50,54,1.0,0.0
EX0-EX3,50,55,1.0,0.0
EX0-EX3,50,56,1.0,0.0
EX0-EX3,50,57,1.0,0.0
EX0-EX3,50,58,1.0,0.0
EX0-EX3,50,59,1.0,0.0
EX0-EX3,50,60,1.0,0.0
EX0-EX3,50,61,1.0,0.0
EX0-EX3,50,62,1.0,0.0
EX0-EX3,50,63,1.0,0.0
EX0-EX3,50,64,1.0,0.0
EX0-EX3,50,65,1.0,0.0
EX0-EX3,50,66,1.0,0.0
EX0-EX3,50,67,1.0,0.0
EX0-EX3,50,68,1.0,0.0
EX0-EX3,50,69,1.0,0.0
EX0-EX3,50,70,1.0,0.0
EX0-EX3,50,71,1.0,0.0
EX0-EX3,50,72,1.0,0.0
EX0-EX3,50,73,1.0,0.0
EX0-EX3,50,74,1.0,0.0
EX0-EX3,50,75,1.0,0.0
EX0-EX3,50,76,1.0,0.0
EX0-EX3,50,77,1.0,0.0
EX0-EX3,50,78,1.0,0.0
EX0-EX3,50,79,1.0,0.0
EX0-EX3,50,80,1.0,0.0
EX0-EX3,50,81,1.0,0.0
EX0-EX3,50,82,1.0,0.0
EX0-EX3,50,83,1.0,0.0
EX0-EX3,50,84,1.0,0.0
EX0-EX3,50,85,1.0,0.0
EX0-EX3,50,86,1.0,0.0
EX0-EX3,50,87,1.0,0.0
EX0-EX3,50,88,1.0,0.0
EX0-EX3,50,89,1.0,0.0
EX0-EX3,50,90,1.0,0.0
EX0-EX3,50,91,1.0,0.0
EX0-EX3,50,92,1.0,0.0
EX0-EX3,50,93,1.0,0.0
EX0-EX3,50,94,1.0,0.0
EX0-EX3,50,95,1.0,0.0
EX0-EX3,50,96,1.0,0.0
EX0-EX3,50,97,1.0,0.0
EX0-EX3,50,98,1.0,0.0
EX0-EX3,50,99,1.0,0.0
EX0-EX3,50,100,1.0,0.0
EX0-EX3,50,101,1.0,0.0
EX0-EX3,50,102,1.0,0.0
EX0-EX3,50,103,1.0,0.0
EX0-EX3,50,104,1.0,0.0
EX0-EX3,50,105,1.0,0.0
EX0-EX3,50,106,1.0,0.0
EX0-EX3,50,107,1.0,0.0
EX0-EX3,50,108,1.0,0.0
EX0-EX3,50,109,1.0,0.0
EX0-EX3,50,110,1.0,0.0
EX0-EX3,50,111,1.0,0.0
EX0-EX3,50,112,1.0,0.0
EX0-EX3,50,113,1.0,0.0
EX0-EX3,50,114,1.0,0.0
EX0-EX3,50,115,1.0,0.0
EX0-EX3,50,116,1.0,0.0
EX0-EX3,50,117,1.0,0.0
EX0-EX3,50,118,1.0,0.0
EX0-EX3,50,119,1.0,0.0
EX0-EX3,50,120,1.0,0.0
EX0-EX3,50,121,1.0,0.0
EX0-EX3,50,122,1.0,0.0
EX0-EX3,50,123,1.0,0.0
EX0-EX3,50,124,1.0,0.0
EX0-EX3,50,125,1.0,0.0
EX0-EX3,50,126,1.0,0.0
EX0-EX3,50,127,1.0,0.0
EX0-EX3,50,128,1.0,0.0
EX0-EX3,50,129,1.0,0.0
EX0-EX3,50,130,1.0,0.0
EX0-EX3,50,131,1.0,0.0
EX0-EX3,50,132,1.0,0.0
EX0-EX3,50,133,1.0,0.0
EX0-EX3,50,134,1.0,0.0
EX0-EX3,50,135,1.0,0.0
EX0-EX3,50,136,1.0,0.0
EX0-EX3,50,137,1.0,0.0
EX0-EX3,50,138,1.0,0.0
EX0-EX3,50,139,1.0,0.0
EX0-EX3,50,140,1.0,0.0
EX0-EX3,50,141,1.0,0.0
EX0-EX3,50,142,1.0,0.0
EX0-EX3,50,143,1.0,0.0
EX0-EX3,50,144,1.0,0.0
EX0-EX3,50,145,1.0,0.0
EX0-EX3,50,146,1.0,0.0
EX0-EX3,50,147,1.0,0.0
EX0-EX3,50,148,1.0,0.0
EX0-EX3,50,149,1.0,0.0
EX0-EX3,50,150,1.0,0.0
EX0-EX3,50,151,1.0,0.0
EX0-EX3,50,152,1.0,0.0
EX0-EX3,50,153,1.0,0.0
EX0-EX3,50,154,1.0,0.0
EX0-EX3,50,155,1.0,0.0
EX0-EX3,50,156,1.0,0.0
EX0-EX3,50,157,1.0,0.0
EX0-EX3,50,158,1.0,0.0
EX0-EX3,50,159,1.0,0.0
EX0-EX3,50,160,1.0,0.0
EX0-EX3,50,161,1.0,0.0
EX0-EX3,50,162,1.0,0.0
EX0-EX3,50,163,1.0,0.0
EX0-EX3,50,164,1.0,0.0
EX0-EX3,50,165,1.0,0.0
EX0-EX3,50,166,1.0,0.0
EX0-EX3,50,167,1.0,0.0
EX0-EX3,50,168,1.0,0.0
EX0-EX3,50,169,1.0,0.0
EX0-EX3,50,170,1.0,0.0
EX0-EX3,50,171,1.0,0.0
EX0-EX3,50,172,1.0,0.0
EX0-EX3,50,173,1.0,0.0
EX0-EX3,50,174,1.0,0.0
EX0-EX3,50,175,1.0,0.0
EX0-EX3,50,176,1.0,0.0
EX0-EX3,50,177,1.0,0.0
EX0-EX3,50,178,1.0,0.0
EX0-EX3,50,179,1.0,0.0
EX0-EX3,50,180,1.0,0.0
EX0-EX3,50,181,1.0,0.0
EX0-EX3,50,182,1.0,0.0
EX0-EX3,50,183,1.0,0.0
EX0-EX3,50,184,1.0,0.0
EX0-EX3,50,185,1.0,0.0
EX0-EX3,50,186,1.0,0.0
EX0-EX3,50,187,1.0,0.0
EX0-EX3,50,188,1.0,0.0
EX0-EX3,50,189,1.0,0.0
EX0-EX3,50,190,1.0,0.0
EX0-EX3,50,191,1.0,0.0
EX0-EX3,50,192,1.0,0.0
EX0-EX3,50,193,1.0,0.0
EX0-EX3,50,194,1.0,0.0
EX0-EX3,50,195,1.0,0.0
EX0-EX3,50,196,1.0,0.0
EX0-EX3,50,197,1.0,0.0
EX0-EX3,50,198,1.0,0.0
EX0-EX3,50,199,1.0,0.0
EX0-EX3,50,200,1.0,0.0
EX0-EX3,80,1,0.9905526357828366,0.0001536871165851233
EX0-EX3,80,2,0.99968802108312,1.6729613306674617e-05
EX0-EX3,80,3,0.9999908492553214,1.5149102069329198e-06
EX0-EX3,80,4,0.9999994405724727,2.7902100262848505e-07
EX0-EX3,80,5,0.9999999957742473,2.570649500792623e-09
EX0-EX3,80,6,0.9999999998377673,1.5947405315619468e-10
EX0-EX3,80,7,0.9999999999999968,3.061111318482036e-15
EX0-EX3,80,8,1.0,3.445553593643877e-17
EX0-EX3,80,9,1.0,7.214894807434156e-21
EX0-EX3,80,10,1.0,1.257800891797499e-30
EX0-EX3,80,11,1.0,5.6207370493825836e-33
EX0-EX3,80,12,1.0,2.0117265975448157e-45
EX0-EX3,80,13,1.0,4.178946450091048e-49
EX0-EX3,80,14,1.0,2.156362393850746e-51
EX0-EX3,80,15,1.0,1.5422091460013596e-74
EX0-EX3,80,16,1.0,1.7255388684861696e-89
EX0-EX3,80,17,1.0,1.0098444456946411e-91
EX0-EX3,80,18,1.0,7.030188386439835e-112
EX0-EX3,80,19,1.0,1.0881549908426564e-158
EX0-EX3,80,20,1.0,0.0
EX0-EX3,80,21,1.0,0.0
EX0-EX3,80,22,1.0,0.0
EX0-EX3,80,23,1.0,0.0
EX0-EX3,80,24,1.0,0.0
EX0-EX3,80,25,1.0,0.0
EX0-EX3,80,26,1.0,0.0
EX0-EX3,80,27,1.0,0.0
EX0-EX3,80,28,1.0,0.0
EX0-EX3,80,29,1.0,0.0
EX0-EX3,80,30,1.0,0.0
EX0-EX3,80,31,1.0,0.0
EX0-EX3,80,32,1.0,0.0
EX0-EX3,80,33,1.0,0.0
EX0-EX3,80,34,1.0,0.0
EX0-EX3,80,35,1.0,0.0
EX0-EX3,80,36,1.0,0.0
EX0-EX3,80,37,1.0,0.0
EX0-EX3,80,38,1.0,0.0
EX0-EX3,80,39,1.0,0.0
EX0-EX3,80,40,1.0,0.0
EX0-EX3,80,41,1.0,0.0
EX0-EX3,80,42,1.0,0.0
EX0-EX3,80,43,1.0,0.0
EX0-EX3,80,44,1.0,0.0
EX0-EX3,80,45,1.0,0.0
EX0-EX3,80,46,1.0,0.0
EX0-EX3,80,47,1.0,0.0
EX0-EX3,80,48,1.0,0.0
EX0-EX3,80,49,1.0,0.0
EX0-EX3,80,50,1.0,0.0
EX0-EX3,80,51,1.0,0.0
EX0-EX3,80,52,1.0,0.0
EX0-EX3,80,53,1.0,0.0
EX0-EX3,80,54,1.0,0.0
EX0-EX3,80,55,1.0,0.0
EX0-EX3,80,56,1.0,0.0
EX0-EX3,80,57,1.0,0.0
EX0-EX3,80,58,1.0,0.0
EX0-EX3,80,59,1.0,0.0
EX0-EX3,80,60,1.0,0.0
EX0-EX3,80,61,1.0,0.0
EX0-EX3,80,62,1.0,0.0
EX0-EX3,80,63,1.0,0.0
EX0-EX3,80,64,1.0,0.0
EX0-EX3,80,65,1.0,0.0
EX0-EX3,80,66,1.0,0.0
EX0-EX3,80,67,1.0,0.0
EX0-EX3,80,68,1.0,0.0
EX0-EX3,80,69,1.0,0.0
EX0-EX3,80,70,1.0,0.0
EX0-EX3,80,71,1.0,0.0
EX0-EX3,80,72,1.0,0.0
EX0-EX3,80,73,1.0,0.0
EX0-EX3,80,74,1.0,0.0
EX0-EX3,80,75,1.0,0.0
EX0-EX3,80,76,1.0,0.0
EX0-EX3,80,77,1.0,0.0
EX0-EX3,80,78,1.0,0.0
EX0-EX3,80,79,1.0,0.0
EX0-EX3,80,80,1.0,0.0
EX0-EX3,80,81,1.0,0.0
EX0-EX3,80,82,1.0,0.0
EX0-EX3,80,83,1.0,0.0
EX0-EX3,80,84,1.0,0.0
EX0-EX3,80,85,1.0,0.0
EX0-EX3,80,86,1.0,0.0
EX0-EX3,80,87,1.0,0.0
EX0-EX3,80,88,1.0,0.0
EX0-EX3,80,89,1.0,0.0
EX0-EX3,80,90,1.0,0.0
EX0-EX3,80,91,1.0,0.0
EX0-EX3,80,92,1.0,0.0
EX0-EX3,80,93,1.0,0.0
EX0-EX3,80,94,1.0,0.0
EX0-EX3,80,95,1.0,0.0
EX0-EX3,80,96,1.0,0.0
EX0-EX3,80,97,1.0,0.0
EX0-EX3,80,98,1.0,0.0
EX0-EX3,80,99,1.0,0.0
EX0-EX3,80,100,1.0,0.0
EX0-EX3,80,101,1.0,0.0
EX0-EX3,80,102,1.0,0.0
EX0-EX3,80,103,1.0,0.0
EX0-EX3,80,104,1.0,0.0
EX0-EX3,80,105,1.0,0.0
EX0-EX3,80,106,1.0,0.0
EX0-EX3,80,107,1.0,0.0
EX0-EX3,80,108,1.0,0.0
EX0-EX3,80,109,1.0,0.0
EX0-EX3,80,110,1.0,0.0
EX0-EX3,80,111,1.0,0.0
EX0-EX3,80,112,1.0,0.0
EX0-EX3,80,113,1.0,0.0
EX0-EX3,80,114,1.0,0.0
EX0-EX3,80,115,1.0,0.0
EX0-EX3,80,116,1.0,0.0
EX0-EX3,80,117,1.0,0.0
EX0-EX3,80,118,1.0,0.0
EX0-EX3,80,119,1.0,0.0
EX0-EX3,80,120,1.0,0.0
EX0-EX3,80,121,1.0,0.0
EX0-EX3,80,122,1.0,0.0
EX0-EX3,80,123,1.0,0.0
EX0-EX3,80,124,1.0,0.0
EX0-EX3,80,125,1.0,0.0
EX0-EX3,80,126,1.0,0.0
EX0-EX3,80,127,1.0,0.0
EX0-EX3,80,128,1.0,0.0
EX0-EX3,80,129,1.0,0.0
EX0-EX3,80,130,1.0,0.0
EX0-EX3,80,131,1.0,0.0
EX0-EX3,80,132,1.0,0.0
EX0-EX3,80,133,1.0,0.0
EX0-EX3,80,134,1.0,0.0
EX0-EX3,80,135,1.0,0.0
EX0-EX3,80,136,1.0,0.0
EX0-EX3,80,137,1.0,0.0
EX0-EX3,80,138,1.0,0.0
EX0-EX3,80,139,1.0,0.0
EX0-EX3,80,140,1.0,0.0
EX0-EX3,80,141,1.0,0.0
EX0-EX3,80,142,1.0,0.0
EX0-EX3,80,143,1.0,0.0
EX0-EX3,80,144,1.0,0.0
EX0-EX3,80,145,1.0,0.0
EX0-EX3,80,146,1.0,0.0
EX0-EX3,80,147,1.0,0.0
EX0-EX3,80,148,1.0,0.0
EX0-EX3,80,149,1.0,0.0
EX0-EX3,80,150,1.0,0.0
EX0-EX3,80,151,1.0,0.0
EX0-EX3,80,152,1.0,0.0
EX0-EX3,80,153,1.0,0.0
EX0-EX3,80,154,1.0,0.0
EX0-EX3,80,155,1.0,0.0
EX0-EX3,80,156,1.0,0.0
EX0-EX3,80,157,1.0,0.0
EX0-EX3,80,158,1.0,0.0
EX0-EX3,80,159,1.0,0.0
EX0-EX3,80,160,1.0,0.0
EX0-EX3,80,161,1.0,0.0
EX0-EX3,80,162,1.0,0.0
EX0-EX3,80,163,1.0,0.0
EX0-EX3,80,164,1.0,0.0
EX0-EX3,80,165,1.0,0.0
EX0-EX3,80,166,1.0,0.0
EX0-EX3,80,167,1.0,0.0
EX0-EX3,80,168,1.0,0.0
EX0-EX3,80,169,1.0,0.0
EX0-EX3,80,170,1.0,0.0
EX0-EX3,80,171,1.0,0.0
EX0-EX3,80,172,1.0,0.0
EX0-EX3,80,173,1.0,0.0
EX0-EX3,80,174,1.0,0.0
EX0-EX3,80,175,1.0,0.0
EX0-EX3,80,176,1.0,0.0
EX0-EX3,80,177,1.0,0.0
EX0-EX3,80,178,1.0,0.0
EX0-EX3,80,179,1.0,0.0
EX0-EX3,80,180,1.0,0.0
EX0-EX3,80,181,1.0,0.0
EX0-EX3,80,182,1.0,0.0
EX0-EX3,80,183,1.0,0.0
EX0-EX3,80,184,1.0,0.0
EX0-EX3,80,185,1.0,0.0
EX0-EX3,80,186,1.0,0.0
EX0-EX3,80,187,1.0,0.0
EX0-EX3,80,188,1.0,0.0
EX0-EX3,80,189,1.0,0.0
EX0-EX3,80,190,1.0,0.0
EX0-EX3,80,191,1.0,0.0
EX0-EX3,80,192,1.0,0.0
EX0-EX3,80,193,1.0,0.0
EX0-EX3,80,194,1.0,0.0
EX0-EX3,80,195,1.0,0.0
EX0-EX3,80,196,1.0,0.0
EX0-EX3,80,197,1.0,0.0
EX0-EX3,80,198,1.0,0.0
EX0-EX3,80,199,1.0,0.0
EX0-EX3,80,200,1.0,0.0
EX1-EX2,10,1,0.8414448127775692,0.0006481522806723656
EX1-EX2,10,2,0.9368200403170555,0.0004073671757580153
EX1-EX2,10,3,0.9732674094871392,0.0002404290391722795
EX1-EX2,10,4,0.988308630206147,0.00014022514238411278
EX1-EX2,10,5,0.9947590363517274,8.125630860171445e-05
EX1-EX2,10,6,0.9976349217255668,4.669186070296111e-05
EX1-EX2,10,7,0.9989038772886905,2.779044391416374e-05
EX1-EX2,10,8,0.9994940202568263,1.673853795764853e-05
EX1-EX2,10,9,0.9997622700094225,1.0147487445489277e-05
EX1-EX2,10,10,0.9998871233475024,6.386503081934412e-06
EX1-EX2,10,11,0.9999447580078592,4.0134196342185915e-06
EX1-EX2,10,12,0.9999769590693526,1.6456813605883975e-06
EX1-EX2,10,13,0.9999883700390318,1.0632670382967643e-06
EX1-EX2,10,14,0.9999941253140205,7.450936702207938e-07
EX1-EX2,10,15,0.999996902447767,5.837332887631791e-07
EX1-EX2,10,16,0.9999982316693911,4.927554944254075e-07
EX1-EX2,10,17,0.9999992469791146,2.1336130448984015e-07
EX1-EX2,10,18,0.9999996653686083,9.827287549844364e-08
EX1-EX2,10,19,0.999999869229988,3.543330832494863e-08
EX1-EX2,10,20,0.99999994934409,1.251089402903214e-08
EX1-EX2,10,21,0.9999999692161041,1.128103694672803e-08
EX1-EX2,10,22,0.9999999765400511,1.086161236664131e-08
EX1-EX2,10,23,0.9999999824594458,9.86689840590561e-09
EX1-EX2,10,24,0.9999999915693895,4.925922009380717e-09
EX1-EX2,10,25,0.9999999965695247,2.006573300023819e-09
EX1-EX2,10,26,0.9999999974782351,1.6068828371313903e-09
EX1-EX2,10,27,0.9999999978929999,1.476780253575609e-09
EX1-EX2,10,28,0.9999999989785778,7.866760029112156e-10
EX1-EX2,10,29,0.9999999992541863,5.557603055632425e-10
EX1-EX2,10,30,0.9999999993159506,5.127014094320888e-10
EX1-EX2,10,31,0.9999999996036323,3.8803971551880014e-10
EX1-EX2,10,32,0.9999999999975865,1.3534399352185277e-12
EX1-EX2,10,33,0.9999999999981665,1.2283352246214226e-12
EX1-EX2,10,34,0.9999999999990721,6.404940019015184e-13
EX1-EX2,10,35,0.9999999999993507,5.930423516574767e-13
EX1-EX2,10,36,0.9999999999996428,3.263807068966101e-13
EX1-EX2,10,37,0.9999999999997183,2.6966828242861794e-13
EX1-EX2,10,38,0.9999999999997308,2.6672301520213574e-13
EX1-EX2,10,39,0.9999999999999837,1.4843799130445062e-14
EX1-EX2,10,40,0.9999999999999867,1.3111711817142231e-14
EX1-EX2,10,41,0.9999999999999875,1.2426081160269275e-14
EX1-EX2,10,42,0.9999999999999887,1.1278038442671414e-14
EX1-EX2,10,43,0.9999999999999927,7.289157346323056e-15
EX1-EX2,10,44,0.9999999999999992,7.974729598061856e-16
EX1-EX2,10,45,0.9999999999999992,7.851235902838589e-16
EX1-EX2,10,46,0.9999999999999996,4.1029717100175385e-16
EX1-EX2,10,47,0.9999999999999999,1.4645968504312619e-16
EX1-EX2,10,48,1.0,5.0657405462709075e-17
EX1-EX2,10,49,1.0,2.6677443713647602e-17
EX1-EX2,10,50,1.0,2.1272756779701003e-17
EX1-EX2,10,51,1.0,8.891247391011443e-22
EX1-EX2,10,52,1.0,5.419302272193848e-23
EX1-EX2,10,53,1.0,1.0559796449923514e-23
EX1-EX2,10,54,1.0,7.176684659470612e-24
EX1-EX2,10,55,1.0,3.2990884186011117e-24
EX1-EX2,10,56,1.0,2.83944813174612e-24
EX1-EX2,10,57,1.0,2.095175164729532e-25
EX1-EX2,10,58,1.0,2.0341791140972058e-25
EX1-EX2,10,59,1.0,1.425932401370749e-25
EX1-EX2,10,60,1.0,5.194940759826929e-26
EX1-EX2,10,61,1.0,9.312144014778175e-29
EX1-EX2,10,62,1.0,2.934558739972976e-29
EX1-EX2,10,63,1.0,2.574718165907714e-29
EX1-EX2,10,64,1.0,5.7853465900774225e-30
EX1-EX2,10,65,1.0,4.765676467982325e-30
EX1-EX2,10,66,1.0,2.784860194984563e-30
EX1-EX2,10,67,1.0,1.5167845682241656e-30
EX1-EX2,10,68,1.0,9.427334100283765e-31
EX1-EX2,10,69,1.0,6.062297311694554e-31
EX1-EX2,10,70,1.0,2.4655546464449125e-31
EX1-EX2,10,71,1.0,2.344759542940921e-31
EX1-EX2,10,72,1.0,2.750567054114585e-33
EX1-EX2,10,73,1.0,1.666595368346851e-33
EX1-EX2,10,74,1.0,1.616597815878601e-33
EX1-EX2,10,75,1.0,4.663064450383975e-34
EX1-EX2,10,76,1.0,5.038165372672822e-36
EX1-EX2,10,77,1.0,3.8997517933948687e-36
EX1-EX2,10,78,1.0,3.276589687912801e-36
EX1-EX2,10,79,1.0,3.2382816327364044e-36
EX1-EX2,10,80,1.0,7.1707983216276675e-37
EX1-EX2,10,81,1.0,6.583888552815332e-38
EX1-EX2,10,82,1.0,1.4910025487928548e-38
EX1-EX2,10,83,1.0,6.357116936647211e-39
EX1-EX2,10,84,1.0,5.6944629119663004e-39
EX1-EX2,10,85,1.0,3.000390106570752e-40
EX1-EX2,10,86,1.0,8.425095233293338e-42
EX1-EX2,10,87,1.0,4.545723429848717e-42
EX1-EX2,10,88,1.0,1.0350683967708806e-42
EX1-EX2,10,89,1.0,8.166660388683627e-43
EX1-EX2,10,90,1.0,7.942647891269941e-43
EX1-EX2,10,91,1.0,7.43784066984089e-43
EX1-EX2,10,92,1.0,1.1133364403604098e-49
EX1-EX2,10,93,1.0,5.241127238410521e-50
EX1-EX2,10,94,1.0,4.927647112009228e-50
EX1-EX2,10,95,1.0,3.526101919725448e-50
EX1-EX2,10,96,1.0,3.8068062468396995e-51
EX1-EX2,10,97,1.0,5.827831276135901e-52
EX1-EX2,10,98,1.0,1.5141087309938484e-55
EX1-EX2,10,99,1.0,2.291427723241119e-56
EX1-EX2,10,100,1.0,8.876941701613419e-57
EX1-EX2,10,101,1.0,7.70549629750027e-57
EX1-EX2,10,102,1.0,7.17024838001071e-57
EX1-EX2,10,103,1.0,2.562059169235274e-57
EX1-EX2,10,104,1.0,1.5104918437595442e-57
EX1-EX2,10,105,1.0,1.2548775179423594e-57
EX1-EX2,10,106,1.0,1.180945432593413e-57
EX1-EX2,10,107,1.0,8.40403685102064e-58
EX1-EX2,10,108,1.0,5.134238475011044e-61
EX1-EX2,10,109,1.0,4.0804435616976916e-63
EX1-EX2,10,110,1.0,2.92872009619148e-63
EX1-EX2,10,111,1.0,1.0024091424591142e-63
EX1-EX2,10,112,1.0,5.676557892758909e-64
EX1-EX2,10,113,1.0,4.5280305208919144e-64
EX1-EX2,10,114,1.0,9.379810140772583e-65
EX1-EX2,10,115,1.0,5.1711055691596554e-65
EX1-EX2,10,116,1.0,4.055643706976979e-66
EX1-EX2,10,117,1.0,3.7179790356850403e-66
EX1-EX2,10,118,1.0,1.663943212200817e-66
EX1-EX2,10,119,1.0,1.22370913861611e-67
EX1-EX2,10,120,1.0,4.05571245312702e-68
EX1-EX2,10,121,1.0,1.3631874020851698e-68
EX1-EX2,10,122,1.0,1.3586623368812824e-68
EX1-EX2,10,123,1.0,1.9650777042185606e-70
EX1-EX2,10,124,1.0,1.817891657118947e-70
EX1-EX2,10,125,1.0,1.4737497771001047e-70
EX1-EX2,10,126,1.0,1.4661074356264506e-70
EX1-EX2,10,127,1.0,1.0214109390299529e-70
EX1-EX2,10,128,1.0,3.459036964684984e-72
EX1-EX2,10,129,1.0,9.197931827625426e-75
EX1-EX2,10,130,1.0,5.66157364754925e-75
EX1-EX2,10,131,1.0,2.934118866954133e-76
EX1-EX2,10,132,1.0,1.1267686939018724e-76
EX1-EX2,10,133,1.0,1.0274724542767033e-76
EX1-EX2,10,134,1.0,1.1669847376624539e-77
EX1-EX2,10,135,1.0,1.1231889706358264e-77
EX1-EX2,10,136,1.0,4.233840199248192e-78
EX1-EX2,10,137,1.0,4.1485789239798104e-78
EX1-EX2,10,138,1.0,3.366543290951379e-78
EX1-EX2,10,139,1.0,2.4281786484721766e-78
EX1-EX2,10,140,1.0,2.303454298468518e-78
EX1-EX2,10,141,1.0,2.2617923933652794e-78
EX1-EX2,10,142,1.0,4.950434125751195e-92
EX1-EX2,10,143,1.0,4.4764410978580834e-92
EX1-EX2,10,144,1.0,4.123251163029669e-92
EX1-EX2,10,145,1.0,8.25508731430342e-93
EX1-EX2,10,146,1.0,6.346302666101816e-93
EX1-EX2,10,147,1.0,9.73251721747276e-94
EX1-EX2,10,148,1.0,7.864057978028933e-94
EX1-EX2,10,149,1.0,6.995054555393387e-94
EX1-EX2,10,150,1.0,2.4855299680208994e-94
EX1-EX2,10,151,1.0,6.216219533489792e-95
EX1-EX2,10,152,1.0,5.1821945999713184e-95
EX1-EX2,10,153,1.0,2.1716002846816958e-95
EX1-EX2,10,154,1.0,2.0220173409424337e-95
EX1-EX2,10,155,1.0,2.388620353218336e-97
EX1-EX2,10,156,1.0,2.3257563553820162e-97
EX1-EX2,10,157,1.0,7.1404163128371905e-99
EX1-EX2,10,158,1.0,3.453438529467453e-100
EX1-EX2,10,159,1.0,2.3553871392077056e-100
EX1-EX2,10,160,1.0,1.4934014908024678e-100
EX1-EX2,10,161,1.0,5.323435875388901e-105
EX1-EX2,10,162,1.0,2.9750957195360133e-108
EX1-EX2,10,163,1.0,2.2567852304702344e-108
EX1-EX2,10,164,1.0,4.013653816553083e-113
EX1-EX2,10,165,1.0,3.427581954747734e-113
EX1-EX2,10,166,1.0,2.753270268962862e-113
EX1-EX2,10,167,1.0,9.733710304907143e-116
EX1-EX2,10,168,1.0,3.5435957517702864e-116
EX1-EX2,10,169,1.0,1.6400695390504228e-116
EX1-EX2,10,170,1.0,3.932904222665044e-117
EX1-EX2,10,171,1.0,9.101967092459411e-118
EX1-EX2,10,172,1.0,5.170929218663292e-118
EX1-EX2,10,173,1.0,3.9281797840772994e-119
EX1-EX2,10,174,1.0,2.1017304414983525e-119
EX1-EX2,10,175,1.0,1.4419975221416054e-119
EX1-EX2,10,176,1.0,2.875403407525515e-121
EX1-EX2,10,177,1.0,6.626024139700987e-122
EX1-EX2,10,178,1.0,4.523653380481127e-122
EX1-EX2,10,179,1.0,4.1848161123709274e-122
EX1-EX2,10,180,1.0,4.0015635568626136e-122
EX1-EX2,10,181,1.0,2.8499399579828316e-122
EX1-EX2,10,182,1.0,2.2423663556882457e-122
EX1-EX2,10,183,1.0,2.1493350198329086e-122
EX1-EX2,10,184,1.0,1.571356037622384e-122
EX1-EX2,10,185,1.0,3.994316377666015e-124
EX1-EX2,10,186,1.0,3.6958426805081114e-124
EX1-EX2,10,187,1.0,3.1891206583650057e-124
EX1-EX2,10,188,1.0,1.895921538526079e-125
EX1-EX2,10,189,1.0,1.4085180270851494e-125
EX1-EX2,10,190,1.0,2.2325700386156167e-126
EX1-EX2,10,191,1.0,7.517735792340238e-129
EX1-EX2,10,192,1.0,7.294579062307189e-129
EX1-EX2,10,193,1.0,6.74160061265132e-129
EX1-EX2,10,194,1.0,3.281421345645944e-129
EX1-EX2,10,195,1.0,1.740764723409324e-129
EX1-EX2,10,196,1.0,1.614995503541086e-129
EX1-EX2,10,197,1.0,1.3934942926715634e-129
EX1-EX2,10,198,1.0,6.3848733841327466e-130
EX1-EX2,10,199,1.0,1.847666686865835e-131
EX1-EX2,10,200,1.0,1.7934700348059957e-131
EX1-EX2,15,1,0.8924421935328773,0.0005687602167330011
EX1-EX2,15,2,0.9694183890594024,0.0002789148548743993
EX1-EX2,15,3,0.9906803119990887,0.0001300856365792234
EX1-EX2,15,4,0.9970426577659248,6.10487202054456e-05
EX1-EX2,15,5,0.9990437682023723,2.8033664298923094e-05
EX1-EX2,15,6,0.9996929916089813,1.3282228765569006e-05
EX1-EX2,15,7,0.9998935963713843,6.614159717291239e-06
EX1-EX2,15,8,0.999962137137955,3.6626533344541892e-06
EX1-EX2,15,9,0.9999862732587023,1.8986382823719748e-06
EX1-EX2,15,10,0.9999946356651931,1.2746230432147789e-06
EX1-EX2,15,11,0.9999978965395256,6.463758773759561e-07
EX1-EX2,15,12,0.9999996721689419,6.328047990930384e-08
EX1-EX2,15,13,0.9999998654698776,3.779296287322032e-08
EX1-EX2,15,14,0.9999999335090244,2.993920404056193e-08
EX1-EX2,15,15,0.9999999583950815,2.4458091211327652e-08
EX1-EX2,15,16,0.9999999698474776,2.212435864167204e-08
EX1-EX2,15,17,0.9999999948159627,3.731721145552934e-09
EX1-EX2,15,18,0.9999999989966852,8.008260777262042e-10
EX1-EX2,15,19,0.9999999998906182,7.17032851600203e-11
EX1-EX2,15,20,0.9999999999884659,8.026031693584344e-12
EX1-EX2,15,21,0.9999999999904704,7.072879588046061e-12
EX1-EX2,15,22,0.9999999999910545,6.991350104555987e-12
EX1-EX2,15,23,0.999999999992559,6.6068295229177365e-12
EX1-EX2,15,24,0.9999999999983791,1.1965677213056548e-12
EX1-EX2,15,25,0.999999999999769,1.877252942159787e-13
EX1-EX2,15,26,0.9999999999998572,1.1528033047839423e-13
EX1-EX2,15,27,0.9999999999998811,9.395034799260112e-14
EX1-EX2,15,28,0.9999999999999691,2.856837253752159e-14
EX1-EX2,15,29,0.9999999999999858,1.2394593943019022e-14
EX1-EX2,15,30,0.999999999999988,1.0456998079465343e-14
EX1-EX2,15,31,0.9999999999999932,6.7534386594740615e-15
EX1-EX2,15,32,1.0,2.3908783379844157e-20
EX1-EX2,15,33,1.0,2.039198750239589e-20
EX1-EX2,15,34,1.0,4.856631702896871e-21
EX1-EX2,15,35,1.0,4.23604330260707e-21
EX1-EX2,15,36,1.0,1.1294293934277625e-21
EX1-EX2,15,37,1.0,7.411826165522822e-22
EX1-EX2,15,38,1.0,7.244033559081752e-22
EX1-EX2,15,39,1.0,1.1945111512554135e-24
EX1-EX2,15,40,1.0,9.111339119732256e-25
EX1-EX2,15,41,1.0,8.089715029307945e-25
EX1-EX2,15,42,1.0,6.523936534175463e-25
EX1-EX2,15,43,1.0,2.4760161394512697e-25
EX1-EX2,15,44,1.0,1.8155724282566913e-27
EX1-EX2,15,45,1.0,1.7536677207484643e-27
EX1-EX2,15,46,1.0,4.143400727746e-28
EX1-EX2,15,47,1.0,4.1910762391903033e-29
EX1-EX2,15,48,1.0,3.947743636868723e-30
EX1-EX2,15,49,1.0,9.471428531643608e-31
EX1-EX2,15,50,1.0,5.721602625064843e-31
EX1-EX2,15,51,1.0,9.779505559696566e-41
EX1-EX2,15,52,1.0,1.8356460181272916e-43
EX1-EX2,15,53,1.0,3.486942731296823e-45
EX1-EX2,15,54,1.0,1.3501743445426993e-45
EX1-EX2,15,55,1.0,3.470921996071081e-46
EX1-EX2,15,56,1.0,2.557799954339421e-46
EX1-EX2,15,57,1.0,7.672653170220087e-49
EX1-EX2,15,58,1.0,7.18223623590829e-49
EX1-EX2,15,59,1.0,3.251455063577098e-49
EX1-EX2,15,60,1.0,3.4028404057761125e-50
EX1-EX2,15,61,1.0,2.1638398679890855e-56
EX1-EX2,15,62,1.0,1.830916933437623e-57
EX1-EX2,15,63,1.0,1.3721336298730385e-57
EX1-EX2,15,64,1.0,4.852227617687243e-59
EX1-EX2,15,65,1.0,3.14365166744995e-59
EX1-EX2,15,66,1.0,9.442384649488486e-60
EX1-EX2,15,67,1.0,2.4226525767524736e-60
EX1-EX2,15,68,1.0,8.353453321842596e-61
EX1-EX2,15,69,1.0,3.108286485363412e-61
EX1-EX2,15,70,1.0,4.1458883802123955e-62
EX1-EX2,15,71,1.0,3.704799790041414e-62
EX1-EX2,15,72,1.0,1.756644660732138e-66
EX1-EX2,15,73,1.0,5.718210110550951e-67
EX1-EX2,15,74,1.0,5.341059820851885e-67
EX1-EX2,15,75,1.0,3.296584912650818e-68
EX1-EX2,15,76,1.0,1.2824178310722336e-72
EX1-EX2,15,77,1.0,7.240783912687833e-73
EX1-EX2,15,78,1.0,4.908864295114242e-73
EX1-EX2,15,79,1.0,4.781475301358552e-73
EX1-EX2,15,80,1.0,1.6183258581752976e-74
EX1-EX2,15,81,1.0,7.318018247241177e-77
EX1-EX2,15,82,1.0,1.7840383776127267e-78
EX1-EX2,15,83,1.0,4.097223510013606e-79
EX1-EX2,15,84,1.0,3.2143380606699077e-79
EX1-EX2,15,85,1.0,4.362693148012997e-82
EX1-EX2,15,86,1.0,1.344810822697907e-85
EX1-EX2,15,87,1.0,2.798624349108572e-86
EX1-EX2,15,88,1.0,1.3193709550729481e-87
EX1-EX2,15,89,1.0,7.75440926807568e-88
EX1-EX2,15,90,1.0,7.285508026066142e-88
EX1-EX2,15,91,1.0,6.287877131327077e-88
EX1-EX2,15,92,1.0,3.068158663826444e-103
EX1-EX2,15,93,1.0,5.594986353245247e-104
EX1-EX2,15,94,1.0,4.895321979262543e-104
EX1-EX2,15,95,1.0,2.2969116043353085e-104
EX1-EX2,15,96,1.0,1.5818087349729288e-106
EX1-EX2,15,97,1.0,2.345574625972679e-108
EX1-EX2,15,98,1.0,2.1023970722412378e-116
EX1-EX2,15,99,1.0,3.0410730895755852e-118
EX1-EX2,15,100,1.0,3.619081821764054e-119
EX1-EX2,15,101,1.0,2.634126663634115e-119
EX1-EX2,15,102,1.0,2.241066044261632e-119
EX1-EX2,15,103,1.0,2.2243882715064924e-120
EX1-EX2,15,104,1.0,6.793857562867985e-121
EX1-EX2,15,105,1.0,4.481033096355375e-121
EX1-EX2,15,106,1.0,3.910041220371657e-121
EX1-EX2,15,107,1.0,1.82196464233817e-121
EX1-EX2,15,108,1.0,1.1090538392097053e-128
EX1-EX2,15,109,1.0,2.1321111330510763e-133
EX1-EX2,15,110,1.0,1.0102971860431742e-133
EX1-EX2,15,111,1.0,9.15652063428149e-135
EX1-EX2,15,112,1.0,2.547722600860877e-135
EX1-EX2,15,113,1.0,1.5345934591886557e-135
EX1-EX2,15,114,1.0,4.317635094405722e-137
EX1-EX2,15,115,1.0,1.1415314324814943e-137
EX1-EX2,15,116,1.0,2.9227839574410427e-140
EX1-EX2,15,117,1.0,2.4935159542725045e-140
EX1-EX2,15,118,1.0,4.6993941401347526e-141
EX1-EX2,15,119,1.0,1.291052474971415e-143
EX1-EX2,15,120,1.0,1.2533021147818562e-144
EX1-EX2,15,121,1.0,1.0832193285266823e-145
EX1-EX2,15,122,1.0,1.0751797298780348e-145
EX1-EX2,15,123,1.0,7.942812372241398e-150
EX1-EX2,15,124,1.0,6.668694064550619e-150
EX1-EX2,15,125,1.0,4.1624692858396253e-150
EX1-EX2,15,126,1.0,4.114150424821843e-150
EX1-EX2,15,127,1.0,1.8271308410459376e-150
EX1-EX2,15,128,1.0,9.116663539599606e-154
EX1-EX2,15,129,1.0,1.4989834119857658e-159
EX1-EX2,15,130,1.0,5.038803377205328e-160
EX1-EX2,15,131,1.0,0.0
EX1-EX2,15,132,1.0,0.0
EX1-EX2,15,133,1.0,0.0
EX1-EX2,15,134,1.0,0.0
EX1-EX2,15,135,1.0,0.0
EX1-EX2,15,136,1.0,0.0
EX1-EX2,15,137,1.0,0.0
EX1-EX2,15,138,1.0,0.0
EX1-EX2,15,139,1.0,0.0
EX1-EX2,15,140,1.0,0.0
EX1-EX2,15,141,1.0,0.0
EX1-EX2,15,142,1.0,0.0
EX1-EX2,15,143,1.0,0.0
EX1-EX2,15,144,1.0,0.0
EX1-EX2,15,145,1.0,0.0
EX1-EX2,15,146,1.0,0.0
EX1-EX2,15,147,1.0,0.0
EX1-EX2,15,148,1.0,0.0
EX1-EX2,15,149,1.0,0.0
EX1-EX2,15,150,1.0,0.0
EX1-EX2,15,151,1.0,0.0
EX1-EX2,15,152,1.0,0.0
EX1-EX2,15,153,1.0,0.0
EX1-EX2,15,154,1.0,0.0
EX1-EX2,15,155,1.0,0.0
EX1-EX2,15,156,1.0,0.0
EX1-EX2,15,157,1.0,0.0
EX1-EX2,15,158,1.0,0.0
EX1-EX2,15,159,1.0,0.0
EX1-EX2,15,160,1.0,0.0
EX1-EX2,15,161,1.0,0.0
EX1-EX2,15,162,1.0,0.0
EX1-EX2,15,163,1.0,0.0
EX1-EX2,15,164,1.0,0.0
EX1-EX2,15,165,1.0,0.0
EX1-EX2,15,166,1.0,0.0
EX1-EX2,15,167,1.0,0.0
EX1-EX2,15,168,1.0,0.0
EX1-EX2,15,169,1.0,0.0
EX1-EX2,15,170,1.0,0.0
EX1-EX2,15,171,1.0,0.0
EX1-EX2,15,172,1.0,0.0
EX1-EX2,15,173,1.0,0.0
EX1-EX2,15,174,1.0,0.0
EX1-EX2,15,175,1.0,0.0
EX1-EX2,15,176,1.0,0.0
EX1-EX2,15,177,1.0,0.0
EX1-EX2,15,178,1.0,0.0
EX1-EX2,15,179,1.0,0.0
EX1-EX2,15,180,1.0,0.0
EX1-EX2,15,181,1.0,0.0
EX1-EX2,15,182,1.0,0.0
EX1-EX2,15,183,1.0,0.0
EX1-EX2,15,184,1.0,0.0
EX1-EX2,15,185,1.0,0.0
EX1-EX2,15,186,1.0,0.0
EX1-EX2,15,187,1.0,0.0
EX1-EX2,15,188,1.0,0.0
EX1-EX2,15,189,1.0,0.0
EX1-EX2,15,190,1.0,0.0
EX1-EX2,15,191,1.0,0.0
EX1-EX2,15,192,1.0,0.0
EX1-EX2,15,193,1.0,0.0
EX1-EX2,15,194,1.0,0.0
EX1-EX2,15,195,1.0,0.0
EX1-EX2,15,196,1.0,0.0
EX1-EX2,15,197,1.0,0.0
EX1-EX2,15,198,1.0,0.0
EX1-EX2,15,199,1.0,0.0
EX1-EX2,15,200,1.0,0.0
EX1-EX2,20,1,0.9229280506729239,0.0004902846072579009
EX1-EX2,20,2,0.9836315632761039,0.0001949134108160619
EX1-EX2,20,3,0.9962596341905068,7.4609042107699e-05
EX1-EX2,20,4,0.9990990031180595,2.910023062501681e-05
EX1-EX2,20,5,0.9997845559650906,1.0861574110061562e-05
EX1-EX2,20,6,0.9999479770927051,5.021825825683808e-06
EX1-EX2,20,7,0.9999855684381862,1.8592381803630618e-06
EX1-EX2,20,8,0.9999954974131737,1.0188642172934095e-06
EX1-EX2,20,9,0.999998668630478,4.2316762786733544e-07
EX1-EX2,20,10,0.9999994397308143,3.0143165901683383e-07
EX1-EX2,20,11,0.9999998308665281,1.1156628227880024e-07
EX1-EX2,20,12,0.9999999960822833,1.4166680974268246e-09
EX1-EX2,20,13,0.9999999985748421,7.953766216402608e-10
EX1-EX2,20,14,0.9999999991573272,6.750279205997122e-10
EX1-EX2,20,15,0.9999999994247732,4.944389273521521e-10
EX1-EX2,20,16,0.9999999995325238,4.323219015826598e-10
EX1-EX2,20,17,0.9999999999780462,1.9461530850038028e-11
EX1-EX2,20,18,0.9999999999985252,1.4276867012150543e-12
EX1-EX2,20,19,0.9999999999999771,2.033584796005164e-14
EX1-EX2,20,20,0.9999999999999996,4.460068841934622e-16
EX1-EX2,20,21,0.9999999999999996,3.5543781341382945e-16
EX1-EX2,20,22,0.9999999999999997,3.5034930326669602e-16
EX1-EX2,20,23,0.9999999999999997,3.3254034262640284e-16
EX1-EX2,20,24,1.0,1.4344109575085415e-17
EX1-EX2,20,25,1.0,6.209219360778705e-19
EX1-EX2,20,26,1.0,2.610871131689783e-19
EX1-EX2,20,27,1.0,1.7794416110778015e-19
EX1-EX2,20,28,1.0,2.3708036557698153e-20
EX1-EX2,20,29,1.0,5.3702435705894575e-21
EX1-EX2,20,30,1.0,3.990464834157902e-21
EX1-EX2,20,31,1.0,1.8876386190080626e-21
EX1-EX2,20,32,1.0,4.617396240861984e-31
EX1-EX2,20,33,1.0,3.4880366722933518e-31
EX1-EX2,20,34,1.0,2.7662872550160913e-32
EX1-EX2,20,35,1.0,2.1729152908522754e-32
EX1-EX2,20,36,1.0,2.1021743675544004e-33
EX1-EX2,20,37,1.0,9.986141208877345e-34
EX1-EX2,20,38,1.0,9.590104449461064e-34
EX1-EX2,20,39,1.0,1.1528289581854991e-38
EX1-EX2,20,40,1.0,7.140720275246642e-39
EX1-EX2,20,41,1.0,5.7860691202031284e-39
EX1-EX2,20,42,1.0,3.954849332684077e-39
EX1-EX2,20,43,1.0,7.125557586847131e-40
EX1-EX2,20,44,1.0,1.1894694429627987e-43
EX1-EX2,20,45,1.0,1.1186312917608879e-43
EX1-EX2,20,46,1.0,8.701444342739275e-45
EX1-EX2,20,47,1.0,1.5068329131434626e-46
EX1-EX2,20,48,1.0,2.2984335088773533e-48
EX1-EX2,20,49,1.0,1.8348739542587107e-49
EX1-EX2,20,50,1.0,7.515189249396558e-50
EX1-EX2,20,51,1.0,3.696481598035674e-67
EX1-EX2,20,52,1.0,5.411906418902501e-72
EX1-EX2,20,53,1.0,4.427245712119099e-75
EX1-EX2,20,54,1.0,6.859806069918942e-76
EX1-EX2,20,55,1.0,8.008919401265286e-77
EX1-EX2,20,56,1.0,4.662441497994875e-77
EX1-EX2,20,57,1.0,1.562130733627737e-81
EX1-EX2,20,58,1.0,1.3894199275010888e-81
EX1-EX2,20,59,1.0,3.406496891461332e-82
EX1-EX2,20,60,1.0,6.21529367568858e-84
EX1-EX2,20,61,1.0,6.258951155697332e-95
EX1-EX2,20,62,1.0,7.87518529735296e-97
EX1-EX2,20,63,1.0,4.720277582960976e-97
EX1-EX2,20,64,1.0,1.2540070588970834e-99
EX1-EX2,20,65,1.0,5.804669519006336e-100
EX1-EX2,20,66,1.0,6.867579951881913e-101
EX1-EX2,20,67,1.0,6.142711282240111e-102
EX1-EX2,20,68,1.0,9.283370245209539e-103
EX1-EX2,20,69,1.0,1.606004878810109e-103
EX1-EX2,20,70,1.0,4.498045343524494e-105
EX1-EX2,20,71,1.0,3.684017202080185e-105
EX1-EX2,20,72,1.0,7.791601367391228e-113
EX1-EX2,20,73,1.0,1.0628075905389347e-113
EX1-EX2,20,74,1.0,9.415787067554474e-114
EX1-EX2,20,75,1.0,6.711922265334081e-116
EX1-EX2,20,76,1.0,9.962675241801124e-124
EX1-EX2,20,77,1.0,3.6114900073032003e-124
EX1-EX2,20,78,1.0,1.8114157654233495e-124
EX1-EX2,20,79,1.0,1.7288063409820895e-124
EX1-EX2,20,80,1.0,4.23830507930346e-127
EX1-EX2,20,81,1.0,2.911352607284872e-131
EX1-EX2,20,82,1.0,3.21626302573403e-134
EX1-EX2,20,83,1.0,2.9275954503224244e-135
EX1-EX2,20,84,1.0,1.9027491979635325e-135
EX1-EX2,20,85,1.0,1.5431133752947704e-140
EX1-EX2,20,86,1.0,8.974517414592939e-147
EX1-EX2,20,87,1.0,5.245356492985452e-148
EX1-EX2,20,88,1.0,2.4435063273548602e-150
EX1-EX2,20,89,1.0,9.509294817818961e-151
EX1-EX2,20,90,1.0,8.512288871275669e-151
EX1-EX2,20,91,1.0,6.553592191024694e-151
EX1-EX2,20,92,1.0,0.0
EX1-EX2,20,93,1.0,0.0
EX1-EX2,20,94,1.0,0.0
EX1-EX2,20,95,1.0,0.0
EX1-EX2,20,96,1.0,0.0
EX1-EX2,20,97,1.0,0.0
EX1-EX2,20,98,1.0,0.0
EX1-EX2,20,99,1.0,0.0
EX1-EX2,20,100,1.0,0.0
EX1-EX2,20,101,1.0,0.0
EX1-EX2,20,102,1.0,0.0
EX1-EX2,20,103,1.0,0.0
EX1-EX2,20,104,1.0,0.0
EX1-EX2,20,105,1.0,0.0
EX1-EX2,20,106,1.0,0.0
EX1-EX2,20,107,1.0,0.0
EX1-EX2,20,108,1.0,0.0
EX1-EX2,20,109,1.0,0.0
EX1-EX2,20,110,1.0,0.0
EX1-EX2,20,111,1.0,0.0
EX1-EX2,20,112,1.0,0.0
EX1-EX2,20,113,1.0,0.0
EX1-EX2,20,114,1.0,0.0
EX1-EX2,20,115,1.0,0.0
EX1-EX2,20,116,1.0,0.0
EX1-EX2,20,117,1.0,0.0
EX1-EX2,20,118,1.0,0.0
EX1-EX2,20,119,1.0,0.0
EX1-EX2,20,120,1.0,0.0
EX1-EX2,20,121,1.0,0.0
EX1-EX2,20,122,1.0,0.0
EX1-EX2,20,123,1.0,0.0
EX1-EX2,20,124,1.0,0.0
EX1-EX2,20,125,1.0,0.0
EX1-EX2,20,126,1.0,0.0
EX1-EX2,20,127,1.0,0.0
EX1-EX2,20,128,1.0,0.0
EX1-EX2,20,129,1.0,0.0
EX1-EX2,20,130,1.0,0.0
EX1-EX2,20,131,1.0,0.0
EX1-EX2,20,132,1.0,0.0
EX1-EX2,20,133,1.0,0.0
EX1-EX2,20,134,1.0,0.0
EX1-EX2,20,135,1.0,0.0
EX1-EX2,20,136,1.0,0.0
EX1-EX2,20,137,1.0,0.0
EX1-EX2,20,138,1.0,0.0
EX1-EX2,20,139,1.0,0.0
EX1-EX2,20,140,1.0,0.0
EX1-EX2,20,141,1.0,0.0
EX1-EX2,20,142,1.0,0.0
EX1-EX2,20,143,1.0,0.0
EX1-EX2,20,144,1.0,0.0
EX1-EX2,20,145,1.0,0.0
EX1-EX2,20,146,1.0,0.0
EX1-EX2,20,147,1.0,0.0
EX1-EX2,20,148,1.0,0.0
EX1-EX2,20,149,1.0,0.0
EX1-EX2,20,150,1.0,0.0
EX1-EX2,20,151,1.0,0.0
EX1-EX2,20,152,1.0,0.0
EX1-EX2,20,153,1.0,0.0
EX1-EX2,20,154,1.0,0.0
EX1-EX2,20,155,1.0,0.0
EX1-EX2,20,156,1.0,0.0
EX1-EX2,20,157,1.0,0.0
EX1-EX2,20,158,1.0,0.0
EX1-EX2,20,159,1.0,0.0
EX1-EX2,20,160,1.0,0.0
EX1-EX2,20,161,1.0,0.0
EX1-EX2,20,162,1.0,0.0
EX1-EX2,20,163,1.0,0.0
EX1-EX2,20,164,1.0,0.0
EX1-EX2,20,165,1.0,0.0
EX1-EX2,20,166,1.0,0.0
EX1-EX2,20,167,1.0,0.0
EX1-EX2,20,168,1.0,0.0
EX1-EX2,20,169,1.0,0.0
EX1-EX2,20,170,1.0,0.0
EX1-EX2,20,171,1.0,0.0
EX1-EX2,20,172,1.0,0.0
EX1-EX2,20,173,1.0,0.0
EX1-EX2,20,174,1.0,0.0
EX1-EX2,20,175,1.0,0.0
EX1-EX2,20,176,1.0,0.0
EX1-EX2,20,177,1.0,0.0
EX1-EX2,20,178,1.0,0.0
EX1-EX2,20,179,1.0,0.0
EX1-EX2,20,180,1.0,0.0
EX1-EX2,20,181,1.0,0.0
EX1-EX2,20,182,1.0,0.0
EX1-EX2,20,183,1.0,0.0
EX1-EX2,20,184,1.0,0.0
EX1-EX2,20,185,1.0,0.0
EX1-EX2,20,186,1.0,0.0
EX1-EX2,20,187,1.0,0.0
EX1-EX2,20,188,1.0,0.0
EX1-EX2,20,189,1.0,0.0
EX1-EX2,20,190,1.0,0.0
EX1-EX2,20,191,1.0,0.0
EX1-EX2,20,192,1.0,0.0
EX1-EX2,20,193,1.0,0.0
EX1-EX2,20,194,1.0,0.0
EX1-EX2,20,195,1.0,0.0
EX1-EX2,20,196,1.0,0.0
EX1-EX2,20,197,1.0,0.0
EX1-EX2,20,198,1.0,0.0
EX1-EX2,20,199,1.0,0.0
EX1-EX2,20,200,1.0,0.0
EX1-EX2,30,1,0.9564269900818188,0.00036471568129559773
EX1-EX2,30,2,0.994389539457575,0.00010190453054391948
EX1-EX2,30,3,0.9992224385924803,2.8267914951096555e-05
EX1-EX2,30,4,0.9998841771109065,7.799717947052538e-06
EX1-EX2,30,5,0.9999842098958284,2.1608655927328834e-06
EX1-EX2,30,6,0.9999966754920085,1.3390603251999237e-06
EX1-EX2,30,7,0.9999995567186666,1.3899049654108764e-07
EX1-EX2,30,8,0.9999998670921777,7.679911526312403e-08
EX1-EX2,30,9,0.9999999782883083,1.3384465982091952e-08
EX1-EX2,30,10,0.9999999889664991,7.987411327977152e-09
EX1-EX2,30,11,0.9999999986111405,1.3474467327483953e-09
EX1-EX2,30,12,0.9999999999998969,7.711683787592421e-14
EX1-EX2,30,13,0.9999999999999689,2.8445033924571593e-14
EX1-EX2,30,14,0.9999999999999775,2.2365823818711536e-14
EX1-EX2,30,15,0.9999999999999886,1.138347604622833e-14
EX1-EX2,30,16,0.9999999999999915,8.515311469643523e-15
EX1-EX2,30,17,1.0,9.285230094039472e-18
EX1-EX2,30,18,1.0,2.9602517167494465e-20
EX1-EX2,30,19,1.0,2.399780398975923e-24
EX1-EX2,30,20,1.0,4.944594781710679e-28
EX1-EX2,30,21,1.0,2.9760154268012227e-28
EX1-EX2,30,22,1.0,2.8859494142103923e-28
EX1-EX2,30,23,1.0,2.595988074998362e-28
EX1-EX2,30,24,1.0,2.1552377637803454e-31
EX1-EX2,30,25,1.0,2.1611081012708112e-34
EX1-EX2,30,26,1.0,3.120860316197753e-35
EX1-EX2,30,27,1.0,1.3121335186998367e-35
EX1-EX2,30,28,1.0,1.497346146337186e-37
EX1-EX2,30,29,1.0,5.4373686745303944e-39
EX1-EX2,30,30,1.0,2.8031719679105416e-39
EX1-EX2,30,31,1.0,5.2797486208774265e-40
EX1-EX2,30,32,1.0,1.6895267514890018e-61
EX1-EX2,30,33,1.0,9.015639114836559e-62
EX1-EX2,30,34,1.0,3.090872846693722e-64
EX1-EX2,30,35,1.0,1.7998673740585963e-64
EX1-EX2,30,36,1.0,9.61945155672713e-67
EX1-EX2,30,37,1.0,1.815425386748993e-67
EX1-EX2,30,38,1.0,1.658090876627365e-67
EX1-EX2,30,39,1.0,1.5626975579517517e-78
EX1-EX2,30,40,1.0,5.3401155901362533e-79
EX1-EX2,30,41,1.0,3.33234021515751e-79
EX1-EX2,30,42,1.0,1.4200025381866937e-79
EX1-EX2,30,43,1.0,3.045331296648525e-81
EX1-EX2,30,44,1.0,1.0306479390799468e-89
EX1-EX2,30,45,1.0,8.980568307988722e-90
EX1-EX2,30,46,1.0,2.922374087734114e-92
EX1-EX2,30,47,1.0,3.2688336158200063e-96
EX1-EX2,30,48,1.0,2.747264920060848e-100
EX1-EX2,30,49,1.0,9.4571112602678e-103
EX1-EX2,30,50,1.0,1.276224793713754e-103
EX1-EX2,30,51,1.0,1.7913852852694664e-142
EX1-EX2,30,52,1.0,2.4912868402215673e-153
EX1-EX2,30,53,1.0,2.8445233488129596e-160
EX1-EX2,30,54,1.0,3.1434555694052576e-162
EX1-EX2,30,55,1.0,0.0
EX1-EX2,30,56,1.0,0.0
EX1-EX2,30,57,1.0,0.0
EX1-EX2,30,58,1.0,0.0
EX1-EX2,30,59,1.0,0.0
EX1-EX2,30,60,1.0,0.0
EX1-EX2,30,61,1.0,0.0
EX1-EX2,30,62,1.0,0.0
EX1-EX2,30,63,1.0,0.0
EX1-EX2,30,64,1.0,0.0
EX1-EX2,30,65,1.0,0.0
EX1-EX2,30,66,1.0,0.0
EX1-EX2,30,67,1.0,0.0
EX1-EX2,30,68,1.0,0.0
EX1-EX2,30,69,1.0,0.0
EX1-EX2,30,70,1.0,0.0
EX1-EX2,30,71,1.0,0.0
EX1-EX2,30,72,1.0,0.0
EX1-EX2,30,73,1.0,0.0
EX1-EX2,30,74,1.0,0.0
EX1-EX2,30,75,1.0,0.0
EX1-EX2,30,76,1.0,0.0
EX1-EX2,30,77,1.0,0.0
EX1-EX2,30,78,1.0,0.0
EX1-EX2,30,79,1.0,0.0
EX1-EX2,30,80,1.0,0.0
EX1-EX2,30,81,1.0,0.0
EX1-EX2,30,82,1.0,0.0
EX1-EX2,30,83,1.0,0.0
EX1-EX2,30,84,1.0,0.0
EX1-EX2,30,85,1.0,0.0
EX1-EX2,30,86,1.0,0.0
EX1-EX2,30,87,1.0,0.0
EX1-EX2,30,88,1.0,0.0
EX1-EX2,30,89,1.0,0.0
EX1-EX2,30,90,1.0,0.0
EX1-EX2,30,91,1.0,0.0
EX1-EX2,30,92,1.0,0.0
EX1-EX2,30,93,1.0,0.0
EX1-EX2,30,94,1.0,0.0
EX1-EX2,30,95,1.0,0.0
EX1-EX2,30,96,1.0,0.0
EX1-EX2,30,97,1.0,0.0
EX1-EX2,30,98,1.0,0.0
EX1-EX2,30,99,1.0,0.0
EX1-EX2,30,100,1.0,0.0
EX1-EX2,30,101,1.0,0.0
EX1-EX2,30,102,1.0,0.0
EX1-EX2,30,103,1.0,0.0
EX1-EX2,30,104,1.0,0.0
EX1-EX2,30,105,1.0,0.0
EX1-EX2,30,106,1.0,0.0
EX1-EX2,30,107,1.0,0.0
EX1-EX2,30,108,1.0,0.0
EX1-EX2,30,109,1.0,0.0
EX1-EX2,30,110,1.0,0.0
EX1-EX2,30,111,1.0,0.0
EX1-EX2,30,112,1.0,0.0
EX1-EX2,30,113,1.0,0.0
EX1-EX2,30,114,1.0,0.0
EX1-EX2,30,115,1.0,0.0
EX1-EX2,30,116,1.0,0.0
EX1-EX2,30,117,1.0,0.0
EX1-EX2,30,118,1.0,0.0
EX1-EX2,30,119,1.0,0.0
EX1-EX2,30,120,1.0,0.0
EX1-EX2,30,121,1.0,0.0
EX1-EX2,30,122,1.0,0.0
EX1-EX2,30,123,1.0,0.0
EX1-EX2,30,124,1.0,0.0
EX1-EX2,30,125,1.0,0.0
EX1-EX2,30,126,1.0,0.0
EX1-EX2,30,127,1.0,0.0
EX1-EX2,30,128,1.0,0.0
EX1-EX2,30,129,1.0,0.0
EX1-EX2,30,130,1.0,0.0
EX1-EX2,30,131,1.0,0.0
EX1-EX2,30,132,1.0,0.0
EX1-EX2,30,133,1.0,0.0
EX1-EX2,30,134,1.0,0.0
EX1-EX2,30,135,1.0,0.0
EX1-EX2,30,136,1.0,0.0
EX1-EX2,30,137,1.0,0.0
EX1-EX2,30,138,1.0,0.0
EX1-EX2,30,139,1.0,0.0
EX1-EX2,30,140,1.0,0.0
EX1-EX2,30,141,1.0,0.0
EX1-EX2,30,142,1.0,0.0
EX1-EX2,30,143,1.0,0.0
EX1-EX2,30,144,1.0,0.0
EX1-EX2,30,145,1.0,0.0
EX1-EX2,30,146,1.0,0.0
EX1-EX2,30,147,1.0,0.0
EX1-EX2,30,148,1.0,0.0
EX1-EX2,30,149,1.0,0.0
EX1-EX2,30,150,1.0,0.0
EX1-EX2,30,151,1.0,0.0
EX1-EX2,30,152,1.0,0.0
EX1-EX2,30,153,1.0,0.0
EX1-EX2,30,154,1.0,0.0
EX1-EX2,30,155,1.0,0.0
EX1-EX2,30,156,1.0,0.0
EX1-EX2,30,157,1.0,0.0
EX1-EX2,30,158,1.0,0.0
EX1-EX2,30,159,1.0,0.0
EX1-EX2,30,160,1.0,0.0
EX1-EX2,30,161,1.0,0.0
EX1-EX2,30,162,1.0,0.0
EX1-EX2,30,163,1.0,0.0
EX1-EX2,30,164,1.0,0.0
EX1-EX2,30,165,1.0,0.0
EX1-EX2,30,166,1.0,0.0
EX1-EX2,30,167,1.0,0.0
EX1-EX2,30,168,1.0,0.0
EX1-EX2,30,169,1.0,0.0
EX1-EX2,30,170,1.0,0.0
EX1-EX2,30,171,1.0,0.0
EX1-EX2,30,172,1.0,0.0
EX1-EX2,30,173,1.0,0.0
EX1-EX2,30,174,1.0,0.0
EX1-EX2,30,175,1.0,0.0
EX1-EX2,30,176,1.0,0.0
EX1-EX2,30,177,1.0,0.0
EX1-EX2,30,178,1.0,0.0
EX1-EX2,30,179,1.0,0.0
EX1-EX2,30,180,1.0,0.0
EX1-EX2,30,181,1.0,0.0
EX1-EX2,30,182,1.0,0.0
EX1-EX2,30,183,1.0,0.0
EX1-EX2,30,184,1.0,0.0
EX1-EX2,30,185,1.0,0.0
EX1-EX2,30,186,1.0,0.0
EX1-EX2,30,187,1.0,0.0
EX1-EX2,30,188,1.0,0.0
EX1-EX2,30,189,1.0,0.0
EX1-EX2,30,190,1.0,0.0
EX1-EX2,30,191,1.0,0.0
EX1-EX2,30,192,1.0,0.0
EX1-EX2,30,193,1.0,0.0
EX1-EX2,30,194,1.0,0.0
EX1-EX2,30,195,1.0,0.0
EX1-EX2,30,196,1.0,0.0
EX1-EX2,30,197,1.0,0.0
EX1-EX2,30,198,1.0,0.0
EX1-EX2,30,199,1.0,0.0
EX1-EX2,30,200,1.0,0.0
EX1-EX2,50,1,0.9828568215509793,0.00021242947259865025
EX1-EX2,50,2,0.9990321889502267,3.353960365173284e-05
EX1-EX2,50,3,0.9999397004081632,5.335358849615068e-06
EX1-EX2,50,4,0.9999964848627702,6.605953887220543e-07
EX1-EX2,50,5,0.999999763888094,1.4458314635634225e-07
EX1-EX2,50,6,0.9999998898656636,1.0029533652322807e-07
EX1-EX2,50,7,0.9999999997286332,1.8663017395767644e-10
EX1-EX2,50,8,0.9999999999183834,7.961603950514408e-11
EX1-EX2,50,9,0.9999999999992476,6.423849708257955e-13
EX1-EX2,50,10,0.9999999999998089,1.5691944092131532e-13
EX1-EX2,50,11,0.999999999999998,1.9815218214361875e-15
EX1-EX2,50,12,1.0,6.034433098711627e-27
EX1-EX2,50,13,1.0,4.113033148159787e-28
EX1-EX2,50,14,1.0,2.1462216647949966e-28
EX1-EX2,50,15,1.0,3.3882717631735513e-29
EX1-EX2,50,16,1.0,1.5319668333403206e-29
EX1-EX2,50,17,1.0,1.1667284166572148e-37
EX1-EX2,50,18,1.0,1.6079937813864167e-44
EX1-EX2,50,19,1.0,8.692702829326845e-56
EX1-EX2,50,20,1.0,5.900070768912926e-66
EX1-EX2,50,21,1.0,1.452805163351367e-66
EX1-EX2,50,22,1.0,1.3346616590678584e-66
EX1-EX2,50,23,1.0,9.964337208310443e-67
EX1-EX2,50,24,1.0,3.0724207620643127e-75
EX1-EX2,50,25,1.0,1.5988974847096967e-83
EX1-EX2,50,26,1.0,7.59716707178856e-86
EX1-EX2,50,27,1.0,6.922300100414671e-87
EX1-EX2,50,28,1.0,2.9424226996327752e-92
EX1-EX2,50,29,1.0,3.063204419314889e-96
EX1-EX2,50,30,1.0,4.900777473248857e-97
EX1-EX2,50,31,1.0,4.837539019486545e-99
EX1-EX2,50,32,1.0,1.467467228648581e-158
EX1-EX2,50,33,1.0,2.575006292531541e-159
EX1-EX2,50,34,1.0,0.0
EX1-EX2,50,35,1.0,0.0
EX1-EX2,50,36,1.0,0.0
EX1-EX2,50,37,1.0,0.0
EX1-EX2,50,38,1.0,0.0
EX1-EX2,50,39,1.0,0.0
EX1-EX2,50,40,1.0,0.0
EX1-EX2,50,41,1.0,0.0
EX1-EX2,50,42,1.0,0.0
EX1-EX2,50,43,1.0,0.0
EX1-EX2,50,44,1.0,0.0
EX1-EX2,50,45,1.0,0.0
EX1-EX2,50,46,1.0,0.0
EX1-EX2,50,47,1.0,0.0
EX1-EX2,50,48,1.0,0.0
EX1-EX2,50,49,1.0,0.0
EX1-EX2,50,50,1.0,0.0
EX1-EX2,50,51,1.0,0.0
EX1-EX2,50,52,1.0,0.0
EX1-EX2,50,53,1.0,0.0
EX1-EX2,50,54,1.0,0.0
EX1-EX2,50,55,1.0,0.0
EX1-EX2,50,56,1.0,0.0
EX1-EX2,50,57,1.0,0.0
EX1-EX2,50,58,1.0,0.0
EX1-EX2,50,59,1.0,0.0
EX1-EX2,50,60,1.0,0.0
EX1-EX2,50,61,1.0,0.0
EX1-EX2,50,62,1.0,0.0
EX1-EX2,50,63,1.0,0.0
EX1-EX2,50,64,1.0,0.0
EX1-EX2,50,65,1.0,0.0
EX1-EX2,50,66,1.0,0.0
EX1-EX2,50,67,1.0,0.0
EX1-EX2,50,68,1.0,0.0
EX1-EX2,50,69,1.0,0.0
EX1-EX2,50,70,1.0,0.0
EX1-EX2,50,71,1.0,0.0
EX1-EX2,50,72,1.0,0.0
EX1-EX2,50,73,1.0,0.0
EX1-EX2,50,74,1.0,0.0
EX1-EX2,50,75,1.0,0.0
EX1-EX2,50,76,1.0,0.0
EX1-EX2,50,77,1.0,0.0
EX1-EX2,50,78,1.0,0.0
EX1-EX2,50,79,1.0,0.0
EX1-EX2,50,80,1.0,0.0
EX1-EX2,50,81,1.0,0.0
EX1-EX2,50,82,1.0,0.0
EX1-EX2,50,83,1.0,0.0
EX1-EX2,50,84,1.0,0.0
EX1-EX2,50,85,1.0,0.0
EX1-EX2,50,86,1.0,0.0
EX1-EX2,50,87,1.0,0.0
EX1-EX2,50,88,1.0,0.0
EX1-EX2,50,89,1.0,0.0
EX1-EX2,50,90,1.0,0.0
EX1-EX2,50,91,1.0,0.0
EX1-EX2,50,92,1.0,0.0
EX1-EX2,50,93,1.0,0.0
EX1-EX2,50,94,1.0,0.0
EX1-EX2,50,95,1.0,0.0
EX1-EX2,50,96,1.0,0.0
EX1-EX2,50,97,1.0,0.0
EX1-EX2,50,98,1.0,0.0
EX1-EX2,50,99,1.0,0.0
EX1-EX2,50,100,1.0,0.0
EX1-EX2,50,101,1.0,0.0
EX1-EX2,50,102,1.0,0.0
EX1-EX2,50,103,1.0,0.0
EX1-EX2,50,104,1.0,0.0
EX1-EX2,50,105,1.0,0.0
EX1-EX2,50,106,1.0,0.0
EX1-EX2,50,107,1.0,0.0
EX1-EX2,50,108,1.0,0.0
EX1-EX2,50,109,1.0,0.0
EX1-EX2,50,110,1.0,0.0
EX1-EX2,50,111,1.0,0.0
EX1-EX2,50,112,1.0,0.0
EX1-EX2,50,113,1.0,0.0
EX1-EX2,50,114,1.0,0.0
EX1-EX2,50,115,1.0,0.0
EX1-EX2,50,116,1.0,0.0
EX1-EX2,50,117,1.0,0.0
EX1-EX2,50,118,1.0,0.0
EX1-EX2,50,119,1.0,0.0
EX1-EX2,50,120,1.0,0.0
EX1-EX2,50,121,1.0,0.0
EX1-EX2,50,122,1.0,0.0
EX1-EX2,50,123,1.0,0.0
EX1-EX2,50,124,1.0,0.0
EX1-EX2,50,125,1.0,0.0
EX1-EX2,50,126,1.0,0.0
EX1-EX2,50,127,1.0,0.0
EX1-EX2,50,128,1.0,0.0
EX1-EX2,50,129,1.0,0.0
EX1-EX2,50,130,1.0,0.0
EX1-EX2,50,131,1.0,0.0
EX1-EX2,50,132,1.0,0.0
EX1-EX2,50,133,1.0,0.0
EX1-EX2,50,134,1.0,0.0
EX1-EX2,50,135,1.0,0.0
EX1-EX2,50,136,1.0,0.0
EX1-EX2,50,137,1.0,0.0
EX1-EX2,50,138,1.0,0.0
EX1-EX2,50,139,1.0,0.0
EX1-EX2,50,140,1.0,0.0
EX1-EX2,50,141,1.0,0.0
EX1-EX2,50,142,1.0,0.0
EX1-EX2,50,143,1.0,0.0
EX1-EX2,50,144,1.0,0.0
EX1-EX2,50,145,1.0,0.0
EX1-EX2,50,146,1.0,0.0
EX1-EX2,50,147,1.0,0.0
EX1-EX2,50,148,1.0,0.0
EX1-EX2,50,149,1.0,0.0
EX1-EX2,50,150,1.0,0.0
EX1-EX2,50,151,1.0,0.0
EX1-EX2,50,152,1.0,0.0
EX1-EX2,50,153,1.0,0.0
EX1-EX2,50,154,1.0,0.0
EX1-EX2,50,155,1.0,0.0
EX1-EX2,50,156,1.0,0.0
EX1-EX2,50,157,1.0,0.0
EX1-EX2,50,158,1.0,0.0
EX1-EX2,50,159,1.0,0.0
EX1-EX2,50,160,1.0,0.0
EX1-EX2,50,161,1.0,0.0
EX1-EX2,50,162,1.0,0.0
EX1-EX2,50,163,1.0,0.0
EX1-EX2,50,164,1.0,0.0
EX1-EX2,50,165,1.0,0.0
EX1-EX2,50,166,1.0,0.0
EX1-EX2,50,167,1.0,0.0
EX1-EX2,50,168,1.0,0.0
EX1-EX2,50,169,1.0,0.0
EX1-EX2,50,170,1.0,0.0
EX1-EX2,50,171,1.0,0.0
EX1-EX2,50,172,1.0,0.0
EX1-EX2,50,173,1.0,0.0
EX1-EX2,50,174,1.0,0.0
EX1-EX2,50,175,1.0,0.0
EX1-EX2,50,176,1.0,0.0
EX1-EX2,50,177,1.0,0.0
EX1-EX2,50,178,1.0,0.0
EX1-EX2,50,179,1.0,0.0
EX1-EX2,50,180,1.0,0.0
EX1-EX2,50,181,1.0,0.0
EX1-EX2,50,182,1.0,0.0
EX1-EX2,50,183,1.0,0.0
EX1-EX2,50,184,1.0,0.0
EX1-EX2,50,185,1.0,0.0
EX1-EX2,50,186,1.0,0.0
EX1-EX2,50,187,1.0,0.0
EX1-EX2,50,188,1.0,0.0
EX1-EX2,50,189,1.0,0.0
EX1-EX2,50,190,1.0,0.0
EX1-EX2,50,191,1.0,0.0
EX1-EX2,50,192,1.0,0.0
EX1-EX2,50,193,1.0,0.0
EX1-EX2,50,194,1.0,0.0
EX1-EX2,50,195,1.0,0.0
EX1-EX2,50,196,1.0,0.0
EX1-EX2,50,197,1.0,0.0
EX1-EX2,50,198,1.0,0.0
EX1-EX2,50,199,1.0,0.0
EX1-EX2,50,200,1.0,0.0
EX1-EX2,80,1,0.9945198354356338,0.00010677119894408274
EX1-EX2,80,2,0.9998908678198074,8.15296149143783e-06
EX1-EX2,80,3,0.9999978117965655,4.313098910180877e-07
EX1-EX2,80,4,0.9999999782174362,9.335483527923124e-09
EX1-EX2,80,5,0.9999999991206392,8.655263235905544e-10
EX1-EX2,80,6,0.9999999996231186,3.7585578066046567e-10
EX1-EX2,80,7,0.9999999999999999,6.826198881981293e-17
EX1-EX2,80,8,1.0,8.935535101742061e-18
EX1-EX2,80,9,1.0,4.9100807198150015e-23
EX1-EX2,80,10,1.0,1.3675754146427294e-24
EX1-EX2,80,11,1.0,2.424975764213936e-29
EX1-EX2,80,12,1.0,1.4843149354726455e-58
EX1-EX2,80,13,1.0,1.598576538310214e-61
EX1-EX2,80,14,1.0,3.054000607207934e-62
EX1-EX2,80,15,1.0,2.7826185573773877e-64
EX1-EX2,80,16,1.0,3.6893613235508442e-65
EX1-EX2,80,17,1.0,7.669076650508817e-86
EX1-EX2,80,18,1.0,2.443691444462632e-103
EX1-EX2,80,19,1.0,4.279849911225065e-132
EX1-EX2,80,20,1.0,4.61084810328349e-158
EX1-EX2,80,21,1.0,1.2854984660829727e-159
EX1-EX2,80,22,1.0,1.0350898496968723e-159
EX1-EX2,80,23,1.0,4.906459884031942e-160
EX1-EX2,80,24,1.0,0.0
EX1-EX2,80,25,1.0,0.0
EX1-EX2,80,26,1.0,0.0
EX1-EX2,80,27,1.0,0.0
EX1-EX2,80,28,1.0,0.0
EX1-EX2,80,29,1.0,0.0
EX1-EX2,80,30,1.0,0.0
EX1-EX2,80,31,1.0,0.0
EX1-EX2,80,32,1.0,0.0
EX1-EX2,80,33,1.0,0.0
EX1-EX2,80,34,1.0,0.0
EX1-EX2,80,35,1.0,0.0
EX1-EX2,80,36,1.0,0.0
EX1-EX2,80,37,1.0,0.0
EX1-EX2,80,38,1.0,0.0
EX1-EX2,80,39,1.0,0.0
EX1-EX2,80,40,1.0,0.0
EX1-EX2,80,41,1.0,0.0
EX1-EX2,80,42,1.0,0.0
EX1-EX2,80,43,1.0,0.0
EX1-EX2,80,44,1.0,0.0
EX1-EX2,80,45,1.0,0.0
EX1-EX2,80,46,1.0,0.0
EX1-EX2,80,47,1.0,0.0
EX1-EX2,80,48,1.0,0.0
EX1-EX2,80,49,1.0,0.0
EX1-EX2,80,50,1.0,0.0
EX1-EX2,80,51,1.0,0.0
EX1-EX2,80,52,1.0,0.0
EX1-EX2,80,53,1.0,0.0
EX1-EX2,80,54,1.0,0.0
EX1-EX2,80,55,1.0,0.0
EX1-EX2,80,56,1.0,0.0
EX1-EX2,80,57,1.0,0.0
EX1-EX2,80,58,1.0,0.0
EX1-EX2,80,59,1.0,0.0
EX1-EX2,80,60,1.0,0.0
EX1-EX2,80,61,1.0,0.0
EX1-EX2,80,62,1.0,0.0
EX1-EX2,80,63,1.0,0.0
EX1-EX2,80,64,1.0,0.0
EX1-EX2,80,65,1.0,0.0
EX1-EX2,80,66,1.0,0.0
EX1-EX2,80,67,1.0,0.0
EX1-EX2,80,68,1.0,0.0
EX1-EX2,80,69,1.0,0.0
EX1-EX2,80,70,1.0,0.0
EX1-EX2,80,71,1.0,0.0
EX1-EX2,80,72,1.0,0.0
EX1-EX2,80,73,1.0,0.0
EX1-EX2,80,74,1.0,0.0
EX1-EX2,80,75,1.0,0.0
EX1-EX2,80,76,1.0,0.0
EX1-EX2,80,77,1.0,0.0
EX1-EX2,80,78,1.0,0.0
EX1-EX2,80,79,1.0,0.0
EX1-EX2,80,80,1.0,0.0
EX1-EX2,80,81,1.0,0.0
EX1-EX2,80,82,1.0,0.0
EX1-EX2,80,83,1.0,0.0
EX1-EX2,80,84,1.0,0.0
EX1-EX2,80,85,1.0,0.0
EX1-EX2,80,86,1.0,0.0
EX1-EX2,80,87,1.0,0.0
EX1-EX2,80,88,1.0,0.0
EX1-EX2,80,89,1.0,0.0
EX1-EX2,80,90,1.0,0.0
EX1-EX2,80,91,1.0,0.0
EX1-EX2,80,92,1.0,0.0
EX1-EX2,80,93,1.0,0.0
EX1-EX2,80,94,1.0,0.0
EX1-EX2,80,95,1.0,0.0
EX1-EX2,80,96,1.0,0.0
EX1-EX2,80,97,1.0,0.0
EX1-EX2,80,98,1.0,0.0
EX1-EX2,80,99,1.0,0.0
EX1-EX2,80,100,1.0,0.0
EX1-EX2,80,101,1.0,0.0
EX1-EX2,80,102,1.0,0.0
EX1-EX2,80,103,1.0,0.0
EX1-EX2,80,104,1.0,0.0
EX1-EX2,80,105,1.0,0.0
EX1-EX2,80,106,1.0,0.0
EX1-EX2,80,107,1.0,0.0
EX1-EX2,80,108,1.0,0.0
EX1-EX2,80,109,1.0,0.0
EX1-EX2,80,110,1.0,0.0
EX1-EX2,80,111,1.0,0.0
EX1-EX2,80,112,1.0,0.0
EX1-EX2,80,113,1.0,0.0
EX1-EX2,80,114,1.0,0.0
EX1-EX2,80,115,1.0,0.0
EX1-EX2,80,116,1.0,0.0
EX1-EX2,80,117,1.0,0.0
EX1-EX2,80,118,1.0,0.0
EX1-EX2,80,119,1.0,0.0
EX1-EX2,80,120,1.0,0.0
EX1-EX2,80,121,1.0,0.0
EX1-EX2,80,122,1.0,0.0
EX1-EX2,80,123,1.0,0.0
EX1-EX2,80,124,1.0,0.0
EX1-EX2,80,125,1.0,0.0
EX1-EX2,80,126,1.0,0.0
EX1-EX2,80,127,1.0,0.0
EX1-EX2,80,128,1.0,0.0
EX1-EX2,80,129,1.0,0.0
EX1-EX2,80,130,1.0,0.0
EX1-EX2,80,131,1.0,0.0
EX1-EX2,80,132,1.0,0.0
EX1-EX2,80,133,1.0,0.0
EX1-EX2,80,134,1.0,0.0
EX1-EX2,80,135,1.0,0.0
EX1-EX2,80,136,1.0,0.0
EX1-EX2,80,137,1.0,0.0
EX1-EX2,80,138,1.0,0.0
EX1-EX2,80,139,1.0,0.0
EX1-EX2,80,140,1.0,0.0
EX1-EX2,80,141,1.0,0.0
EX1-EX2,80,142,1.0,0.0
EX1-EX2,80,143,1.0,0.0
EX1-EX2,80,144,1.0,0.0
EX1-EX2,80,145,1.0,0.0
EX1-EX2,80,146,1.0,0.0
EX1-EX2,80,147,1.0,0.0
EX1-EX2,80,148,1.0,0.0
EX1-EX2,80,149,1.0,0.0
EX1-EX2,80,150,1.0,0.0
EX1-EX2,80,151,1.0,0.0
EX1-EX2,80,152,1.0,0.0
EX1-EX2,80,153,1.0,0.0
EX1-EX2,80,154,1.0,0.0
EX1-EX2,80,155,1.0,0.0
EX1-EX2,80,156,1.0,0.0
EX1-EX2,80,157,1.0,0.0
EX1-EX2,80,158,1.0,0.0
EX1-EX2,80,159,1.0,0.0
EX1-EX2,80,160,1.0,0.0
EX1-EX2,80,161,1.0,0.0
EX1-EX2,80,162,1.0,0.0
EX1-EX2,80,163,1.0,0.0
EX1-EX2,80,164,1.0,0.0
EX1-EX2,80,165,1.0,0.0
EX1-EX2,80,166,1.0,0.0
EX1-EX2,80,167,1.0,0.0
EX1-EX2,80,168,1.0,0.0
EX1-EX2,80,169,1.0,0.0
EX1-EX2,80,170,1.0,0.0
EX1-EX2,80,171,1.0,0.0
EX1-EX2,80,172,1.0,0.0
EX1-EX2,80,173,1.0,0.0
EX1-EX2,80,174,1.0,0.0
EX1-EX2,80,175,1.0,0.0
EX1-EX2,80,176,1.0,0.0
EX1-EX2,80,177,1.0,0.0
EX1-EX2,80,178,1.0,0.0
EX1-EX2,80,179,1.0,0.0
EX1-EX2,80,180,1.0,0.0
EX1-EX2,80,181,1.0,0.0
EX1-EX2,80,182,1.0,0.0
EX1-EX2,80,183,1.0,0.0
EX1-EX2,80,184,1.0,0.0
EX1-EX2,80,185,1.0,0.0
EX1-EX2,80,186,1.0,0.0
EX1-EX2,80,187,1.0,0.0
EX1-EX2,80,188,1.0,0.0
EX1-EX2,80,189,1.0,0.0
EX1-EX2,80,190,1.0,0.0
EX1-EX2,80,191,1.0,0.0
EX1-EX2,80,192,1.0,0.0
EX1-EX2,80,193,1.0,0.0
EX1-EX2,80,194,1.0,0.0
EX1-EX2,80,195,1.0,0.0
EX1-EX2,80,196,1.0,0.0
EX1-EX2,80,197,1.0,0.0
EX1-EX2,80,198,1.0,0.0
EX1-EX2,80,199,1.0,0.0
EX1-EX2,80,200,1.0,0.0
EX1-EX3,10,1,0.8615426867074087,0.0006585386444705174
EX1-EX3,10,2,0.9520459370533565,0.0003774518526705492
EX1-EX3,10,3,0.9824053193293464,0.0002024030759630225
EX1-EX3,10,4,0.9932231927773485,0.0001097152039500618
EX1-EX3,10,5,0.9973756118535603,5.785913748858312e-05
EX1-EX3,10,6,0.9989529674863824,3.226325966189886e-05
EX1-EX3,10,7,0.9995795918136001,1.6866275037516946e-05
EX1-EX3,10,8,0.9998361601020934,8.929428536410292e-06
EX1-EX3,10,9,0.999930870373667,5.365880248969942e-06
EX1-EX3,10,10,0.9999709933709658,3.2005653575276396e-06
EX1-EX3,10,11,0.9999879595906387,2.0616436556687236e-06
EX1-EX3,10,12,0.9999958777660277,5.567354111477885e-07
EX1-EX3,10,13,0.9999981765476736,2.9191649393196454e-07
EX1-EX3,10,14,0.9999991409944845,1.7595111818195341e-07
EX1-EX3,10,15,0.9999996642779022,9.006342928355276e-08
EX1-EX3,10,16,0.9999998995689315,2.6643539059857865e-08
EX1-EX3,10,17,0.9999999510592605,1.6982964971057787e-08
EX1-EX3,10,18,0.9999999860559783,5.042544491824643e-09
EX1-EX3,10,19,0.9999999970088865,1.5063582268543952e-09
EX1-EX3,10,20,0.9999999980596547,1.4130221089594172e-09
EX1-EX3,10,21,0.9999999988725671,9.191383345019367e-10
EX1-EX3,10,22,0.9999999998296164,1.0305377226318341e-10
EX1-EX3,10,23,0.9999999999227904,3.938199115708685e-11
EX1-EX3,10,24,0.9999999999506349,3.079663120295932e-11
EX1-EX3,10,25,0.9999999999811404,1.706674828202209e-11
EX1-EX3,10,26,0.9999999999941035,5.4491897853955055e-12
EX1-EX3,10,27,0.9999999999997534,1.4841234153919597e-13
EX1-EX3,10,28,0.9999999999999869,5.994156647402839e-15
EX1-EX3,10,29,0.9999999999999952,2.377326728675965e-15
EX1-EX3,10,30,0.9999999999999961,2.0727762561758485e-15
EX1-EX3,10,31,0.9999999999999977,1.527671585246542e-15
EX1-EX3,10,32,0.999999999999999,9.337861308562066e-16
EX1-EX3,10,33,0.9999999999999998,1.9779313804367663e-16
EX1-EX3,10,34,0.9999999999999998,1.8651737967239144e-16
EX1-EX3,10,35,1.0,1.3030967061570632e-17
EX1-EX3,10,36,1.0,1.0861751830568817e-17
EX1-EX3,10,37,1.0,1.040083677108917e-17
EX1-EX3,10,38,1.0,7.144730752030524e-20
EX1-EX3,10,39,1.0,5.775816426468829e-20
EX1-EX3,10,40,1.0,5.938729024894892e-21
EX1-EX3,10,41,1.0,1.7221588494278054e-21
EX1-EX3,10,42,1.0,2.69623182259485e-26
EX1-EX3,10,43,1.0,1.062144962616268e-26
EX1-EX3,10,44,1.0,1.3980366650876554e-27
EX1-EX3,10,45,1.0,8.075719078771963e-28
EX1-EX3,10,46,1.0,4.200704668619896e-28
EX1-EX3,10,47,1.0,1.4569009329042073e-29
EX1-EX3,10,48,1.0,2.8251945276767115e-31
EX1-EX3,10,49,1.0,8.954463663524665e-32
EX1-EX3,10,50,1.0,1.077281330487314e-33
EX1-EX3,10,51,1.0,1.286167152730115e-35
EX1-EX3,10,52,1.0,9.354846200848877e-36
EX1-EX3,10,53,1.0,3.506722029312498e-36
EX1-EX3,10,54,1.0,1.543687286711322e-36
EX1-EX3,10,55,1.0,4.789746407526044e-38
EX1-EX3,10,56,1.0,3.1120016741800123e-38
EX1-EX3,10,57,1.0,2.38220817162627e-38
EX1-EX3,10,58,1.0,2.0094761291729258e-38
EX1-EX3,10,59,1.0,7.2482817683541014e-40
EX1-EX3,10,60,1.0,6.842054452722698e-40
EX1-EX3,10,61,1.0,9.608115682696978e-41
EX1-EX3,10,62,1.0,5.937730172552039e-41
EX1-EX3,10,63,1.0,2.1695126793406258e-41
EX1-EX3,10,64,1.0,1.389910674738346e-41
EX1-EX3,10,65,1.0,4.711583011120671e-42
EX1-EX3,10,66,1.0,4.274979789670157e-42
EX1-EX3,10,67,1.0,3.2716769897758366e-47
EX1-EX3,10,68,1.0,3.283697509878999e-48
EX1-EX3,10,69,1.0,2.9507686615000315e-48
EX1-EX3,10,70,1.0,2.7649468844987917e-48
EX1-EX3,10,71,1.0,2.071635649124236e-54
EX1-EX3,10,72,1.0,1.6418094825730072e-54
EX1-EX3,10,73,1.0,1.6002611317805335e-54
EX1-EX3,10,74,1.0,3.9486718944040592e-56
EX1-EX3,10,75,1.0,6.344373927043229e-59
EX1-EX3,10,76,1.0,1.374227062029372e-59
EX1-EX3,10,77,1.0,1.1772324344804875e-59
EX1-EX3,10,78,1.0,2.26652923386666e-61
EX1-EX3,10,79,1.0,7.021503278869036e-62
EX1-EX3,10,80,1.0,5.812098436411489e-62
EX1-EX3,10,81,1.0,8.964575500830188e-63
EX1-EX3,10,82,1.0,3.5395822065580394e-63
EX1-EX3,10,83,1.0,5.2573407677893936e-65
EX1-EX3,10,84,1.0,3.4576442590287928e-65
EX1-EX3,10,85,1.0,3.6570330672141715e-66
EX1-EX3,10,86,1.0,3.015986600724584e-66
EX1-EX3,10,87,1.0,1.4244268464059315e-66
EX1-EX3,10,88,1.0,1.3410018290511897e-66
EX1-EX3,10,89,1.0,8.195700249847894e-67
EX1-EX3,10,90,1.0,4.3423832955324545e-68
EX1-EX3,10,91,1.0,2.8650296504528536e-68
EX1-EX3,10,92,1.0,1.9368750561492774e-69
EX1-EX3,10,93,1.0,1.5840121415852648e-69
EX1-EX3,10,94,1.0,3.473622671958943e-70
EX1-EX3,10,95,1.0,5.788748922217352e-72
EX1-EX3,10,96,1.0,6.442117347838122e-73
EX1-EX3,10,97,1.0,1.143094735177476e-73
EX1-EX3,10,98,1.0,1.5012756196609243e-74
EX1-EX3,10,99,1.0,1.0266359683638874e-74
EX1-EX3,10,100,1.0,7.247939971647781e-75
EX1-EX3,10,101,1.0,1.2070242692533984e-75
EX1-EX3,10,102,1.0,2.7226853808063456e-76
EX1-EX3,10,103,1.0,2.4382183486528265e-76
EX1-EX3,10,104,1.0,6.751691286843896e-78
EX1-EX3,10,105,1.0,3.3718376774689783e-79
EX1-EX3,10,106,1.0,3.340164419288456e-79
EX1-EX3,10,107,1.0,2.2368164219653192e-79
EX1-EX3,10,108,1.0,6.84555170183486e-81
EX1-EX3,10,109,1.0,7.864188156738408e-82
EX1-EX3,10,110,1.0,5.517242305347558e-82
EX1-EX3,10,111,1.0,8.881128901204675e-83
EX1-EX3,10,112,1.0,1.4444642858040961e-89
EX1-EX3,10,113,1.0,1.1722020396855334e-92
EX1-EX3,10,114,1.0,8.18646360009382e-93
EX1-EX3,10,115,1.0,1.8712030630212827e-99
EX1-EX3,10,116,1.0,1.6744673833278315e-104
EX1-EX3,10,117,1.0,1.1903263174210337e-104
EX1-EX3,10,118,1.0,8.771914290304223e-105
EX1-EX3,10,119,1.0,2.830838772910277e-106
EX1-EX3,10,120,1.0,8.875704626313113e-107
EX1-EX3,10,121,1.0,8.019755079611182e-109
EX1-EX3,10,122,1.0,4.88961576973657e-109
EX1-EX3,10,123,1.0,1.4337685481090175e-110
EX1-EX3,10,124,1.0,8.680285202895857e-112
EX1-EX3,10,125,1.0,2.0568981808337665e-112
EX1-EX3,10,126,1.0,6.247375986914143e-113
EX1-EX3,10,127,1.0,4.3063097035774034e-113
EX1-EX3,10,128,1.0,2.799992438618993e-115
EX1-EX3,10,129,1.0,1.5562165453888003e-115
EX1-EX3,10,130,1.0,4.235507739312115e-117
EX1-EX3,10,131,1.0,1.4084330704170038e-117
EX1-EX3,10,132,1.0,5.510524057117324e-118
EX1-EX3,10,133,1.0,1.4003920449952397e-118
EX1-EX3,10,134,1.0,7.38082269071262e-120
EX1-EX3,10,135,1.0,4.4409639202101577e-122
EX1-EX3,10,136,1.0,3.6650545591601113e-122
EX1-EX3,10,137,1.0,2.781642983415375e-122
EX1-EX3,10,138,1.0,3.367854652475406e-123
EX1-EX3,10,139,1.0,1.2622390740840194e-128
EX1-EX3,10,140,1.0,4.199189340307373e-129
EX1-EX3,10,141,1.0,7.678982265198193e-137
EX1-EX3,10,142,1.0,4.567480700694862e-138
EX1-EX3,10,143,1.0,1.7436051225566042e-138
EX1-EX3,10,144,1.0,5.393572598676026e-144
EX1-EX3,10,145,1.0,4.311851373141345e-144
EX1-EX3,10,146,1.0,3.746802930362336e-144
EX1-EX3,10,147,1.0,3.058264557984793e-144
EX1-EX3,10,148,1.0,4.5440294343525906e-147
EX1-EX3,10,149,1.0,7.589280825728972e-148
EX1-EX3,10,150,1.0,4.926914633650895e-151
EX1-EX3,10,151,1.0,3.8647924008871824e-151
EX1-EX3,10,152,1.0,5.531194145901532e-156
EX1-EX3,10,153,1.0,7.33082549888414e-160
EX1-EX3,10,154,1.0,5.898022385345475e-160
EX1-EX3,10,155,1.0,6.671979817887365e-161
EX1-EX3,10,156,1.0,4.4621570487155915e-161
EX1-EX3,10,157,1.0,0.0
EX1-EX3,10,158,1.0,0.0
EX1-EX3,10,159,1.0,0.0
EX1-EX3,10,160,1.0,0.0
EX1-EX3,10,161,1.0,0.0
EX1-EX3,10,162,1.0,0.0
EX1-EX3,10,163,1.0,0.0
EX1-EX3,10,164,1.0,0.0
EX1-EX3,10,165,1.0,0.0
EX1-EX3,10,166,1.0,0.0
EX1-EX3,10,167,1.0,0.0
EX1-EX3,10,168,1.0,0.0
EX1-EX3,10,169,1.0,0.0
EX1-EX3,10,170,1.0,0.0
EX1-EX3,10,171,1.0,0.0
EX1-EX3,10,172,1.0,0.0
EX1-EX3,10,173,1.0,0.0
EX1-EX3,10,174,1.0,0.0
EX1-EX3,10,175,1.0,0.0
EX1-EX3,10,176,1.0,0.0
EX1-EX3,10,177,1.0,0.0
EX1-EX3,10,178,1.0,0.0
EX1-EX3,10,179,1.0,0.0
EX1-EX3,10,180,1.0,0.0
EX1-EX3,10,181,1.0,0.0
EX1-EX3,10,182,1.0,0.0
EX1-EX3,10,183,1.0,0.0
EX1-EX3,10,184,1.0,0.0
EX1-EX3,10,185,1.0,0.0
EX1-EX3,10,186,1.0,0.0
EX1-EX3,10,187,1.0,0.0
EX1-EX3,10,188,1.0,0.0
EX1-EX3,10,189,1.0,0.0
EX1-EX3,10,190,1.0,0.0
EX1-EX3,10,191,1.0,0.0
EX1-EX3,10,192,1.0,0.0
EX1-EX3,10,193,1.0,0.0
EX1-EX3,10,194,1.0,0.0
EX1-EX3,10,195,1.0,0.0
EX1-EX3,10,196,1.0,0.0
EX1-EX3,10,197,1.0,0.0
EX1-EX3,10,198,1.0,0.0
EX1-EX3,10,199,1.0,0.0
EX1-EX3,10,200,1.0,0.0
EX1-EX3,15,1,0.9055784565978917,0.000576761022735954
EX1-EX3,15,2,0.9767158658356226,0.00025961465707477206
EX1-EX3,15,3,0.9939275293168376,0.0001097589011135198
EX1-EX3,15,4,0.9982967684030118,4.882542251449056e-05
EX1-EX3,15,5,0.9995358398253124,2.066668221218773e-05
EX1-EX3,15,6,0.999859040564329,1.1101446529114729e-05
EX1-EX3,15,7,0.9999615077377426,3.7464506870808196e-06
EX1-EX3,15,8,0.9999893403318176,1.4805367742579997e-06
EX1-EX3,15,9,0.999996189930141,9.467378212814298e-07
EX1-EX3,15,10,0.9999986485609017,5.189792151030057e-07
EX1-EX3,15,11,0.999999435242437,3.086746165110274e-07
EX1-EX3,15,12,0.9999999641835547,1.4069713253285505e-08
EX1-EX3,15,13,0.9999999908225647,3.482469395465114e-09
EX1-EX3,15,14,0.999999996811652,1.314892316995665e-09
EX1-EX3,15,15,0.9999999992063776,4.226676806331802e-10
EX1-EX3,15,16,0.9999999999417674,3.2808807569082196e-11
EX1-EX3,15,17,0.9999999999769802,1.7834319741699028e-11
EX1-EX3,15,18,0.9999999999983589,1.1586174061088036e-12
EX1-EX3,15,19,0.9999999999998737,1.1849119003023812e-13
EX1-EX3,15,20,0.9999999999998871,1.120208819058049e-13
EX1-EX3,15,21,0.9999999999999556,4.423501841759918e-14
EX1-EX3,15,22,0.9999999999999997,3.3904365767713686e-16
EX1-EX3,15,23,1.0,2.9137100219174737e-17
EX1-EX3,15,24,1.0,1.7728566668951962e-17
EX1-EX3,15,25,1.0,7.045190568889988e-18
EX1-EX3,15,26,1.0,5.690361403906781e-19
EX1-EX3,15,27,1.0,1.633318565504868e-22
EX1-EX3,15,28,1.0,1.0074909909391784e-25
EX1-EX3,15,29,1.0,1.1056071246102982e-26
EX1-EX3,15,30,1.0,9.183137348726347e-27
EX1-EX3,15,31,1.0,5.022919464919891e-27
EX1-EX3,15,32,1.0,2.5753011661894136e-27
EX1-EX3,15,33,1.0,8.17533720585168e-29
EX1-EX3,15,34,1.0,7.176274396113871e-29
EX1-EX3,15,35,1.0,1.9211383662763829e-31
EX1-EX3,15,36,1.0,1.2807241973618885e-31
EX1-EX3,15,37,1.0,1.162867161737141e-31
EX1-EX3,15,38,1.0,1.4993629675636637e-36
EX1-EX3,15,39,1.0,1.091808861900856e-36
EX1-EX3,15,40,1.0,6.819660769620543e-39
EX1-EX3,15,41,1.0,4.30185168641359e-40
EX1-EX3,15,42,1.0,4.5601484115677996e-51
EX1-EX3,15,43,1.0,7.182423891222357e-52
EX1-EX3,15,44,1.0,5.868693094191188e-54
EX1-EX3,15,45,1.0,1.769688193108531e-54
EX1-EX3,15,46,1.0,6.7367967495228e-55
EX1-EX3,15,47,1.0,3.819375694508663e-58
EX1-EX3,15,48,1.0,4.94991058051484e-62
EX1-EX3,15,49,1.0,4.2903426373933603e-63
EX1-EX3,15,50,1.0,2.145580217734544e-67
EX1-EX3,15,51,1.0,7.964197480188228e-72
EX1-EX3,15,52,1.0,3.5751755793197994e-72
EX1-EX3,15,53,1.0,5.706998322916919e-73
EX1-EX3,15,54,1.0,9.012071388990219e-74
EX1-EX3,15,55,1.0,2.572664488099183e-77
EX1-EX3,15,56,1.0,1.1186433009918924e-77
EX1-EX3,15,57,1.0,7.938986657959594e-78
EX1-EX3,15,58,1.0,5.421751423709923e-78
EX1-EX3,15,59,1.0,3.1641794810328173e-81
EX1-EX3,15,60,1.0,2.7803735291393115e-81
EX1-EX3,15,61,1.0,3.408925845125125e-83
EX1-EX3,15,62,1.0,1.1587000224881848e-83
EX1-EX3,15,63,1.0,1.2120615012146053e-84
EX1-EX3,15,64,1.0,4.4659438430029645e-85
EX1-EX3,15,65,1.0,3.9480989197742614e-86
EX1-EX3,15,66,1.0,3.174555257086784e-86
EX1-EX3,15,67,1.0,1.0626672009952811e-97
EX1-EX3,15,68,1.0,6.116432751634915e-100
EX1-EX3,15,69,1.0,4.812099069007399e-100
EX1-EX3,15,70,1.0,4.1587008307853477e-100
EX1-EX3,15,71,1.0,6.412616512155784e-114
EX1-EX3,15,72,1.0,4.399799238634136e-114
EX1-EX3,15,73,1.0,4.178898619805407e-114
EX1-EX3,15,74,1.0,1.0316215158484598e-117
EX1-EX3,15,75,1.0,4.9316372864227885e-124
EX1-EX3,15,76,1.0,1.779457697513407e-125
EX1-EX3,15,77,1.0,1.2573255070444277e-125
EX1-EX3,15,78,1.0,1.693554199872508e-129
EX1-EX3,15,79,1.0,1.2298952865313314e-130
EX1-EX3,15,80,1.0,8.335266649434656e-131
EX1-EX3,15,81,1.0,1.2547949239466203e-132
EX1-EX3,15,82,1.0,1.5572706736916634e-133
EX1-EX3,15,83,1.0,1.2049164346220135e-137
EX1-EX3,15,84,1.0,4.6224720264453114e-138
EX1-EX3,15,85,1.0,2.733167059862249e-140
EX1-EX3,15,86,1.0,1.7155095533772008e-140
EX1-EX3,15,87,1.0,3.3543831080034684e-141
EX1-EX3,15,88,1.0,2.951687254662298e-141
EX1-EX3,15,89,1.0,1.0700892372747145e-141
EX1-EX3,15,90,1.0,1.431395345157815e-144
EX1-EX3,15,91,1.0,5.480346389281149e-145
EX1-EX3,15,92,1.0,9.348947912560596e-148
EX1-EX3,15,93,1.0,7.908299250557393e-148
EX1-EX3,15,94,1.0,2.7055996985885794e-149
EX1-EX3,15,95,1.0,2.7216471514777033e-153
EX1-EX3,15,96,1.0,2.091646883219352e-155
EX1-EX3,15,97,1.0,4.304258455667526e-157
EX1-EX3,15,98,1.0,4.5058302438984504e-159
EX1-EX3,15,99,1.0,1.9190262036551311e-159
EX1-EX3,15,100,1.0,8.779615694090607e-160
EX1-EX3,15,101,1.0,1.5717277847026287e-161
EX1-EX3,15,102,1.0,0.0
EX1-EX3,15,103,1.0,0.0
EX1-EX3,15,104,1.0,0.0
EX1-EX3,15,105,1.0,0.0
EX1-EX3,15,106,1.0,0.0
EX1-EX3,15,107,1.0,0.0
EX1-EX3,15,108,1.0,0.0
EX1-EX3,15,109,1.0,0.0
EX1-EX3,15,110,1.0,0.0
EX1-EX3,15,111,1.0,0.0
EX1-EX3,15,112,1.0,0.0
EX1-EX3,15,113,1.0,0.0
EX1-EX3,15,114,1.0,0.0
EX1-EX3,15,115,1.0,0.0
EX1-EX3,15,116,1.0,0.0
EX1-EX3,15,117,1.0,0.0
EX1-EX3,15,118,1.0,0.0
EX1-EX3,15,119,1.0,0.0
EX1-EX3,15,120,1.0,0.0
EX1-EX3,15,121,1.0,0.0
EX1-EX3,15,122,1.0,0.0
EX1-EX3,15,123,1.0,0.0
EX1-EX3,15,124,1.0,0.0
EX1-EX3,15,125,1.0,0.0
EX1-EX3,15,126,1.0,0.0
EX1-EX3,15,127,1.0,0.0
EX1-EX3,15,128,1.0,0.0
EX1-EX3,15,129,1.0,0.0
EX1-EX3,15,130,1.0,0.0
EX1-EX3,15,131,1.0,0.0
EX1-EX3,15,132,1.0,0.0
EX1-EX3,15,133,1.0,0.0
EX1-EX3,15,134,1.0,0.0
EX1-EX3,15,135,1.0,0.0
EX1-EX3,15,136,1.0,0.0
EX1-EX3,15,137,1.0,0.0
EX1-EX3,15,138,1.0,0.0
EX1-EX3,15,139,1.0,0.0
EX1-EX3,15,140,1.0,0.0
EX1-EX3,15,141,1.0,0.0
EX1-EX3,15,142,1.0,0.0
EX1-EX3,15,143,1.0,0.0
EX1-EX3,15,144,1.0,0.0
EX1-EX3,15,145,1.0,0.0
EX1-EX3,15,146,1.0,0.0
EX1-EX3,15,147,1.0,0.0
EX1-EX3,15,148,1.0,0.0
EX1-EX3,15,149,1.0,0.0
EX1-EX3,15,150,1.0,0.0
EX1-EX3,15,151,1.0,0.0
EX1-EX3,15,152,1.0,0.0
EX1-EX3,15,153,1.0,0.0
EX1-EX3,15,154,1.0,0.0
EX1-EX3,15,155,1.0,0.0
EX1-EX3,15,156,1.0,0.0
EX1-EX3,15,157,1.0,0.0
EX1-EX3,15,158,1.0,0.0
EX1-EX3,15,159,1.0,0.0
EX1-EX3,15,160,1.0,0.0
EX1-EX3,15,161,1.0,0.0
EX1-EX3,15,162,1.0,0.0
EX1-EX3,15,163,1.0,0.0
EX1-EX3,15,164,1.0,0.0
EX1-EX3,15,165,1.0,0.0
EX1-EX3,15,166,1.0,0.0
EX1-EX3,15,167,1.0,0.0
EX1-EX3,15,168,1.0,0.0
EX1-EX3,15,169,1.0,0.0
EX1-EX3,15,170,1.0,0.0
EX1-EX3,15,171,1.0,0.0
EX1-EX3,15,172,1.0,0.0
EX1-EX3,15,173,1.0,0.0
EX1-EX3,15,174,1.0,0.0
EX1-EX3,15,175,1.0,0.0
EX1-EX3,15,176,1.0,0.0
EX1-EX3,15,177,1.0,0.0
EX1-EX3,15,178,1.0,0.0
EX1-EX3,15,179,1.0,0.0
EX1-EX3,15,180,1.0,0.0
EX1-EX3,15,181,1.0,0.0
EX1-EX3,15,182,1.0,0.0
EX1-EX3,15,183,1.0,0.0
EX1-EX3,15,184,1.0,0.0
EX1-EX3,15,185,1.0,0.0
EX1-EX3,15,186,1.0,0.0
EX1-EX3,15,187,1.0,0.0
EX1-EX3,15,188,1.0,0.0
EX1-EX3,15,189,1.0,0.0
EX1-EX3,15,190,1.0,0.0
EX1-EX3,15,191,1.0,0.0
EX1-EX3,15,192,1.0,0.0
EX1-EX3,15,193,1.0,0.0
EX1-EX3,15,194,1.0,0.0
EX1-EX3,15,195,1.0,0.0
EX1-EX3,15,196,1.0,0.0
EX1-EX3,15,197,1.0,0.0
EX1-EX3,15,198,1.0,0.0
EX1-EX3,15,199,1.0,0.0
EX1-EX3,15,200,1.0,0.0
EX1-EX3,20,1,0.9310186392133936,0.0005037613652873049
EX1-EX3,20,2,0.9871663389015318,0.00018670922300987437
EX1-EX3,20,3,0.9975007621653298,6.447317266639555e-05
EX1-EX3,20,4,0.9994567073477231,2.4402168092662813e-05
EX1-EX3,20,5,0.9998903243935602,8.874799004429553e-06
EX1-EX3,20,6,0.9999698206941691,5.375533176954725e-06
EX1-EX3,20,7,0.9999951597795802,9.581516769890438e-07
EX1-EX3,20,8,0.9999990766392549,2.4459743476518e-07
EX1-EX3,20,9,0.9999996503713078,1.800704933051125e-07
EX1-EX3,20,10,0.9999998846623529,7.453648640220597e-08
EX1-EX3,20,11,0.9999999543102306,3.102204191632571e-08
EX1-EX3,20,12,0.9999999997560628,1.5169902754538615e-10
EX1-EX3,20,13,0.9999999999776686,1.2545649127075417e-11
EX1-EX3,20,14,0.9999999999959339,2.4543535572443415e-12
EX1-EX3,20,15,0.9999999999994649,3.848778248975365e-13
EX1-EX3,20,16,0.9999999999999938,4.212842071366622e-15
EX1-EX3,20,17,0.999999999999998,1.8647896802786976e-15
EX1-EX3,20,18,1.0,1.475609924089429e-17
EX1-EX3,20,19,1.0,2.898366218831294e-19
EX1-EX3,20,20,1.0,2.6315514823843107e-19
EX1-EX3,20,21,1.0,5.142931792742747e-20
EX1-EX3,20,22,1.0,9.725077052537615e-24
EX1-EX3,20,23,1.0,1.1583802946270457e-25
EX1-EX3,20,24,1.0,4.6344866239586535e-26
EX1-EX3,20,25,1.0,1.0546029517434254e-26
EX1-EX3,20,26,1.0,1.2447454353053518e-28
EX1-EX3,20,27,1.0,6.800852236329e-35
EX1-EX3,20,28,1.0,1.3348370333994963e-40
EX1-EX3,20,29,1.0,2.2194577158890945e-42
EX1-EX3,20,30,1.0,1.720384422774872e-42
EX1-EX3,20,31,1.0,5.5368609563161e-43
EX1-EX3,20,32,1.0,2.2082608563203215e-43
EX1-EX3,20,33,1.0,4.9182497604972464e-46
EX1-EX3,20,34,1.0,3.904758809192307e-46
EX1-EX3,20,35,1.0,1.0877231414934447e-50
EX1-EX3,20,36,1.0,5.30408054772311e-51
EX1-EX3,20,37,1.0,4.470455481747838e-51
EX1-EX3,20,38,1.0,9.569550251400162e-60
EX1-EX3,20,39,1.0,5.533385161910616e-60
EX1-EX3,20,40,1.0,6.851873778974721e-64
EX1-EX3,20,41,1.0,5.109084610431377e-66
EX1-EX3,20,42,1.0,1.4627580555380064e-85
EX1-EX3,20,43,1.0,6.462670274568082e-87
EX1-EX3,20,44,1.0,1.1603405861780866e-90
EX1-EX3,20,45,1.0,1.2905722649885113e-91
EX1-EX3,20,46,1.0,2.8098458735573665e-92
EX1-EX3,20,47,1.0,4.879710424150016e-98
EX1-EX3,20,48,1.0,6.110921459810907e-105
EX1-EX3,20,49,1.0,8.02853491770716e-107
EX1-EX3,20,50,1.0,1.8655422538483114e-114
EX1-EX3,20,51,1.0,2.452252927734821e-122
EX1-EX3,20,52,1.0,5.2620316941020304e-123
EX1-EX3,20,53,1.0,2.3668286368496285e-124
EX1-EX3,20,54,1.0,8.935933045148083e-126
EX1-EX3,20,55,1.0,3.7763472228438773e-132
EX1-EX3,20,56,1.0,9.868222452842779e-133
EX1-EX3,20,57,1.0,5.649283703115802e-133
EX1-EX3,20,58,1.0,2.8703718491202794e-133
EX1-EX3,20,59,1.0,5.203098216417366e-139
EX1-EX3,20,60,1.0,4.135728449668282e-139
EX1-EX3,20,61,1.0,1.66955827673334e-142
EX1-EX3,20,62,1.0,2.457407516213958e-143
EX1-EX3,20,63,1.0,4.4625794574540375e-145
EX1-EX3,20,64,1.0,7.579706873577933e-146
EX1-EX3,20,65,1.0,1.0208453401794129e-147
EX1-EX3,20,66,1.0,6.930990423724962e-148
EX1-EX3,20,67,1.0,0.0
EX1-EX3,20,68,1.0,0.0
EX1-EX3,20,69,1.0,0.0
EX1-EX3,20,70,1.0,0.0
EX1-EX3,20,71,1.0,0.0
EX1-EX3,20,72,1.0,0.0
EX1-EX3,20,73,1.0,0.0
EX1-EX3,20,74,1.0,0.0
EX1-EX3,20,75,1.0,0.0
EX1-EX3,20,76,1.0,0.0
EX1-EX3,20,77,1.0,0.0
EX1-EX3,20,78,1.0,0.0
EX1-EX3,20,79,1.0,0.0
EX1-EX3,20,80,1.0,0.0
EX1-EX3,20,81,1.0,0.0
EX1-EX3,20,82,1.0,0.0
EX1-EX3,20,83,1.0,0.0
EX1-EX3,20,84,1.0,0.0
EX1-EX3,20,85,1.0,0.0
EX1-EX3,20,86,1.0,0.0
EX1-EX3,20,87,1.0,0.0
EX1-EX3,20,88,1.0,0.0
EX1-EX3,20,89,1.0,0.0
EX1-EX3,20,90,1.0,0.0
EX1-EX3,20,91,1.0,0.0
EX1-EX3,20,92,1.0,0.0
EX1-EX3,20,93,1.0,0.0
EX1-EX3,20,94,1.0,0.0
EX1-EX3,20,95,1.0,0.0
EX1-EX3,20,96,1.0,0.0
EX1-EX3,20,97,1.0,0.0
EX1-EX3,20,98,1.0,0.0
EX1-EX3,20,99,1.0,0.0
EX1-EX3,20,100,1.0,0.0
EX1-EX3,20,101,1.0,0.0
EX1-EX3,20,102,1.0,0.0
EX1-EX3,20,103,1.0,0.0
EX1-EX3,20,104,1.0,0.0
EX1-EX3,20,105,1.0,0.0
EX1-EX3,20,106,1.0,0.0
EX1-EX3,20,107,1.0,0.0
EX1-EX3,20,108,1.0,0.0
EX1-EX3,20,109,1.0,0.0
EX1-EX3,20,110,1.0,0.0
EX1-EX3,20,111,1.0,0.0
EX1-EX3,20,112,1.0,0.0
EX1-EX3,20,113,1.0,0.0
EX1-EX3,20,114,1.0,0.0
EX1-EX3,20,115,1.0,0.0
EX1-EX3,20,116,1.0,0.0
EX1-EX3,20,117,1.0,0.0
EX1-EX3,20,118,1.0,0.0
EX1-EX3,20,119,1.0,0.0
EX1-EX3,20,120,1.0,0.0
EX1-EX3,20,121,1.0,0.0
EX1-EX3,20,122,1.0,0.0
EX1-EX3,20,123,1.0,0.0
EX1-EX3,20,124,1.0,0.0
EX1-EX3,20,125,1.0,0.0
EX1-EX3,20,126,1.0,0.0
EX1-EX3,20,127,1.0,0.0
EX1-EX3,20,128,1.0,0.0
EX1-EX3,20,129,1.0,0.0
EX1-EX3,20,130,1.0,0.0
EX1-EX3,20,131,1.0,0.0
EX1-EX3,20,132,1.0,0.0
EX1-EX3,20,133,1.0,0.0
EX1-EX3,20,134,1.0,0.0
EX1-EX3,20,135,1.0,0.0
EX1-EX3,20,136,1.0,0.0
EX1-EX3,20,137,1.0,0.0
EX1-EX3,20,138,1.0,0.0
EX1-EX3,20,139,1.0,0.0
EX1-EX3,20,140,1.0,0.0
EX1-EX3,20,141,1.0,0.0
EX1-EX3,20,142,1.0,0.0
EX1-EX3,20,143,1.0,0.0
EX1-EX3,20,144,1.0,0.0
EX1-EX3,20,145,1.0,0.0
EX1-EX3,20,146,1.0,0.0
EX1-EX3,20,147,1.0,0.0
EX1-EX3,20,148,1.0,0.0
EX1-EX3,20,149,1.0,0.0
EX1-EX3,20,150,1.0,0.0
EX1-EX3,20,151,1.0,0.0
EX1-EX3,20,152,1.0,0.0
EX1-EX3,20,153,1.0,0.0
EX1-EX3,20,154,1.0,0.0
EX1-EX3,20,155,1.0,0.0
EX1-EX3,20,156,1.0,0.0
EX1-EX3,20,157,1.0,0.0
EX1-EX3,20,158,1.0,0.0
EX1-EX3,20,159,1.0,0.0
EX1-EX3,20,160,1.0,0.0
EX1-EX3,20,161,1.0,0.0
EX1-EX3,20,162,1.0,0.0
EX1-EX3,20,163,1.0,0.0
EX1-EX3,20,164,1.0,0.0
EX1-EX3,20,165,1.0,0.0
EX1-EX3,20,166,1.0,0.0
EX1-EX3,20,167,1.0,0.0
EX1-EX3,20,168,1.0,0.0
EX1-EX3,20,169,1.0,0.0
EX1-EX3,20,170,1.0,0.0
EX1-EX3,20,171,1.0,0.0
EX1-EX3,20,172,1.0,0.0
EX1-EX3,20,173,1.0,0.0
EX1-EX3,20,174,1.0,0.0
EX1-EX3,20,175,1.0,0.0
EX1-EX3,20,176,1.0,0.0
EX1-EX3,20,177,1.0,0.0
EX1-EX3,20,178,1.0,0.0
EX1-EX3,20,179,1.0,0.0
EX1-EX3,20,180,1.0,0.0
EX1-EX3,20,181,1.0,0.0
EX1-EX3,20,182,1.0,0.0
EX1-EX3,20,183,1.0,0.0
EX1-EX3,20,184,1.0,0.0
EX1-EX3,20,185,1.0,0.0
EX1-EX3,20,186,1.0,0.0
EX1-EX3,20,187,1.0,0.0
EX1-EX3,20,188,1.0,0.0
EX1-EX3,20,189,1.0,0.0
EX1-EX3,20,190,1.0,0.0
EX1-EX3,20,191,1.0,0.0
EX1-EX3,20,192,1.0,0.0
EX1-EX3,20,193,1.0,0.0
EX1-EX3,20,194,1.0,0.0
EX1-EX3,20,195,1.0,0.0
EX1-EX3,20,196,1.0,0.0
EX1-EX3,20,197,1.0,0.0
EX1-EX3,20,198,1.0,0.0
EX1-EX3,20,199,1.0,0.0
EX1-EX3,20,200,1.0,0.0
EX1-EX3,30,1,0.9585747800093646,0.00039400512795118297
EX1-EX3,30,2,0.9951491385780024,0.00010773385437383739
EX1-EX3,30,3,0.9994329784192443,2.596692898004979e-05
EX1-EX3,30,4,0.999919373604735,7.258418019440825e-06
EX1-EX3,30,5,0.9999894409657009,2.142744616042489e-06
EX1-EX3,30,6,0.9999961264287242,1.604743939384397e-06
EX1-EX3,30,7,0.9999998844967394,5.527773702973483e-08
EX1-EX3,30,8,0.9999999932952849,4.210386526151031e-09
EX1-EX3,30,9,0.9999999962603889,3.1457116901847315e-09
EX1-EX3,30,10,0.999999999419241,5.219647730398143e-10
EX1-EX3,30,11,0.9999999999129853,6.279674729866112e-11
EX1-EX3,30,12,0.9999999999999992,6.354522755086957e-16
EX1-EX3,30,13,1.0,2.3344295723570574e-18
EX1-EX3,30,14,1.0,8.020183376593866e-20
EX1-EX3,30,15,1.0,1.4897387655979382e-21
EX1-EX3,30,16,1.0,5.128908218895136e-26
EX1-EX3,30,17,1.0,1.1978354592432013e-26
EX1-EX3,30,18,1.0,2.4963778786507848e-31
EX1-EX3,30,19,1.0,3.9855203415088117e-35
EX1-EX3,30,20,1.0,3.21350001790162e-35
EX1-EX3,30,21,1.0,8.427757938941429e-37
EX1-EX3,30,22,1.0,4.0915475061584036e-45
EX1-EX3,30,23,1.0,1.972132513218176e-49
EX1-EX3,30,24,1.0,2.434869194796819e-50
EX1-EX3,30,25,1.0,9.615269756854205e-52
EX1-EX3,30,26,1.0,4.667673717864348e-56
EX1-EX3,30,27,1.0,4.410682939555551e-70
EX1-EX3,30,28,1.0,7.012212628837354e-83
EX1-EX3,30,29,1.0,5.82554371788223e-87
EX1-EX3,30,30,1.0,3.5651304573209882e-87
EX1-EX3,30,31,1.0,2.1573309749181632e-88
EX1-EX3,30,32,1.0,4.127901304695533e-89
EX1-EX3,30,33,1.0,4.643535945475192e-95
EX1-EX3,30,34,1.0,2.767213183878089e-95
EX1-EX3,30,35,1.0,1.6687522405168762e-105
EX1-EX3,30,36,1.0,3.3303674595671517e-106
EX1-EX3,30,37,1.0,2.269132492267111e-106
EX1-EX3,30,38,1.0,7.890999286681754e-126
EX1-EX3,30,39,1.0,2.308903611241362e-126
EX1-EX3,30,40,1.0,3.901925285035599e-135
EX1-EX3,30,41,1.0,6.52092917808983e-140
EX1-EX3,30,42,1.0,0.0
EX1-EX3,30,43,1.0,0.0
EX1-EX3,30,44,1.0,0.0
EX1-EX3,30,45,1.0,0.0
EX1-EX3,30,46,1.0,0.0
EX1-EX3,30,47,1.0,0.0
EX1-EX3,30,48,1.0,0.0
EX1-EX3,30,49,1.0,0.0
EX1-EX3,30,50,1.0,0.0
EX1-EX3,30,51,1.0,0.0
EX1-EX3,30,52,1.0,0.0
EX1-EX3,30,53,1.0,0.0
EX1-EX3,30,54,1.0,0.0
EX1-EX3,30,55,1.0,0.0
EX1-EX3,30,56,1.0,0.0
EX1-EX3,30,57,1.0,0.0
EX1-EX3,30,58,1.0,0.0
EX1-EX3,30,59,1.0,0.0
EX1-EX3,30,60,1.0,0.0
EX1-EX3,30,61,1.0,0.0
EX1-EX3,30,62,1.0,0.0
EX1-EX3,30,63,1.0,0.0
EX1-EX3,30,64,1.0,0.0
EX1-EX3,30,65,1.0,0.0
EX1-EX3,30,66,1.0,0.0
EX1-EX3,30,67,1.0,0.0
EX1-EX3,30,68,1.0,0.0
EX1-EX3,30,69,1.0,0.0
EX1-EX3,30,70,1.0,0.0
EX1-EX3,30,71,1.0,0.0
EX1-EX3,30,72,1.0,0.0
EX1-EX3,30,73,1.0,0.0
EX1-EX3,30,74,1.0,0.0
EX1-EX3,30,75,1.0,0.0
EX1-EX3,30,76,1.0,0.0
EX1-EX3,30,77,1.0,0.0
EX1-EX3,30,78,1.0,0.0
EX1-EX3,30,79,1.0,0.0
EX1-EX3,30,80,1.0,0.0
EX1-EX3,30,81,1.0,0.0
EX1-EX3,30,82,1.0,0.0
EX1-EX3,30,83,1.0,0.0
EX1-EX3,30,84,1.0,0.0
EX1-EX3,30,85,1.0,0.0
EX1-EX3,30,86,1.0,0.0
EX1-EX3,30,87,1.0,0.0
EX1-EX3,30,88,1.0,0.0
EX1-EX3,30,89,1.0,0.0
EX1-EX3,30,90,1.0,0.0
EX1-EX3,30,91,1.0,0.0
EX1-EX3,30,92,1.0,0.0
EX1-EX3,30,93,1.0,0.0
EX1-EX3,30,94,1.0,0.0
EX1-EX3,30,95,1.0,0.0
EX1-EX3,30,96,1.0,0.0
EX1-EX3,30,97,1.0,0.0
EX1-EX3,30,98,1.0,0.0
EX1-EX3,30,99,1.0,0.0
EX1-EX3,30,100,1.0,0.0
EX1-EX3,30,101,1.0,0.0
EX1-EX3,30,102,1.0,0.0
EX1-EX3,30,103,1.0,0.0
EX1-EX3,30,104,1.0,0.0
EX1-EX3,30,105,1.0,0.0
EX1-EX3,30,106,1.0,0.0
EX1-EX3,30,107,1.0,0.0
EX1-EX3,30,108,1.0,0.0
EX1-EX3,30,109,1.0,0.0
EX1-EX3,30,110,1.0,0.0
EX1-EX3,30,111,1.0,0.0
EX1-EX3,30,112,1.0,0.0
EX1-EX3,30,113,1.0,0.0
EX1-EX3,30,114,1.0,0.0
EX1-EX3,30,115,1.0,0.0
EX1-EX3,30,116,1.0,0.0
EX1-EX3,30,117,1.0,0.0
EX1-EX3,30,118,1.0,0.0
EX1-EX3,30,119,1.0,0.0
EX1-EX3,30,120,1.0,0.0
EX1-EX3,30,121,1.0,0.0
EX1-EX3,30,122,1.0,0.0
EX1-EX3,30,123,1.0,0.0
EX1-EX3,30,124,1.0,0.0
EX1-EX3,30,125,1.0,0.0
EX1-EX3,30,126,1.0,0.0
EX1-EX3,30,127,1.0,0.0
EX1-EX3,30,128,1.0,0.0
EX1-EX3,30,129,1.0,0.0
EX1-EX3,30,130,1.0,0.0
EX1-EX3,30,131,1.0,0.0
EX1-EX3,30,132,1.0,0.0
EX1-EX3,30,133,1.0,0.0
EX1-EX3,30,134,1.0,0.0
EX1-EX3,30,135,1.0,0.0
EX1-EX3,30,136,1.0,0.0
EX1-EX3,30,137,1.0,0.0
EX1-EX3,30,138,1.0,0.0
EX1-EX3,30,139,1.0,0.0
EX1-EX3,30,140,1.0,0.0
EX1-EX3,30,141,1.0,0.0
EX1-EX3,30,142,1.0,0.0
EX1-EX3,30,143,1.0,0.0
EX1-EX3,30,144,1.0,0.0
EX1-EX3,30,145,1.0,0.0
EX1-EX3,30,146,1.0,0.0
EX1-EX3,30,147,1.0,0.0
EX1-EX3,30,148,1.0,0.0
EX1-EX3,30,149,1.0,0.0
EX1-EX3,30,150,1.0,0.0
EX1-EX3,30,151,1.0,0.0
EX1-EX3,30,152,1.0,0.0
EX1-EX3,30,153,1.0,0.0
EX1-EX3,30,154,1.0,0.0
EX1-EX3,30,155,1.0,0.0
EX1-EX3,30,156,1.0,0.0
EX1-EX3,30,157,1.0,0.0
EX1-EX3,30,158,1.0,0.0
EX1-EX3,30,159,1.0,0.0
EX1-EX3,30,160,1.0,0.0
EX1-EX3,30,161,1.0,0.0
EX1-EX3,30,162,1.0,0.0
EX1-EX3,30,163,1.0,0.0
EX1-EX3,30,164,1.0,0.0
EX1-EX3,30,165,1.0,0.0
EX1-EX3,30,166,1.0,0.0
EX1-EX3,30,167,1.0,0.0
EX1-EX3,30,168,1.0,0.0
EX1-EX3,30,169,1.0,0.0
EX1-EX3,30,170,1.0,0.0
EX1-EX3,30,171,1.0,0.0
EX1-EX3,30,172,1.0,0.0
EX1-EX3,30,173,1.0,0.0
EX1-EX3,30,174,1.0,0.0
EX1-EX3,30,175,1.0,0.0
EX1-EX3,30,176,1.0,0.0
EX1-EX3,30,177,1.0,0.0
EX1-EX3,30,178,1.0,0.0
EX1-EX3,30,179,1.0,0.0
EX1-EX3,30,180,1.0,0.0
EX1-EX3,30,181,1.0,0.0
EX1-EX3,30,182,1.0,0.0
EX1-EX3,30,183,1.0,0.0
EX1-EX3,30,184,1.0,0.0
EX1-EX3,30,185,1.0,0.0
EX1-EX3,30,186,1.0,0.0
EX1-EX3,30,187,1.0,0.0
EX1-EX3,30,188,1.0,0.0
EX1-EX3,30,189,1.0,0.0
EX1-EX3,30,190,1.0,0.0
EX1-EX3,30,191,1.0,0.0
EX1-EX3,30,192,1.0,0.0
EX1-EX3,30,193,1.0,0.0
EX1-EX3,30,194,1.0,0.0
EX1-EX3,30,195,1.0,0.0
EX1-EX3,30,196,1.0,0.0
EX1-EX3,30,197,1.0,0.0
EX1-EX3,30,198,1.0,0.0
EX1-EX3,30,199,1.0,0.0
EX1-EX3,30,200,1.0,0.0
EX1-EX3,50,1,0.9807200128745467,0.0002652091164463326
EX1-EX3,50,2,0.99887171408285,4.719562743056797e-05
EX1-EX3,50,3,0.9999469821439789,5.952616145051557e-06
EX1-EX3,50,4,0.9999966884060676,8.015262451864782e-07
EX1-EX3,50,5,0.9999997635192457,1.0615295840579651e-07
EX1-EX3,50,6,0.9999998529663681,9.224495519072449e-08
EX1-EX3,50,7,0.999999999970618,2.1729122671817368e-11
EX1-EX3,50,8,0.9999999999999611,3.814823637412515e-14
EX1-EX3,50,9,0.9999999999999815,1.8304486433670993e-14
EX1-EX3,50,10,0.9999999999999999,1.53037902433566e-16
EX1-EX3,50,11,1.0,3.341312411753456e-19
EX1-EX3,50,12,1.0,1.0848892204558159e-32
EX1-EX3,50,13,1.0,1.8535073866602448e-39
EX1-EX3,50,14,1.0,2.4324151249784248e-43
EX1-EX3,50,15,1.0,4.286817884747328e-48
EX1-EX3,50,16,1.0,1.6502440574571643e-60
EX1-EX3,50,17,1.0,3.89921139772857e-62
EX1-EX3,50,18,1.0,4.644372911208857e-75
EX1-EX3,50,19,1.0,1.4938092584074004e-85
EX1-EX3,50,20,1.0,8.237498776929074e-86
EX1-EX3,50,21,1.0,3.4978289282061835e-90
EX1-EX3,50,22,1.0,3.4867316755755135e-113
EX1-EX3,50,23,1.0,3.900899568526345e-125
EX1-EX3,50,24,1.0,1.186178257183707e-127
EX1-EX3,50,25,1.0,1.546710876475575e-131
EX1-EX3,50,26,1.0,1.743380320780677e-143
EX1-EX3,50,27,1.0,0.0
EX1-EX3,50,28,1.0,0.0
EX1-EX3,50,29,1.0,0.0
EX1-EX3,50,30,1.0,0.0
EX1-EX3,50,31,1.0,0.0
EX1-EX3,50,32,1.0,0.0
EX1-EX3,50,33,1.0,0.0
EX1-EX3,50,34,1.0,0.0
EX1-EX3,50,35,1.0,0.0
EX1-EX3,50,36,1.0,0.0
EX1-EX3,50,37,1.0,0.0
EX1-EX3,50,38,1.0,0.0
EX1-EX3,50,39,1.0,0.0
EX1-EX3,50,40,1.0,0.0
EX1-EX3,50,41,1.0,0.0
EX1-EX3,50,42,1.0,0.0
EX1-EX3,50,43,1.0,0.0
EX1-EX3,50,44,1.0,0.0
EX1-EX3,50,45,1.0,0.0
EX1-EX3,50,46,1.0,0.0
EX1-EX3,50,47,1.0,0.0
EX1-EX3,50,48,1.0,0.0
EX1-EX3,50,49,1.0,0.0
EX1-EX3,50,50,1.0,0.0
EX1-EX3,50,51,1.0,0.0
EX1-EX3,50,52,1.0,0.0
EX1-EX3,50,53,1.0,0.0
EX1-EX3,50,54,1.0,0.0
EX1-EX3,50,55,1.0,0.0
EX1-EX3,50,56,1.0,0.0
EX1-EX3,50,57,1.0,0.0
EX1-EX3,50,58,1.0,0.0
EX1-EX3,50,59,1.0,0.0
EX1-EX3,50,60,1.0,0.0
EX1-EX3,50,61,1.0,0.0
EX1-EX3,50,62,1.0,0.0
EX1-EX3,50,63,1.0,0.0
EX1-EX3,50,64,1.0,0.0
EX1-EX3,50,65,1.0,0.0
EX1-EX3,50,66,1.0,0.0
EX1-EX3,50,67,1.0,0.0
EX1-EX3,50,68,1.0,0.0
EX1-EX3,50,69,1.0,0.0
EX1-EX3,50,70,1.0,0.0
EX1-EX3,50,71,1.0,0.0
EX1-EX3,50,72,1.0,0.0
EX1-EX3,50,73,1.0,0.0
EX1-EX3,50,74,1.0,0.0
EX1-EX3,50,75,1.0,0.0
EX1-EX3,50,76,1.0,0.0
EX1-EX3,50,77,1.0,0.0
EX1-EX3,50,78,1.0,0.0
EX1-EX3,50,79,1.0,0.0
EX1-EX3,50,80,1.0,0.0
EX1-EX3,50,81,1.0,0.0
EX1-EX3,50,82,1.0,0.0
EX1-EX3,50,83,1.0,0.0
EX1-EX3,50,84,1.0,0.0
EX1-EX3,50,85,1.0,0.0
EX1-EX3,50,86,1.0,0.0
EX1-EX3,50,87,1.0,0.0
EX1-EX3,50,88,1.0,0.0
EX1-EX3,50,89,1.0,0.0
EX1-EX3,50,90,1.0,0.0
EX1-EX3,50,91,1.0,0.0
EX1-EX3,50,92,1.0,0.0
EX1-EX3,50,93,1.0,0.0
EX1-EX3,50,94,1.0,0.0
EX1-EX3,50,95,1.0,0.0
EX1-EX3,50,96,1.0,0.0
EX1-EX3,50,97,1.0,0.0
EX1-EX3,50,98,1.0,0.0
EX1-EX3,50,99,1.0,0.0
EX1-EX3,50,100,1.0,0.0
EX1-EX3,50,101,1.0,0.0
EX1-EX3,50,102,1.0,0.0
EX1-EX3,50,103,1.0,0.0
EX1-EX3,50,104,1.0,0.0
EX1-EX3,50,105,1.0,0.0
EX1-EX3,50,106,1.0,0.0
EX1-EX3,50,107,1.0,0.0
EX1-EX3,50,108,1.0,0.0
EX1-EX3,50,109,1.0,0.0
EX1-EX3,50,110,1.0,0.0
EX1-EX3,50,111,1.0,0.0
EX1-EX3,50,112,1.0,0.0
EX1-EX3,50,113,1.0,0.0
EX1-EX3,50,114,1.0,0.0
EX1-EX3,50,115,1.0,0.0
EX1-EX3,50,116,1.0,0.0
EX1-EX3,50,117,1.0,0.0
EX1-EX3,50,118,1.0,0.0
EX1-EX3,50,119,1.0,0.0
EX1-EX3,50,120,1.0,0.0
EX1-EX3,50,121,1.0,0.0
EX1-EX3,50,122,1.0,0.0
EX1-EX3,50,123,1.0,0.0
EX1-EX3,50,124,1.0,0.0
EX1-EX3,50,125,1.0,0.0
EX1-EX3,50,126,1.0,0.0
EX1-EX3,50,127,1.0,0.0
EX1-EX3,50,128,1.0,0.0
EX1-EX3,50,129,1.0,0.0
EX1-EX3,50,130,1.0,0.0
EX1-EX3,50,131,1.0,0.0
EX1-EX3,50,132,1.0,0.0
EX1-EX3,50,133,1.0,0.0
EX1-EX3,50,134,1.0,0.0
EX1-EX3,50,135,1.0,0.0
EX1-EX3,50,136,1.0,0.0
EX1-EX3,50,137,1.0,0.0
EX1-EX3,50,138,1.0,0.0
EX1-EX3,50,139,1.0,0.0
EX1-EX3,50,140,1.0,0.0
EX1-EX3,50,141,1.0,0.0
EX1-EX3,50,142,1.0,0.0
EX1-EX3,50,143,1.0,0.0
EX1-EX3,50,144,1.0,0.0
EX1-EX3,50,145,1.0,0.0
EX1-EX3,50,146,1.0,0.0
EX1-EX3,50,147,1.0,0.0
EX1-EX3,50,148,1.0,0.0
EX1-EX3,50,149,1.0,0.0
EX1-EX3,50,150,1.0,0.0
EX1-EX3,50,151,1.0,0.0
EX1-EX3,50,152,1.0,0.0
EX1-EX3,50,153,1.0,0.0
EX1-EX3,50,154,1.0,0.0
EX1-EX3,50,155,1.0,0.0
EX1-EX3,50,156,1.0,0.0
EX1-EX3,50,157,1.0,0.0
EX1-EX3,50,158,1.0,0.0
EX1-EX3,50,159,1.0,0.0
EX1-EX3,50,160,1.0,0.0
EX1-EX3,50,161,1.0,0.0
EX1-EX3,50,162,1.0,0.0
EX1-EX3,50,163,1.0,0.0
EX1-EX3,50,164,1.0,0.0
EX1-EX3,50,165,1.0,0.0
EX1-EX3,50,166,1.0,0.0
EX1-EX3,50,167,1.0,0.0
EX1-EX3,50,168,1.0,0.0
EX1-EX3,50,169,1.0,0.0
EX1-EX3,50,170,1.0,0.0
EX1-EX3,50,171,1.0,0.0
EX1-EX3,50,172,1.0,0.0
EX1-EX3,50,173,1.0,0.0
EX1-EX3,50,174,1.0,0.0
EX1-EX3,50,175,1.0,0.0
EX1-EX3,50,176,1.0,0.0
EX1-EX3,50,177,1.0,0.0
EX1-EX3,50,178,1.0,0.0
EX1-EX3,50,179,1.0,0.0
EX1-EX3,50,180,1.0,0.0
EX1-EX3,50,181,1.0,0.0
EX1-EX3,50,182,1.0,0.0
EX1-EX3,50,183,1.0,0.0
EX1-EX3,50,184,1.0,0.0
EX1-EX3,50,185,1.0,0.0
EX1-EX3,50,186,1.0,0.0
EX1-EX3,50,187,1.0,0.0
EX1-EX3,50,188,1.0,0.0
EX1-EX3,50,189,1.0,0.0
EX1-EX3,50,190,1.0,0.0
EX1-EX3,50,191,1.0,0.0
EX1-EX3,50,192,1.0,0.0
EX1-EX3,50,193,1.0,0.0
EX1-EX3,50,194,1.0,0.0
EX1-EX3,50,195,1.0,0.0
EX1-EX3,50,196,1.0,0.0
EX1-EX3,50,197,1.0,0.0
EX1-EX3,50,198,1.0,0.0
EX1-EX3,50,199,1.0,0.0
EX1-EX3,50,200,1.0,0.0
EX1-EX3,80,1,0.9915415119632275,0.00016716268641886573
EX1-EX3,80,2,0.9997656274921102,1.764958927357907e-05
EX1-EX3,80,3,0.999996972609357,7.755221606418164e-07
EX1-EX3,80,4,0.9999999624853524,2.119774166276506e-08
EX1-EX3,80,5,0.9999999996511225,2.307987606474399e-10
EX1-EX3,80,6,0.9999999997322854,1.9400206791714094e-10
EX1-EX3,80,7,1.0,2.697755834091289e-19
EX1-EX3,80,8,1.0,4.209145863587991e-26
EX1-EX3,80,9,1.0,6.615017664019949e-27
EX1-EX3,80,10,1.0,3.75591118749912e-32
EX1-EX3,80,11,1.0,6.112741356384528e-39
EX1-EX3,80,12,1.0,3.502639139218161e-73
EX1-EX3,80,13,1.0,1.89302813175565e-90
EX1-EX3,80,14,1.0,2.498235904357197e-100
EX1-EX3,80,15,1.0,1.8551899325975841e-112
EX1-EX3,80,16,1.0,3.6851224129304296e-144
EX1-EX3,80,17,1.0,2.6357241924573976e-148
EX1-EX3,80,18,1.0,0.0
EX1-EX3,80,19,1.0,0.0
EX1-EX3,80,20,1.0,0.0
EX1-EX3,80,21,1.0,0.0
EX1-EX3,80,22,1.0,0.0
EX1-EX3,80,23,1.0,0.0
EX1-EX3,80,24,1.0,0.0
EX1-EX3,80,25,1.0,0.0
EX1-EX3,80,26,1.0,0.0
EX1-EX3,80,27,1.0,0.0
EX1-EX3,80,28,1.0,0.0
EX1-EX3,80,29,1.0,0.0
EX1-EX3,80,30,1.0,0.0
EX1-EX3,80,31,1.0,0.0
EX1-EX3,80,32,1.0,0.0
EX1-EX3,80,33,1.0,0.0
EX1-EX3,80,34,1.0,0.0
EX1-EX3,80,35,1.0,0.0
EX1-EX3,80,36,1.0,0.0
EX1-EX3,80,37,1.0,0.0
EX1-EX3,80,38,1.0,0.0
EX1-EX3,80,39,1.0,0.0
EX1-EX3,80,40,1.0,0.0
EX1-EX3,80,41,1.0,0.0
EX1-EX3,80,42,1.0,0.0
EX1-EX3,80,43,1.0,0.0
EX1-EX3,80,44,1.0,0.0
EX1-EX3,80,45,1.0,0.0
EX1-EX3,80,46,1.0,0.0
EX1-EX3,80,47,1.0,0.0
EX1-EX3,80,48,1.0,0.0
EX1-EX3,80,49,1.0,0.0
EX1-EX3,80,50,1.0,0.0
EX1-EX3,80,51,1.0,0.0
EX1-EX3,80,52,1.0,0.0
EX1-EX3,80,53,1.0,0.0
EX1-EX3,80,54,1.0,0.0
EX1-EX3,80,55,1.0,0.0
EX1-EX3,80,56,1.0,0.0
EX1-EX3,80,57,1.0,0.0
EX1-EX3,80,58,1.0,0.0
EX1-EX3,80,59,1.0,0.0
EX1-EX3,80,60,1.0,0.0
EX1-EX3,80,61,1.0,0.0
EX1-EX3,80,62,1.0,0.0
EX1-EX3,80,63,1.0,0.0
EX1-EX3,80,64,1.0,0.0
EX1-EX3,80,65,1.0,0.0
EX1-EX3,80,66,1.0,0.0
EX1-EX3,80,67,1.0,0.0
EX1-EX3,80,68,1.0,0.0
EX1-EX3,80,69,1.0,0.0
EX1-EX3,80,70,1.0,0.0
EX1-EX3,80,71,1.0,0.0
EX1-EX3,80,72,1.0,0.0
EX1-EX3,80,73,1.0,0.0
EX1-EX3,80,74,1.0,0.0
EX1-EX3,80,75,1.0,0.0
EX1-EX3,80,76,1.0,0.0
EX1-EX3,80,77,1.0,0.0
EX1-EX3,80,78,1.0,0.0
EX1-EX3,80,79,1.0,0.0
EX1-EX3,80,80,1.0,0.0
EX1-EX3,80,81,1.0,0.0
EX1-EX3,80,82,1.0,0.0
EX1-EX3,80,83,1.0,0.0
EX1-EX3,80,84,1.0,0.0
EX1-EX3,80,85,1.0,0.0
EX1-EX3,80,86,1.0,0.0
EX1-EX3,80,87,1.0,0.0
EX1-EX3,80,88,1.0,0.0
EX1-EX3,80,89,1.0,0.0
EX1-EX3,80,90,1.0,0.0
EX1-EX3,80,91,1.0,0.0
EX1-EX3,80,92,1.0,0.0
EX1-EX3,80,93,1.0,0.0
EX1-EX3,80,94,1.0,0.0
EX1-EX3,80,95,1.0,0.0
EX1-EX3,80,96,1.0,0.0
EX1-EX3,80,97,1.0,0.0
EX1-EX3,80,98,1.0,0.0
EX1-EX3,80,99,1.0,0.0
EX1-EX3,80,100,1.0,0.0
EX1-EX3,80,101,1.0,0.0
EX1-EX3,80,102,1.0,0.0
EX1-EX3,80,103,1.0,0.0
EX1-EX3,80,104,1.0,0.0
EX1-EX3,80,105,1.0,0.0
EX1-EX3,80,106,1.0,0.0
EX1-EX3,80,107,1.0,0.0
EX1-EX3,80,108,1.0,0.0
EX1-EX3,80,109,1.0,0.0
EX1-EX3,80,110,1.0,0.0
EX1-EX3,80,111,1.0,0.0
EX1-EX3,80,112,1.0,0.0
EX1-EX3,80,113,1.0,0.0
EX1-EX3,80,114,1.0,0.0
EX1-EX3,80,115,1.0,0.0
EX1-EX3,80,116,1.0,0.0
EX1-EX3,80,117,1.0,0.0
EX1-EX3,80,118,1.0,0.0
EX1-EX3,80,119,1.0,0.0
EX1-EX3,80,120,1.0,0.0
EX1-EX3,80,121,1.0,0.0
EX1-EX3,80,122,1.0,0.0
EX1-EX3,80,123,1.0,0.0
EX1-EX3,80,124,1.0,0.0
EX1-EX3,80,125,1.0,0.0
EX1-EX3,80,126,1.0,0.0
EX1-EX3,80,127,1.0,0.0
EX1-EX3,80,128,1.0,0.0
EX1-EX3,80,129,1.0,0.0
EX1-EX3,80,130,1.0,0.0
EX1-EX3,80,131,1.0,0.0
EX1-EX3,80,132,1.0,0.0
EX1-EX3,80,133,1.0,0.0
EX1-EX3,80,134,1.0,0.0
EX1-EX3,80,135,1.0,0.0
EX1-EX3,80,136,1.0,0.0
EX1-EX3,80,137,1.0,0.0
EX1-EX3,80,138,1.0,0.0
EX1-EX3,80,139,1.0,0.0
EX1-EX3,80,140,1.0,0.0
EX1-EX3,80,141,1.0,0.0
EX1-EX3,80,142,1.0,0.0
EX1-EX3,80,143,1.0,0.0
EX1-EX3,80,144,1.0,0.0
EX1-EX3,80,145,1.0,0.0
EX1-EX3,80,146,1.0,0.0
EX1-EX3,80,147,1.0,0.0
EX1-EX3,80,148,1.0,0.0
EX1-EX3,80,149,1.0,0.0
EX1-EX3,80,150,1.0,0.0
EX1-EX3,80,151,1.0,0.0
EX1-EX3,80,152,1.0,0.0
EX1-EX3,80,153,1.0,0.0
EX1-EX3,80,154,1.0,0.0
EX1-EX3,80,155,1.0,0.0
EX1-EX3,80,156,1.0,0.0
EX1-EX3,80,157,1.0,0.0
EX1-EX3,80,158,1.0,0.0
EX1-EX3,80,159,1.0,0.0
EX1-EX3,80,160,1.0,0.0
EX1-EX3,80,161,1.0,0.0
EX1-EX3,80,162,1.0,0.0
EX1-EX3,80,163,1.0,0.0
EX1-EX3,80,164,1.0,0.0
EX1-EX3,80,165,1.0,0.0
EX1-EX3,80,166,1.0,0.0
EX1-EX3,80,167,1.0,0.0
EX1-EX3,80,168,1.0,0.0
EX1-EX3,80,169,1.0,0.0
EX1-EX3,80,170,1.0,0.0
EX1-EX3,80,171,1.0,0.0
EX1-EX3,80,172,1.0,0.0
EX1-EX3,80,173,1.0,0.0
EX1-EX3,80,174,1.0,0.0
EX1-EX3,80,175,1.0,0.0
EX1-EX3,80,176,1.0,0.0
EX1-EX3,80,177,1.0,0.0
EX1-EX3,80,178,1.0,0.0
EX1-EX3,80,179,1.0,0.0
EX1-EX3,80,180,1.0,0.0
EX1-EX3,80,181,1.0,0.0
EX1-EX3,80,182,1.0,0.0
EX1-EX3,80,183,1.0,0.0
EX1-EX3,80,184,1.0,0.0
EX1-EX3,80,185,1.0,0.0
EX1-EX3,80,186,1.0,0.0
EX1-EX3,80,187,1.0,0.0
EX1-EX3,80,188,1.0,0.0
EX1-EX3,80,189,1.0,0.0
EX1-EX3,80,190,1.0,0.0
EX1-EX3,80,191,1.0,0.0
EX1-EX3,80,192,1.0,0.0
EX1-EX3,80,193,1.0,0.0
EX1-EX3,80,194,1.0,0.0
EX1-EX3,80,195,1.0,0.0
EX1-EX3,80,196,1.0,0.0
EX1-EX3,80,197,1.0,0.0
EX1-EX3,80,198,1.0,0.0
EX1-EX3,80,199,1.0,0.0
EX1-EX3,80,200,1.0,0.0
EX2-EX3,10,1,0.8318196152537426,0.0006847726399551168
EX2-EX3,10,2,0.9304336372669602,0.00045010817913587617
EX2-EX3,10,3,0.9698304790149661,0.0002739249578833512
EX2-EX3,10,4,0.9863375315022701,0.00016512041298396546
EX2-EX3,10,5,0.9937867839775116,9.790441607731516e-05
EX2-EX3,10,6,0.9971118853430632,5.909299400677936e-05
EX2-EX3,10,7,0.9985962042483748,3.63454436939162e-05
EX2-EX3,10,8,0.9993549874739778,2.148557596766582e-05
EX2-EX3,10,9,0.9997029047938879,1.3118551365905544e-05
EX2-EX3,10,10,0.9998481823629511,9.104137871623153e-06
EX2-EX3,10,11,0.9999273717965208,5.541801058587918e-06
EX2-EX3,10,12,0.9999647566204353,3.896776827174702e-06
EX2-EX3,10,13,0.9999831209132861,2.0735678224983848e-06
EX2-EX3,10,14,0.9999914730829699,1.5146065919910414e-06
EX2-EX3,10,15,0.99999632466532,5.223223492757708e-07
EX2-EX3,10,16,0.999997993698493,3.3282025347691984e-07
EX2-EX3,10,17,0.9999989114456648,2.172810785650318e-07
EX2-EX3,10,18,0.9999995427640058,1.087330810095197e-07
EX2-EX3,10,19,0.9999998247764963,4.783822195494782e-08
EX2-EX3,10,20,0.9999999287961745,2.2230691174783806e-08
EX2-EX3,10,21,0.9999999596461756,1.55408526512247e-08
EX2-EX3,10,22,0.9999999909362846,2.877788588390936e-09
EX2-EX3,10,23,0.9999999961421132,1.0867456248638486e-09
EX2-EX3,10,24,0.9999999983361513,5.3265004892931e-10
EX2-EX3,10,25,0.9999999990471682,3.740407730845843e-10
EX2-EX3,10,26,0.9999999996054578,2.133605749792007e-10
EX2-EX3,10,27,0.999999999891192,4.658016347026063e-11
EX2-EX3,10,28,0.999999999945344,3.056911187268287e-11
EX2-EX3,10,29,0.9999999999512138,2.9055918149815285e-11
EX2-EX3,10,30,0.9999999999852616,8.134950306773021e-12
EX2-EX3,10,31,0.9999999999923018,5.023896086363834e-12
EX2-EX3,10,32,0.9999999999932625,4.6858033910052086e-12
EX2-EX3,10,33,0.9999999999975873,1.958970780797304e-12
EX2-EX3,10,34,0.9999999999994811,3.856397013599056e-13
EX2-EX3,10,35,0.9999999999996811,2.786607101995825e-13
EX2-EX3,10,36,0.9999999999998331,1.5340489559275505e-13
EX2-EX3,10,37,0.9999999999998399,1.4723987273403064e-13
EX2-EX3,10,38,0.9999999999999032,9.582302912542096e-14
EX2-EX3,10,39,0.9999999999999803,1.892195988801208e-14
EX2-EX3,10,40,0.9999999999999877,1.1903935105046829e-14
EX2-EX3,10,41,0.9999999999999893,1.0394917300961518e-14
EX2-EX3,10,42,0.9999999999999953,4.683935632507843e-15
EX2-EX3,10,43,0.9999999999999979,2.1528529557447475e-15
EX2-EX3,10,44,0.9999999999999979,2.1348547905379273e-15
EX2-EX3,10,45,0.999999999999998,1.9882611951644904e-15
EX2-EX3,10,46,0.9999999999999982,1.8145119273739156e-15
EX2-EX3,10,47,0.9999999999999983,1.6699278973769198e-15
EX2-EX3,10,48,1.0,1.2453989198986793e-21
EX2-EX3,10,49,1.0,9.940091402931517e-22
EX2-EX3,10,50,1.0,8.137324248938658e-22
EX2-EX3,10,51,1.0,8.11171298489793e-22
EX2-EX3,10,52,1.0,7.8401661032802205e-22
EX2-EX3,10,53,1.0,1.317491972336874e-24
EX2-EX3,10,54,1.0,2.0924962427813416e-25
EX2-EX3,10,55,1.0,1.1652446613872226e-25
EX2-EX3,10,56,1.0,6.472924079807775e-27
EX2-EX3,10,57,1.0,5.455498723201632e-27
EX2-EX3,10,58,1.0,3.4214898112952767e-28
EX2-EX3,10,59,1.0,3.1175260881682053e-28
EX2-EX3,10,60,1.0,2.995755703979031e-28
EX2-EX3,10,61,1.0,2.9248101714788853e-28
EX2-EX3,10,62,1.0,2.2492469116744244e-32
EX2-EX3,10,63,1.0,1.0088651873170616e-32
EX2-EX3,10,64,1.0,9.647857329327654e-33
EX2-EX3,10,65,1.0,4.19413870498306e-33
EX2-EX3,10,66,1.0,2.025601406337711e-34
EX2-EX3,10,67,1.0,6.863956473864128e-35
EX2-EX3,10,68,1.0,1.499590582287282e-35
EX2-EX3,10,69,1.0,1.0528707166713006e-35
EX2-EX3,10,70,1.0,1.0787474432883571e-36
EX2-EX3,10,71,1.0,1.4011633511530746e-38
EX2-EX3,10,72,1.0,3.6135026601393528e-40
EX2-EX3,10,73,1.0,3.580242397457608e-40
EX2-EX3,10,74,1.0,4.3004465794264577e-41
EX2-EX3,10,75,1.0,3.9469338255066667e-42
EX2-EX3,10,76,1.0,5.986913984910222e-43
EX2-EX3,10,77,1.0,3.849799467853647e-43
EX2-EX3,10,78,1.0,3.3800537034326553e-43
EX2-EX3,10,79,1.0,2.7368335293699138e-43
EX2-EX3,10,80,1.0,1.9313460458254315e-43
EX2-EX3,10,81,1.0,1.6104936909147462e-43
EX2-EX3,10,82,1.0,1.3419846742905295e-43
EX2-EX3,10,83,1.0,6.433897847895089e-49
EX2-EX3,10,84,1.0,4.937779826790414e-49
EX2-EX3,10,85,1.0,4.115856789270143e-49
EX2-EX3,10,86,1.0,2.3112422480848157e-49
EX2-EX3,10,87,1.0,1.747805485684699e-49
EX2-EX3,10,88,1.0,1.2068623503367963e-49
EX2-EX3,10,89,1.0,1.83473797696169e-55
EX2-EX3,10,90,1.0,9.774782341291482e-56
EX2-EX3,10,91,1.0,9.655447828506079e-56
EX2-EX3,10,92,1.0,9.49975544658279e-56
EX2-EX3,10,93,1.0,3.284889471693594e-59
EX2-EX3,10,94,1.0,9.919721867454008e-60
EX2-EX3,10,95,1.0,8.539579499003443e-60
EX2-EX3,10,96,1.0,6.354405613981391e-60
EX2-EX3,10,97,1.0,2.401155525571623e-62
EX2-EX3,10,98,1.0,1.0859266376874099e-63
EX2-EX3,10,99,1.0,6.393131289683033e-64
EX2-EX3,10,100,1.0,2.5467920798597006e-64
EX2-EX3,10,101,1.0,3.5063087879760754e-65
EX2-EX3,10,102,1.0,6.456097897304883e-67
EX2-EX3,10,103,1.0,3.182684038656311e-67
EX2-EX3,10,104,1.0,2.2443880691260394e-67
EX2-EX3,10,105,1.0,3.809159638660002e-69
EX2-EX3,10,106,1.0,3.4826864669661223e-69
EX2-EX3,10,107,1.0,2.6912228201852057e-69
EX2-EX3,10,108,1.0,2.856327947333858e-71
EX2-EX3,10,109,1.0,2.6609105910867305e-71
EX2-EX3,10,110,1.0,2.1586598875569003e-71
EX2-EX3,10,111,1.0,2.1269024636344536e-71
EX2-EX3,10,112,1.0,1.2388342823778736e-73
EX2-EX3,10,113,1.0,4.818947724178941e-74
EX2-EX3,10,114,1.0,1.921463170159737e-75
EX2-EX3,10,115,1.0,1.5013396602695999e-75
EX2-EX3,10,116,1.0,1.4564313730623248e-75
EX2-EX3,10,117,1.0,1.378214466249848e-75
EX2-EX3,10,118,1.0,1.1989294398190058e-75
EX2-EX3,10,119,1.0,1.1453384986799257e-75
EX2-EX3,10,120,1.0,3.947811333723983e-90
EX2-EX3,10,121,1.0,3.9195613387104544e-90
EX2-EX3,10,122,1.0,2.5992236540972346e-90
EX2-EX3,10,123,1.0,4.3524725942629256e-92
EX2-EX3,10,124,1.0,4.2564812920403374e-92
EX2-EX3,10,125,1.0,4.1496049871140785e-92
EX2-EX3,10,126,1.0,2.9787237853498148e-92
EX2-EX3,10,127,1.0,1.7534242163948053e-92
EX2-EX3,10,128,1.0,6.791184380640485e-95
EX2-EX3,10,129,1.0,6.57983819768535e-95
EX2-EX3,10,130,1.0,1.0043471858234628e-102
EX2-EX3,10,131,1.0,1.9372247111796157e-103
EX2-EX3,10,132,1.0,1.6640423770885862e-103
EX2-EX3,10,133,1.0,5.100930122916738e-104
EX2-EX3,10,134,1.0,3.099167759417048e-109
EX2-EX3,10,135,1.0,8.025001903494788e-111
EX2-EX3,10,136,1.0,6.929377888745291e-111
EX2-EX3,10,137,1.0,6.751129643222999e-111
EX2-EX3,10,138,1.0,3.521038455869477e-111
EX2-EX3,10,139,1.0,2.77871745838948e-111
EX2-EX3,10,140,1.0,9.921373725477574e-112
EX2-EX3,10,141,1.0,8.271442689478914e-112
EX2-EX3,10,142,1.0,5.292500949707187e-112
EX2-EX3,10,143,1.0,3.5154924602500002e-112
EX2-EX3,10,144,1.0,2.766460825416166e-117
EX2-EX3,10,145,1.0,1.142701726738251e-117
EX2-EX3,10,146,1.0,9.508164173876516e-118
EX2-EX3,10,147,1.0,3.575070435091777e-118
EX2-EX3,10,148,1.0,2.404228532610468e-118
EX2-EX3,10,149,1.0,8.88543401693988e-120
EX2-EX3,10,150,1.0,4.428160426505368e-120
EX2-EX3,10,151,1.0,6.855135553551779e-124
EX2-EX3,10,152,1.0,3.856536250377899e-124
EX2-EX3,10,153,1.0,2.754540609440342e-124
EX2-EX3,10,154,1.0,7.41654336493732e-125
EX2-EX3,10,155,1.0,7.233171505169251e-125
EX2-EX3,10,156,1.0,4.4771947375796464e-125
EX2-EX3,10,157,1.0,1.2535007599541768e-125
EX2-EX3,10,158,1.0,8.035090452284708e-126
EX2-EX3,10,159,1.0,1.349671950007842e-128
EX2-EX3,10,160,1.0,1.9349178258267214e-129
EX2-EX3,10,161,1.0,1.8875825216644203e-129
EX2-EX3,10,162,1.0,1.935881058597709e-131
EX2-EX3,10,163,1.0,4.376285859500802e-132
EX2-EX3,10,164,1.0,3.3588446820445716e-133
EX2-EX3,10,165,1.0,3.260498585862139e-133
EX2-EX3,10,166,1.0,1.3270681882455113e-135
EX2-EX3,10,167,1.0,1.2273854571839408e-135
EX2-EX3,10,168,1.0,2.7901660054641624e-137
EX2-EX3,10,169,1.0,1.7591517158872698e-137
EX2-EX3,10,170,1.0,9.61636928090768e-139
EX2-EX3,10,171,1.0,5.762754865431395e-140
EX2-EX3,10,172,1.0,3.7482586693859894e-140
EX2-EX3,10,173,1.0,6.876829074210473e-141
EX2-EX3,10,174,1.0,3.0073959932313007e-141
EX2-EX3,10,175,1.0,2.951337520415704e-141
EX2-EX3,10,176,1.0,2.9308977132585476e-141
EX2-EX3,10,177,1.0,8.384914858376344e-142
EX2-EX3,10,178,1.0,6.73051459685408e-142
EX2-EX3,10,179,1.0,6.3704158224348046e-142
EX2-EX3,10,180,1.0,1.9055314509157017e-142
EX2-EX3,10,181,1.0,1.8586860510453865e-142
EX2-EX3,10,182,1.0,1.7627969533249424e-142
EX2-EX3,10,183,1.0,1.56514168843968e-142
EX2-EX3,10,184,1.0,7.26608128733815e-143
EX2-EX3,10,185,1.0,6.027110280272198e-143
EX2-EX3,10,186,1.0,4.399277939132885e-143
EX2-EX3,10,187,1.0,3.9240986762057956e-143
EX2-EX3,10,188,1.0,1.094124591708911e-147
EX2-EX3,10,189,1.0,1.366860579081059e-154
EX2-EX3,10,190,1.0,5.283963511251685e-156
EX2-EX3,10,191,1.0,4.752655250322347e-156
EX2-EX3,10,192,1.0,6.977901957644491e-157
EX2-EX3,10,193,1.0,6.936916102208705e-157
EX2-EX3,10,194,1.0,9.786173194030695e-158
EX2-EX3,10,195,1.0,9.516568189430384e-158
EX2-EX3,10,196,1.0,4.036747146870064e-158
EX2-EX3,10,197,1.0,2.779784998078096e-158
EX2-EX3,10,198,1.0,8.965777839667621e-159
EX2-EX3,10,199,1.0,8.913925785411458e-159
EX2-EX3,10,200,1.0,8.445226710949248e-159
EX2-EX3,15,1,0.8807824956864992,0.0006107149749790242
EX2-EX3,15,2,0.9632394743352611,0.00032212513366057006
EX2-EX3,15,3,0.9880908383791676,0.00015919005625828712
EX2-EX3,15,4,0.9959431885745713,7.890430719695394e-05
EX2-EX3,15,5,0.9986224966785734,3.7934527429547146e-05
EX2-EX3,15,6,0.999511112363721,1.9823101539740598e-05
EX2-EX3,15,7,0.9998176712490072,1.01081919033645e-05
EX2-EX3,15,8,0.9999373451943575,5.397821342137922e-06
EX2-EX3,15,9,0.9999769990868171,3.2766055421848875e-06
EX2-EX3,15,10,0.9999890079310803,2.4039696489579542e-06
EX2-EX3,15,11,0.9999959412314505,1.1533087385345803e-06
EX2-EX3,15,12,0.9999979926306047,8.64263750676908e-07
EX2-EX3,15,13,0.9999994441857997,2.8941502873695765e-07
EX2-EX3,15,14,0.9999997003150661,2.0473921547789848e-07
EX2-EX3,15,15,0.9999999688693288,1.0299901067801271e-08
EX2-EX3,15,16,0.9999999878776086,4.27323562888198e-09
EX2-EX3,15,17,0.9999999949804281,2.2414448246598505e-09
EX2-EX3,15,18,0.9999999988153604,7.269717879935544e-10
EX2-EX3,15,19,0.9999999997950358,1.1971760638601027e-10
EX2-EX3,15,20,0.9999999999603641,2.2235628517796974e-11
EX2-EX3,15,21,0.9999999999813178,1.1089470504059866e-11
EX2-EX3,15,22,0.9999999999995152,3.8432746555777783e-13
EX2-EX3,15,23,0.999999999999946,2.8787475474375425e-14
EX2-EX3,15,24,0.9999999999999886,5.192273499058123e-15
EX2-EX3,15,25,0.9999999999999946,3.2383399163233892e-15
EX2-EX3,15,26,0.9999999999999982,1.5920540474103804e-15
EX2-EX3,15,27,0.9999999999999999,3.308766310229861e-17
EX2-EX3,15,28,1.0,1.9832234083938477e-17
EX2-EX3,15,29,1.0,1.8810100603542353e-17
EX2-EX3,15,30,1.0,7.834633227925665e-19
EX2-EX3,15,31,1.0,3.3650975693319576e-19
EX2-EX3,15,32,1.0,3.1172478351190576e-19
EX2-EX3,15,33,1.0,5.78231680415104e-20
EX2-EX3,15,34,1.0,1.4616849481887062e-21
EX2-EX3,15,35,1.0,7.884917173873957e-22
EX2-EX3,15,36,1.0,2.11227481539635e-22
EX2-EX3,15,37,1.0,1.9283200616497574e-22
EX2-EX3,15,38,1.0,7.503252764634299e-23
EX2-EX3,15,39,1.0,2.0555681271383936e-24
EX2-EX3,15,40,1.0,7.346771218839187e-25
EX2-EX3,15,41,1.0,5.441528692046801e-25
EX2-EX3,15,42,1.0,9.274840358419894e-26
EX2-EX3,15,43,1.0,1.6499146023127093e-26
EX2-EX3,15,44,1.0,1.6194268636066368e-26
EX2-EX3,15,45,1.0,1.3826829235849983e-26
EX2-EX3,15,46,1.0,1.1284632799021869e-26
EX2-EX3,15,47,1.0,9.383421177274826e-27
EX2-EX3,15,48,1.0,1.434821642057479e-40
EX2-EX3,15,49,1.0,1.256329126746423e-40
EX2-EX3,15,50,1.0,8.066162048151234e-41
EX2-EX3,15,51,1.0,8.010040796099733e-41
EX2-EX3,15,52,1.0,7.423622447731469e-41
EX2-EX3,15,53,1.0,4.666431527050023e-47
EX2-EX3,15,54,1.0,6.564209820834439e-49
EX2-EX3,15,55,1.0,2.0661512497755083e-49
EX2-EX3,15,56,1.0,2.1862409753733232e-52
EX2-EX3,15,57,1.0,2.0019973396727287e-52
EX2-EX3,15,58,1.0,4.4582873942944374e-55
EX2-EX3,15,59,1.0,3.6381953497351255e-55
EX2-EX3,15,60,1.0,3.331926041699414e-55
EX2-EX3,15,61,1.0,3.157931563047211e-55
EX2-EX3,15,62,1.0,1.5168822527543655e-64
EX2-EX3,15,63,1.0,3.2260922172899147e-65
EX2-EX3,15,64,1.0,2.9198247758038028e-65
EX2-EX3,15,65,1.0,4.514787212125456e-66
EX2-EX3,15,66,1.0,3.664196582737643e-69
EX2-EX3,15,67,1.0,3.3785299530566736e-70
EX2-EX3,15,68,1.0,1.4837325096299913e-71
EX2-EX3,15,69,1.0,6.751563423267926e-72
EX2-EX3,15,70,1.0,4.092998781423361e-74
EX2-EX3,15,71,1.0,2.417641542041855e-78
EX2-EX3,15,72,1.0,6.644917331604337e-82
EX2-EX3,15,73,1.0,6.508571509057098e-82
EX2-EX3,15,74,1.0,5.621090791762484e-84
EX2-EX3,15,75,1.0,2.6541465114503517e-86
EX2-EX3,15,76,1.0,3.864407852597119e-88
EX2-EX3,15,77,1.0,1.4357665741540815e-88
EX2-EX3,15,78,1.0,1.0723553501810682e-88
EX2-EX3,15,79,1.0,6.679521861967234e-89
EX2-EX3,15,80,1.0,3.0565009809354266e-89
EX2-EX3,15,81,1.0,2.0336216174568733e-89
EX2-EX3,15,82,1.0,1.3508850473736463e-89
EX2-EX3,15,83,1.0,1.5786153697347936e-101
EX2-EX3,15,84,1.0,8.717341813754689e-102
EX2-EX3,15,85,1.0,5.793928379116206e-102
EX2-EX3,15,86,1.0,1.5873330946886664e-102
EX2-EX3,15,87,1.0,8.479811041032004e-103
EX2-EX3,15,88,1.0,3.6941273954082787e-103
EX2-EX3,15,89,1.0,3.242650537885963e-116
EX2-EX3,15,90,1.0,7.890436067672105e-117
EX2-EX3,15,91,1.0,7.675862692549771e-117
EX2-EX3,15,92,1.0,7.400837291202768e-117
EX2-EX3,15,93,1.0,1.258392610848831e-124
EX2-EX3,15,94,1.0,8.54617461903059e-126
EX2-EX3,15,95,1.0,6.106533113423954e-126
EX2-EX3,15,96,1.0,3.1498012011044994e-126
EX2-EX3,15,97,1.0,1.1462340616489564e-131
EX2-EX3,15,98,1.0,1.0938753152568844e-134
EX2-EX3,15,99,1.0,3.3233836022011206e-135
EX2-EX3,15,100,1.0,4.228019579020959e-136
EX2-EX3,15,101,1.0,4.9057650681150327e-138
EX2-EX3,15,102,1.0,5.853887148835955e-142
EX2-EX3,15,103,1.0,1.2175724638253208e-142
EX2-EX3,15,104,1.0,5.840211770992154e-143
EX2-EX3,15,105,1.0,6.160166262791652e-147
EX2-EX3,15,106,1.0,5.036845155599069e-147
EX2-EX3,15,107,1.0,2.8336347485311795e-147
EX2-EX3,15,108,1.0,1.0444982458046177e-151
EX2-EX3,15,109,1.0,8.90845549804335e-152
EX2-EX3,15,110,1.0,5.568796594368638e-152
EX2-EX3,15,111,1.0,5.386868664394678e-152
EX2-EX3,15,112,1.0,5.1564693412037884e-157
EX2-EX3,15,113,1.0,6.185310599120807e-158
EX2-EX3,15,114,1.0,4.451070927117876e-161
EX2-EX3,15,115,1.0,2.553755376911511e-161
EX2-EX3,15,116,1.0,2.383643204671021e-161
EX2-EX3,15,117,1.0,2.108694101232139e-161
EX2-EX3,15,118,1.0,1.5399724348305664e-161
EX2-EX3,15,119,1.0,1.3881123941456836e-161
EX2-EX3,15,120,1.0,0.0
EX2-EX3,15,121,1.0,0.0
EX2-EX3,15,122,1.0,0.0
EX2-EX3,15,123,1.0,0.0
EX2-EX3,15,124,1.0,0.0
EX2-EX3,15,125,1.0,0.0
EX2-EX3,15,126,1.0,0.0
EX2-EX3,15,127,1.0,0.0
EX2-EX3,15,128,1.0,0.0
EX2-EX3,15,129,1.0,0.0
EX2-EX3,15,130,1.0,0.0
EX2-EX3,15,131,1.0,0.0
EX2-EX3,15,132,1.0,0.0
EX2-EX3,15,133,1.0,0.0
EX2-EX3,15,134,1.0,0.0
EX2-EX3,15,135,1.0,0.0
EX2-EX3,15,136,1.0,0.0
EX2-EX3,15,137,1.0,0.0
EX2-EX3,15,138,1.0,0.0
EX2-EX3,15,139,1.0,0.0
EX2-EX3,15,140,1.0,0.0
EX2-EX3,15,141,1.0,0.0
EX2-EX3,15,142,1.0,0.0
EX2-EX3,15,143,1.0,0.0
EX2-EX3,15,144,1.0,0.0
EX2-EX3,15,145,1.0,0.0
EX2-EX3,15,146,1.0,0.0
EX2-EX3,15,147,1.0,0.0
EX2-EX3,15,148,1.0,0.0
EX2-EX3,15,149,1.0,0.0
EX2-EX3,15,150,1.0,0.0
EX2-EX3,15,151,1.0,0.0
EX2-EX3,15,152,1.0,0.0
EX2-EX3,15,153,1.0,0.0
EX2-EX3,15,154,1.0,0.0
EX2-EX3,15,155,1.0,0.0
EX2-EX3,15,156,1.0,0.0
EX2-EX3,15,157,1.0,0.0
EX2-EX3,15,158,1.0,0.0
EX2-EX3,15,159,1.0,0.0
EX2-EX3,15,160,1.0,0.0
EX2-EX3,15,161,1.0,0.0
EX2-EX3,15,162,1.0,0.0
EX2-EX3,15,163,1.0,0.0
EX2-EX3,15,164,1.0,0.0
EX2-EX3,15,165,1.0,0.0
EX2-EX3,15,166,1.0,0.0
EX2-EX3,15,167,1.0,0.0
EX2-EX3,15,168,1.0,0.0
EX2-EX3,15,169,1.0,0.0
EX2-EX3,15,170,1.0,0.0
EX2-EX3,15,171,1.0,0.0
EX2-EX3,15,172,1.0,0.0
EX2-EX3,15,173,1.0,0.0
EX2-EX3,15,174,1.0,0.0
EX2-EX3,15,175,1.0,0.0
EX2-EX3,15,176,1.0,0.0
EX2-EX3,15,177,1.0,0.0
EX2-EX3,15,178,1.0,0.0
EX2-EX3,15,179,1.0,0.0
EX2-EX3,15,180,1.0,0.0
EX2-EX3,15,181,1.0,0.0
EX2-EX3,15,182,1.0,0.0
EX2-EX3,15,183,1.0,0.0
EX2-EX3,15,184,1.0,0.0
EX2-EX3,15,185,1.0,0.0
EX2-EX3,15,186,1.0,0.0
EX2-EX3,15,187,1.0,0.0
EX2-EX3,15,188,1.0,0.0
EX2-EX3,15,189,1.0,0.0
EX2-EX3,15,190,1.0,0.0
EX2-EX3,15,191,1.0,0.0
EX2-EX3,15,192,1.0,0.0
EX2-EX3,15,193,1.0,0.0
EX2-EX3,15,194,1.0,0.0
EX2-EX3,15,195,1.0,0.0
EX2-EX3,15,196,1.0,0.0
EX2-EX3,15,197,1.0,0.0
EX2-EX3,15,198,1.0,0.0
EX2-EX3,15,199,1.0,0.0
EX2-EX3,15,200,1.0,0.0
EX2-EX3,20,1,0.91129316768815,0.0005365259900719914
EX2-EX3,20,2,0.9787950619709229,0.00023450280767913807
EX2-EX3,20,3,0.9946743918717277,9.725631770753102e-05
EX2-EX3,20,4,0.9985857992320532,4.097971227927458e-05
EX2-EX3,20,5,0.9996326726056793,1.607536205039589e-05
EX2-EX3,20,6,0.9998936557657704,7.809885130468433e-06
EX2-EX3,20,7,0.9999693086233616,3.4362368022673487e-06
EX2-EX3,20,8,0.9999910690708951,1.8471182964045367e-06
EX2-EX3,20,9,0.9999967806031016,1.0809811400462384e-06
EX2-EX3,20,10,0.9999983186405043,7.86509619663924e-07
EX2-EX3,20,11,0.999999531434232,2.5166277659720463e-07
EX2-EX3,20,12,0.9999997386234388,1.7822020412670355e-07
EX2-EX3,20,13,0.999999962075794,3.476282424601087e-08
EX2-EX3,20,14,0.9999999794047049,1.9664423775732363e-08
EX2-EX3,20,15,0.999999999848166,7.520313366085088e-11
EX2-EX3,20,16,0.9999999999671485,1.645053742573509e-11
EX2-EX3,20,17,0.9999999999899883,6.447384202774895e-12
EX2-EX3,20,18,0.9999999999987076,1.16074559694815e-12
EX2-EX3,20,19,0.9999999999999426,4.735496275498876e-14
EX2-EX3,20,20,0.9999999999999969,2.2691573500161693e-15
EX2-EX3,20,21,0.9999999999999991,6.239909244237602e-16
EX2-EX3,20,22,1.0,2.2682296909380392e-18
EX2-EX3,20,23,1.0,2.1681505208512225e-20
EX2-EX3,20,24,1.0,7.098067424686995e-22
EX2-EX3,20,25,1.0,4.028178580257415e-22
EX2-EX3,20,26,1.0,1.4808427911039566e-22
EX2-EX3,20,27,1.0,1.26928326842165e-25
EX2-EX3,20,28,1.0,6.374397718310108e-26
EX2-EX3,20,29,1.0,5.892393380213608e-26
EX2-EX3,20,30,1.0,1.6313460723632884e-28
EX2-EX3,20,31,1.0,4.303647585607506e-29
EX2-EX3,20,32,1.0,4.035156092009046e-29
EX2-EX3,20,33,1.0,2.1973589509089388e-30
EX2-EX3,20,34,1.0,3.2941053938329676e-33
EX2-EX3,20,35,1.0,1.1139772130950998e-33
EX2-EX3,20,36,1.0,1.0860749907732296e-34
EX2-EX3,20,37,1.0,9.24516170763824e-35
EX2-EX3,20,38,1.0,1.742965854097206e-35
EX2-EX3,20,39,1.0,3.011094466100974e-38
EX2-EX3,20,40,1.0,4.8795582294146565e-39
EX2-EX3,20,41,1.0,2.86919411273073e-39
EX2-EX3,20,42,1.0,1.254182627680461e-40
EX2-EX3,20,43,1.0,5.90977190263124e-42
EX2-EX3,20,44,1.0,5.717905289055382e-42
EX2-EX3,20,45,1.0,4.322895111078315e-42
EX2-EX3,20,46,1.0,3.017394771846599e-42
EX2-EX3,20,47,1.0,2.176891007479988e-42
EX2-EX3,20,48,1.0,6.207179376843553e-67
EX2-EX3,20,49,1.0,5.7631217372277206e-67
EX2-EX3,20,50,1.0,2.6271596036796102e-67
EX2-EX3,20,51,1.0,2.5948399577863092e-67
EX2-EX3,20,52,1.0,2.267621896081853e-67
EX2-EX3,20,53,1.0,2.281099622920501e-78
EX2-EX3,20,54,1.0,1.171411007775004e-81
EX2-EX3,20,55,1.0,1.5240690056647073e-82
EX2-EX3,20,56,1.0,7.261646786318619e-88
EX2-EX3,20,57,1.0,6.837667118637112e-88
EX2-EX3,20,58,1.0,1.3517195999298166e-92
EX2-EX3,20,59,1.0,9.424280356702524e-93
EX2-EX3,20,60,1.0,8.062787284441431e-93
EX2-EX3,20,61,1.0,7.330881189791063e-93
EX2-EX3,20,62,1.0,2.0330030291492588e-109
EX2-EX3,20,63,1.0,1.3650512339671096e-110
EX2-EX3,20,64,1.0,1.1435613555138666e-110
EX2-EX3,20,65,1.0,4.16179835983106e-112
EX2-EX3,20,66,1.0,1.2275087081301351e-117
EX2-EX3,20,67,1.0,1.8396498823966897e-119
EX2-EX3,20,68,1.0,7.691547780740869e-122
EX2-EX3,20,69,1.0,1.901006487981685e-122
EX2-EX3,20,70,1.0,2.2009476498972185e-126
EX2-EX3,20,71,1.0,6.842421747777298e-134
EX2-EX3,20,72,1.0,3.257270332951607e-140
EX2-EX3,20,73,1.0,3.1395467524645037e-140
EX2-EX3,20,74,1.0,6.802541394642292e-144
EX2-EX3,20,75,1.0,5.04339423563189e-148
EX2-EX3,20,76,1.0,2.7609347607075678e-151
EX2-EX3,20,77,1.0,4.758800354735776e-152
EX2-EX3,20,78,1.0,2.834213651567159e-152
EX2-EX3,20,79,1.0,1.22279540092073e-152
EX2-EX3,20,80,1.0,3.0510781720604866e-153
EX2-EX3,20,81,1.0,1.4798829550338342e-153
EX2-EX3,20,82,1.0,7.15751539857526e-154
EX2-EX3,20,83,1.0,0.0
EX2-EX3,20,84,1.0,0.0
EX2-EX3,20,85,1.0,0.0
EX2-EX3,20,86,1.0,0.0
EX2-EX3,20,87,1.0,0.0
EX2-EX3,20,88,1.0,0.0
EX2-EX3,20,89,1.0,0.0
EX2-EX3,20,90,1.0,0.0
EX2-EX3,20,91,1.0,0.0
EX2-EX3,20,92,1.0,0.0
EX2-EX3,20,93,1.0,0.0
EX2-EX3,20,94,1.0,0.0
EX2-EX3,20,95,1.0,0.0
EX2-EX3,20,96,1.0,0.0
EX2-EX3,20,97,1.0,0.0
EX2-EX3,20,98,1.0,0.0
EX2-EX3,20,99,1.0,0.0
EX2-EX3,20,100,1.0,0.0
EX2-EX3,20,101,1.0,0.0
EX2-EX3,20,102,1.0,0.0
EX2-EX3,20,103,1.0,0.0
EX2-EX3,20,104,1.0,0.0
EX2-EX3,20,105,1.0,0.0
EX2-EX3,20,106,1.0,0.0
EX2-EX3,20,107,1.0,0.0
EX2-EX3,20,108,1.0,0.0
EX2-EX3,20,109,1.0,0.0
EX2-EX3,20,110,1.0,0.0
EX2-EX3,20,111,1.0,0.0
EX2-EX3,20,112,1.0,0.0
EX2-EX3,20,113,1.0,0.0
EX2-EX3,20,114,1.0,0.0
EX2-EX3,20,115,1.0,0.0
EX2-EX3,20,116,1.0,0.0
EX2-EX3,20,117,1.0,0.0
EX2-EX3,20,118,1.0,0.0
EX2-EX3,20,119,1.0,0.0
EX2-EX3,20,120,1.0,0.0
EX2-EX3,20,121,1.0,0.0
EX2-EX3,20,122,1.0,0.0
EX2-EX3,20,123,1.0,0.0
EX2-EX3,20,124,1.0,0.0
EX2-EX3,20,125,1.0,0.0
EX2-EX3,20,126,1.0,0.0
EX2-EX3,20,127,1.0,0.0
EX2-EX3,20,128,1.0,0.0
EX2-EX3,20,129,1.0,0.0
EX2-EX3,20,130,1.0,0.0
EX2-EX3,20,131,1.0,0.0
EX2-EX3,20,132,1.0,0.0
EX2-EX3,20,133,1.0,0.0
EX2-EX3,20,134,1.0,0.0
EX2-EX3,20,135,1.0,0.0
EX2-EX3,20,136,1.0,0.0
EX2-EX3,20,137,1.0,0.0
EX2-EX3,20,138,1.0,0.0
EX2-EX3,20,139,1.0,0.0
EX2-EX3,20,140,1.0,0.0
EX2-EX3,20,141,1.0,0.0
EX2-EX3,20,142,1.0,0.0
EX2-EX3,20,143,1.0,0.0
EX2-EX3,20,144,1.0,0.0
EX2-EX3,20,145,1.0,0.0
EX2-EX3,20,146,1.0,0.0
EX2-EX3,20,147,1.0,0.0
EX2-EX3,20,148,1.0,0.0
EX2-EX3,20,149,1.0,0.0
EX2-EX3,20,150,1.0,0.0
EX2-EX3,20,151,1.0,0.0
EX2-EX3,20,152,1.0,0.0
EX2-EX3,20,153,1.0,0.0
EX2-EX3,20,154,1.0,0.0
EX2-EX3,20,155,1.0,0.0
EX2-EX3,20,156,1.0,0.0
EX2-EX3,20,157,1.0,0.0
EX2-EX3,20,158,1.0,0.0
EX2-EX3,20,159,1.0,0.0
EX2-EX3,20,160,1.0,0.0
EX2-EX3,20,161,1.0,0.0
EX2-EX3,20,162,1.0,0.0
EX2-EX3,20,163,1.0,0.0
EX2-EX3,20,164,1.0,0.0
EX2-EX3,20,165,1.0,0.0
EX2-EX3,20,166,1.0,0.0
EX2-EX3,20,167,1.0,0.0
EX2-EX3,20,168,1.0,0.0
EX2-EX3,20,169,1.0,0.0
EX2-EX3,20,170,1.0,0.0
EX2-EX3,20,171,1.0,0.0
EX2-EX3,20,172,1.0,0.0
EX2-EX3,20,173,1.0,0.0
EX2-EX3,20,174,1.0,0.0
EX2-EX3,20,175,1.0,0.0
EX2-EX3,20,176,1.0,0.0
EX2-EX3,20,177,1.0,0.0
EX2-EX3,20,178,1.0,0.0
EX2-EX3,20,179,1.0,0.0
EX2-EX3,20,180,1.0,0.0
EX2-EX3,20,181,1.0,0.0
EX2-EX3,20,182,1.0,0.0
EX2-EX3,20,183,1.0,0.0
EX2-EX3,20,184,1.0,0.0
EX2-EX3,20,185,1.0,0.0
EX2-EX3,20,186,1.0,0.0
EX2-EX3,20,187,1.0,0.0
EX2-EX3,20,188,1.0,0.0
EX2-EX3,20,189,1.0,0.0
EX2-EX3,20,190,1.0,0.0
EX2-EX3,20,191,1.0,0.0
EX2-EX3,20,192,1.0,0.0
EX2-EX3,20,193,1.0,0.0
EX2-EX3,20,194,1.0,0.0
EX2-EX3,20,195,1.0,0.0
EX2-EX3,20,196,1.0,0.0
EX2-EX3,20,197,1.0,0.0
EX2-EX3,20,198,1.0,0.0
EX2-EX3,20,199,1.0,0.0
EX2-EX3,20,200,1.0,0.0
EX2-EX3,30,1,0.9465961621026416,0.0004136540003422386
EX2-EX3,30,2,0.9917944902091441,0.00013079003723347847
EX2-EX3,30,3,0.9986732397762346,4.0393008312246336e-05
EX2-EX3,30,4,0.9997695653569164,1.2788584079230585e-05
EX2-EX3,30,5,0.9999650281968397,3.365263884379379e-06
EX2-EX3,30,6,0.9999918558230431,1.6317881724401343e-06
EX2-EX3,30,7,0.9999984409776619,4.953743420701142e-07
EX2-EX3,30,8,0.9999995476469927,2.480565342268088e-07
EX2-EX3,30,9,0.9999998462638222,9.466330020553507e-08
EX2-EX3,30,10,0.9999999190335244,5.550767968922216e-08
EX2-EX3,30,11,0.9999999924731776,5.7672680300593595e-09
EX2-EX3,30,12,0.9999999963138021,3.1082613238785476e-09
EX2-EX3,30,13,0.9999999998831255,1.1681980496883266e-10
EX2-EX3,30,14,0.9999999999656545,3.4334220895139263e-11
EX2-EX3,30,15,0.9999999999999998,1.1146208506722518e-16
EX2-EX3,30,16,1.0,4.313643799851044e-18
EX2-EX3,30,17,1.0,6.271074436358467e-19
EX2-EX3,30,18,1.0,1.867872796902527e-20
EX2-EX3,30,19,1.0,1.545312643877143e-23
EX2-EX3,30,20,1.0,1.714912894171943e-26
EX2-EX3,30,21,1.0,7.8731957365062775e-28
EX2-EX3,30,22,1.0,3.90900320734873e-33
EX2-EX3,30,23,1.0,1.214992918890836e-37
EX2-EX3,30,24,1.0,2.9515096240616244e-41
EX2-EX3,30,25,1.0,1.381664997894786e-41
EX2-EX3,30,26,1.0,1.79517976594425e-42
EX2-EX3,30,27,1.0,2.138545012202747e-49
EX2-EX3,30,28,1.0,5.365274427175692e-50
EX2-EX3,30,29,1.0,4.508187818908816e-50
EX2-EX3,30,30,1.0,5.742451405214627e-56
EX2-EX3,30,31,1.0,4.059769965057431e-57
EX2-EX3,30,32,1.0,3.700050491080594e-57
EX2-EX3,30,33,1.0,5.555267640791906e-60
EX2-EX3,30,34,1.0,2.6304369519262196e-66
EX2-EX3,30,35,1.0,2.3192062732347834e-67
EX2-EX3,30,36,1.0,1.2598108677973485e-69
EX2-EX3,30,37,1.0,8.781940233974928e-70
EX2-EX3,30,38,1.0,2.0890503292743227e-71
EX2-EX3,30,39,1.0,1.3444315552476237e-77
EX2-EX3,30,40,1.0,2.27432458529452e-79
EX2-EX3,30,41,1.0,6.915901518733048e-80
EX2-EX3,30,42,1.0,6.195809967150005e-83
EX2-EX3,30,43,1.0,6.562251745410684e-86
EX2-EX3,30,44,1.0,6.094111571632398e-86
EX2-EX3,30,45,1.0,3.2549012141063504e-86
EX2-EX3,30,46,1.0,1.4534228759387968e-86
EX2-EX3,30,47,1.0,6.9889970842095295e-87
EX2-EX3,30,48,1.0,5.2077645242452704e-142
EX2-EX3,30,49,1.0,4.856065449023754e-142
EX2-EX3,30,50,1.0,8.320873894727008e-143
EX2-EX3,30,51,1.0,8.092768003226201e-143
EX2-EX3,30,52,1.0,5.979187302521191e-143
EX2-EX3,30,53,1.0,0.0
EX2-EX3,30,54,1.0,0.0
EX2-EX3,30,55,1.0,0.0
EX2-EX3,30,56,1.0,0.0
EX2-EX3,30,57,1.0,0.0
EX2-EX3,30,58,1.0,0.0
EX2-EX3,30,59,1.0,0.0
EX2-EX3,30,60,1.0,0.0
EX2-EX3,30,61,1.0,0.0
EX2-EX3,30,62,1.0,0.0
EX2-EX3,30,63,1.0,0.0
EX2-EX3,30,64,1.0,0.0
EX2-EX3,30,65,1.0,0.0
EX2-EX3,30,66,1.0,0.0
EX2-EX3,30,67,1.0,0.0
EX2-EX3,30,68,1.0,0.0
EX2-EX3,30,69,1.0,0.0
EX2-EX3,30,70,1.0,0.0
EX2-EX3,30,71,1.0,0.0
EX2-EX3,30,72,1.0,0.0
EX2-EX3,30,73,1.0,0.0
EX2-EX3,30,74,1.0,0.0
EX2-EX3,30,75,1.0,0.0
EX2-EX3,30,76,1.0,0.0
EX2-EX3,30,77,1.0,0.0
EX2-EX3,30,78,1.0,0.0
EX2-EX3,30,79,1.0,0.0
EX2-EX3,30,80,1.0,0.0
EX2-EX3,30,81,1.0,0.0
EX2-EX3,30,82,1.0,0.0
EX2-EX3,30,83,1.0,0.0
EX2-EX3,30,84,1.0,0.0
EX2-EX3,30,85,1.0,0.0
EX2-EX3,30,86,1.0,0.0
EX2-EX3,30,87,1.0,0.0
EX2-EX3,30,88,1.0,0.0
EX2-EX3,30,89,1.0,0.0
EX2-EX3,30,90,1.0,0.0
EX2-EX3,30,91,1.0,0.0
EX2-EX3,30,92,1.0,0.0
EX2-EX3,30,93,1.0,0.0
EX2-EX3,30,94,1.0,0.0
EX2-EX3,30,95,1.0,0.0
EX2-EX3,30,96,1.0,0.0
EX2-EX3,30,97,1.0,0.0
EX2-EX3,30,98,1.0,0.0
EX2-EX3,30,99,1.0,0.0
EX2-EX3,30,100,1.0,0.0
EX2-EX3,30,101,1.0,0.0
EX2-EX3,30,102,1.0,0.0
EX2-EX3,30,103,1.0,0.0
EX2-EX3,30,104,1.0,0.0
EX2-EX3,30,105,1.0,0.0
EX2-EX3,30,106,1.0,0.0
EX2-EX3,30,107,1.0,0.0
EX2-EX3,30,108,1.0,0.0
EX2-EX3,30,109,1.0,0.0
EX2-EX3,30,110,1.0,0.0
EX2-EX3,30,111,1.0,0.0
EX2-EX3,30,112,1.0,0.0
EX2-EX3,30,113,1.0,0.0
EX2-EX3,30,114,1.0,0.0
EX2-EX3,30,115,1.0,0.0
EX2-EX3,30,116,1.0,0.0
EX2-EX3,30,117,1.0,0.0
EX2-EX3,30,118,1.0,0.0
EX2-EX3,30,119,1.0,0.0
EX2-EX3,30,120,1.0,0.0
EX2-EX3,30,121,1.0,0.0
EX2-EX3,30,122,1.0,0.0
EX2-EX3,30,123,1.0,0.0
EX2-EX3,30,124,1.0,0.0
EX2-EX3,30,125,1.0,0.0
EX2-EX3,30,126,1.0,0.0
EX2-EX3,30,127,1.0,0.0
EX2-EX3,30,128,1.0,0.0
EX2-EX3,30,129,1.0,0.0
EX2-EX3,30,130,1.0,0.0
EX2-EX3,30,131,1.0,0.0
EX2-EX3,30,132,1.0,0.0
EX2-EX3,30,133,1.0,0.0
EX2-EX3,30,134,1.0,0.0
EX2-EX3,30,135,1.0,0.0
EX2-EX3,30,136,1.0,0.0
EX2-EX3,30,137,1.0,0.0
EX2-EX3,30,138,1.0,0.0
EX2-EX3,30,139,1.0,0.0
EX2-EX3,30,140,1.0,0.0
EX2-EX3,30,141,1.0,0.0
EX2-EX3,30,142,1.0,0.0
EX2-EX3,30,143,1.0,0.0
EX2-EX3,30,144,1.0,0.0
EX2-EX3,30,145,1.0,0.0
EX2-EX3,30,146,1.0,0.0
EX2-EX3,30,147,1.0,0.0
EX2-EX3,30,148,1.0,0.0
EX2-EX3,30,149,1.0,0.0
EX2-EX3,30,150,1.0,0.0
EX2-EX3,30,151,1.0,0.0
EX2-EX3,30,152,1.0,0.0
EX2-EX3,30,153,1.0,0.0
EX2-EX3,30,154,1.0,0.0
EX2-EX3,30,155,1.0,0.0
EX2-EX3,30,156,1.0,0.0
EX2-EX3,30,157,1.0,0.0
EX2-EX3,30,158,1.0,0.0
EX2-EX3,30,159,1.0,0.0
EX2-EX3,30,160,1.0,0.0
EX2-EX3,30,161,1.0,0.0
EX2-EX3,30,162,1.0,0.0
EX2-EX3,30,163,1.0,0.0
EX2-EX3,30,164,1.0,0.0
EX2-EX3,30,165,1.0,0.0
EX2-EX3,30,166,1.0,0.0
EX2-EX3,30,167,1.0,0.0
EX2-EX3,30,168,1.0,0.0
EX2-EX3,30,169,1.0,0.0
EX2-EX3,30,170,1.0,0.0
EX2-EX3,30,171,1.0,0.0
EX2-EX3,30,172,1.0,0.0
EX2-EX3,30,173,1.0,0.0
EX2-EX3,30,174,1.0,0.0
EX2-EX3,30,175,1.0,0.0
EX2-EX3,30,176,1.0,0.0
EX2-EX3,30,177,1.0,0.0
EX2-EX3,30,178,1.0,0.0
EX2-EX3,30,179,1.0,0.0
EX2-EX3,30,180,1.0,0.0
EX2-EX3,30,181,1.0,0.0
EX2-EX3,30,182,1.0,0.0
EX2-EX3,30,183,1.0,0.0
EX2-EX3,30,184,1.0,0.0
EX2-EX3,30,185,1.0,0.0
EX2-EX3,30,186,1.0,0.0
EX2-EX3,30,187,1.0,0.0
EX2-EX3,30,188,1.0,0.0
EX2-EX3,30,189,1.0,0.0
EX2-EX3,30,190,1.0,0.0
EX2-EX3,30,191,1.0,0.0
EX2-EX3,30,192,1.0,0.0
EX2-EX3,30,193,1.0,0.0
EX2-EX3,30,194,1.0,0.0
EX2-EX3,30,195,1.0,0.0
EX2-EX3,30,196,1.0,0.0
EX2-EX3,30,197,1.0,0.0
EX2-EX3,30,198,1.0,0.0
EX2-EX3,30,199,1.0,0.0
EX2-EX3,30,200,1.0,0.0
EX2-EX3,50,1,0.9768832845349839,0.0002568359089906155
EX2-EX3,50,2,0.9983307365269822,4.751774024572029e-05
EX2-EX3,50,3,0.9998701534258254,8.86151267520279e-06
EX2-EX3,50,4,0.9999894510067656,1.4742070088501843e-06
EX2-EX3,50,5,0.9999994536699327,1.7940004611691843e-07
EX2-EX3,50,6,0.9999998636866578,9.179190611577853e-08
EX2-EX3,50,7,0.9999999923260969,5.866076842210699e-09
EX2-EX3,50,8,0.9999999984460195,1.3736609507586089e-09
EX2-EX3,50,9,0.9999999998764005,9.118407592709273e-11
EX2-EX3,50,10,0.9999999999688204,2.3653617647050852e-11
EX2-EX3,50,11,0.9999999999999115,8.470856072488427e-14
EX2-EX3,50,12,0.9999999999999822,1.7518726879692568e-14
EX2-EX3,50,13,1.0,2.7575837734109998e-18
EX2-EX3,50,14,1.0,1.0069342441276653e-19
EX2-EX3,50,15,1.0,5.842756114631338e-35
EX2-EX3,50,16,1.0,1.3215317456713608e-38
EX2-EX3,50,17,1.0,6.390092162718914e-41
EX2-EX3,50,18,1.0,4.530402719391838e-45
EX2-EX3,50,19,1.0,1.474099008756146e-53
EX2-EX3,50,20,1.0,1.0475510167061943e-61
EX2-EX3,50,21,1.0,1.9150327398554898e-65
EX2-EX3,50,22,1.0,4.77577303461247e-80
EX2-EX3,50,23,1.0,1.6509530393817512e-92
EX2-EX3,50,24,1.0,8.285888844985986e-103
EX2-EX3,50,25,1.0,1.9610018029152343e-103
EX2-EX3,50,26,1.0,7.158426841318274e-106
EX2-EX3,50,27,1.0,4.785188830969649e-125
EX2-EX3,50,28,1.0,1.0618687283438916e-126
EX2-EX3,50,29,1.0,6.557897338167738e-127
EX2-EX3,50,30,1.0,2.1287536858771493e-143
EX2-EX3,50,31,1.0,2.005724130552354e-146
EX2-EX3,50,32,1.0,1.5550935024689881e-146
EX2-EX3,50,33,1.0,2.3417934207094863e-154
EX2-EX3,50,34,1.0,0.0
EX2-EX3,50,35,1.0,0.0
EX2-EX3,50,36,1.0,0.0
EX2-EX3,50,37,1.0,0.0
EX2-EX3,50,38,1.0,0.0
EX2-EX3,50,39,1.0,0.0
EX2-EX3,50,40,1.0,0.0
EX2-EX3,50,41,1.0,0.0
EX2-EX3,50,42,1.0,0.0
EX2-EX3,50,43,1.0,0.0
EX2-EX3,50,44,1.0,0.0
EX2-EX3,50,45,1.0,0.0
EX2-EX3,50,46,1.0,0.0
EX2-EX3,50,47,1.0,0.0
EX2-EX3,50,48,1.0,0.0
EX2-EX3,50,49,1.0,0.0
EX2-EX3,50,50,1.0,0.0
EX2-EX3,50,51,1.0,0.0
EX2-EX3,50,52,1.0,0.0
EX2-EX3,50,53,1.0,0.0
EX2-EX3,50,54,1.0,0.0
EX2-EX3,50,55,1.0,0.0
EX2-EX3,50,56,1.0,0.0
EX2-EX3,50,57,1.0,0.0
EX2-EX3,50,58,1.0,0.0
EX2-EX3,50,59,1.0,0.0
EX2-EX3,50,60,1.0,0.0
EX2-EX3,50,61,1.0,0.0
EX2-EX3,50,62,1.0,0.0
EX2-EX3,50,63,1.0,0.0
EX2-EX3,50,64,1.0,0.0
EX2-EX3,50,65,1.0,0.0
EX2-EX3,50,66,1.0,0.0
EX2-EX3,50,67,1.0,0.0
EX2-EX3,50,68,1.0,0.0
EX2-EX3,50,69,1.0,0.0
EX2-EX3,50,70,1.0,0.0
EX2-EX3,50,71,1.0,0.0
EX2-EX3,50,72,1.0,0.0
EX2-EX3,50,73,1.0,0.0
EX2-EX3,50,74,1.0,0.0
EX2-EX3,50,75,1.0,0.0
EX2-EX3,50,76,1.0,0.0
EX2-EX3,50,77,1.0,0.0
EX2-EX3,50,78,1.0,0.0
EX2-EX3,50,79,1.0,0.0
EX2-EX3,50,80,1.0,0.0
EX2-EX3,50,81,1.0,0.0
EX2-EX3,50,82,1.0,0.0
EX2-EX3,50,83,1.0,0.0
EX2-EX3,50,84,1.0,0.0
EX2-EX3,50,85,1.0,0.0
EX2-EX3,50,86,1.0,0.0
EX2-EX3,50,87,1.0,0.0
EX2-EX3,50,88,1.0,0.0
EX2-EX3,50,89,1.0,0.0
EX2-EX3,50,90,1.0,0.0
EX2-EX3,50,91,1.0,0.0
EX2-EX3,50,92,1.0,0.0
EX2-EX3,50,93,1.0,0.0
EX2-EX3,50,94,1.0,0.0
EX2-EX3,50,95,1.0,0.0
EX2-EX3,50,96,1.0,0.0
EX2-EX3,50,97,1.0,0.0
EX2-EX3,50,98,1.0,0.0
EX2-EX3,50,99,1.0,0.0
EX2-EX3,50,100,1.0,0.0
EX2-EX3,50,101,1.0,0.0
EX2-EX3,50,102,1.0,0.0
EX2-EX3,50,103,1.0,0.0
EX2-EX3,50,104,1.0,0.0
EX2-EX3,50,105,1.0,0.0
EX2-EX3,50,106,1.0,0.0
EX2-EX3,50,107,1.0,0.0
EX2-EX3,50,108,1.0,0.0
EX2-EX3,50,109,1.0,0.0
EX2-EX3,50,110,1.0,0.0
EX2-EX3,50,111,1.0,0.0
EX2-EX3,50,112,1.0,0.0
EX2-EX3,50,113,1.0,0.0
EX2-EX3,50,114,1.0,0.0
EX2-EX3,50,115,1.0,0.0
EX2-EX3,50,116,1.0,0.0
EX2-EX3,50,117,1.0,0.0
EX2-EX3,50,118,1.0,0.0
EX2-EX3,50,119,1.0,0.0
EX2-EX3,50,120,1.0,0.0
EX2-EX3,50,121,1.0,0.0
EX2-EX3,50,122,1.0,0.0
EX2-EX3,50,123,1.0,0.0
EX2-EX3,50,124,1.0,0.0
EX2-EX3,50,125,1.0,0.0
EX2-EX3,50,126,1.0,0.0
EX2-EX3,50,127,1.0,0.0
EX2-EX3,50,128,1.0,0.0
EX2-EX3,50,129,1.0,0.0
EX2-EX3,50,130,1.0,0.0
EX2-EX3,50,131,1.0,0.0
EX2-EX3,50,132,1.0,0.0
EX2-EX3,50,133,1.0,0.0
EX2-EX3,50,134,1.0,0.0
EX2-EX3,50,135,1.0,0.0
EX2-EX3,50,136,1.0,0.0
EX2-EX3,50,137,1.0,0.0
EX2-EX3,50,138,1.0,0.0
EX2-EX3,50,139,1.0,0.0
EX2-EX3,50,140,1.0,0.0
EX2-EX3,50,141,1.0,0.0
EX2-EX3,50,142,1.0,0.0
EX2-EX3,50,143,1.0,0.0
EX2-EX3,50,144,1.0,0.0
EX2-EX3,50,145,1.0,0.0
EX2-EX3,50,146,1.0,0.0
EX2-EX3,50,147,1.0,0.0
EX2-EX3,50,148,1.0,0.0
EX2-EX3,50,149,1.0,0.0
EX2-EX3,50,150,1.0,0.0
EX2-EX3,50,151,1.0,0.0
EX2-EX3,50,152,1.0,0.0
EX2-EX3,50,153,1.0,0.0
EX2-EX3,50,154,1.0,0.0
EX2-EX3,50,155,1.0,0.0
EX2-EX3,50,156,1.0,0.0
EX2-EX3,50,157,1.0,0.0
EX2-EX3,50,158,1.0,0.0
EX2-EX3,50,159,1.0,0.0
EX2-EX3,50,160,1.0,0.0
EX2-EX3,50,161,1.0,0.0
EX2-EX3,50,162,1.0,0.0
EX2-EX3,50,163,1.0,0.0
EX2-EX3,50,164,1.0,0.0
EX2-EX3,50,165,1.0,0.0
EX2-EX3,50,166,1.0,0.0
EX2-EX3,50,167,1.0,0.0
EX2-EX3,50,168,1.0,0.0
EX2-EX3,50,169,1.0,0.0
EX2-EX3,50,170,1.0,0.0
EX2-EX3,50,171,1.0,0.0
EX2-EX3,50,172,1.0,0.0
EX2-EX3,50,173,1.0,0.0
EX2-EX3,50,174,1.0,0.0
EX2-EX3,50,175,1.0,0.0
EX2-EX3,50,176,1.0,0.0
EX2-EX3,50,177,1.0,0.0
EX2-EX3,50,178,1.0,0.0
EX2-EX3,50,179,1.0,0.0
EX2-EX3,50,180,1.0,0.0
EX2-EX3,50,181,1.0,0.0
EX2-EX3,50,182,1.0,0.0
EX2-EX3,50,183,1.0,0.0
EX2-EX3,50,184,1.0,0.0
EX2-EX3,50,185,1.0,0.0
EX2-EX3,50,186,1.0,0.0
EX2-EX3,50,187,1.0,0.0
EX2-EX3,50,188,1.0,0.0
EX2-EX3,50,189,1.0,0.0
EX2-EX3,50,190,1.0,0.0
EX2-EX3,50,191,1.0,0.0
EX2-EX3,50,192,1.0,0.0
EX2-EX3,50,193,1.0,0.0
EX2-EX3,50,194,1.0,0.0
EX2-EX3,50,195,1.0,0.0
EX2-EX3,50,196,1.0,0.0
EX2-EX3,50,197,1.0,0.0
EX2-EX3,50,198,1.0,0.0
EX2-EX3,50,199,1.0,0.0
EX2-EX3,50,200,1.0,0.0
EX2-EX3,80,1,0.9916837123826399,0.00013643840339361323
EX2-EX3,80,2,0.9997731927682582,1.278218794842248e-05
EX2-EX3,80,3,0.9999934871283918,1.003502458571513e-06
EX2-EX3,80,4,0.999999870224381,4.3058805106175814e-08
EX2-EX3,80,5,0.9999999988241738,7.321572585194743e-10
EX2-EX3,80,6,0.9999999997123923,2.6951958197575647e-10
EX2-EX3,80,7,0.9999999999996307,3.651793883717382e-13
EX2-EX3,80,8,0.9999999999999896,1.0450632236569839e-14
EX2-EX3,80,9,1.0,9.424175451021246e-18
EX2-EX3,80,10,1.0,3.4903298827505675e-19
EX2-EX3,80,11,1.0,3.1307458578706977e-25
EX2-EX3,80,12,1.0,5.921592372658523e-27
EX2-EX3,80,13,1.0,1.4478874158601732e-36
EX2-EX3,80,14,1.0,3.295265406199953e-40
EX2-EX3,80,15,1.0,3.5234113015188196e-79
EX2-EX3,80,16,1.0,2.973228870760809e-88
EX2-EX3,80,17,1.0,3.699555291342395e-94
EX2-EX3,80,18,1.0,9.649153090318959e-105
EX2-EX3,80,19,1.0,2.1039882524215364e-126
EX2-EX3,80,20,1.0,3.2888041469347103e-147
EX2-EX3,80,21,1.0,9.31787671809134e-157
EX2-EX3,80,22,1.0,0.0
EX2-EX3,80,23,1.0,0.0
EX2-EX3,80,24,1.0,0.0
EX2-EX3,80,25,1.0,0.0
EX2-EX3,80,26,1.0,0.0
EX2-EX3,80,27,1.0,0.0
EX2-EX3,80,28,1.0,0.0
EX2-EX3,80,29,1.0,0.0
EX2-EX3,80,30,1.0,0.0
EX2-EX3,80,31,1.0,0.0
EX2-EX3,80,32,1.0,0.0
EX2-EX3,80,33,1.0,0.0
EX2-EX3,80,34,1.0,0.0
EX2-EX3,80,35,1.0,0.0
EX2-EX3,80,36,1.0,0.0
EX2-EX3,80,37,1.0,0.0
EX2-EX3,80,38,1.0,0.0
EX2-EX3,80,39,1.0,0.0
EX2-EX3,80,40,1.0,0.0
EX2-EX3,80,41,1.0,0.0
EX2-EX3,80,42,1.0,0.0
EX2-EX3,80,43,1.0,0.0
EX2-EX3,80,44,1.0,0.0
EX2-EX3,80,45,1.0,0.0
EX2-EX3,80,46,1.0,0.0
EX2-EX3,80,47,1.0,0.0
EX2-EX3,80,48,1.0,0.0
EX2-EX3,80,49,1.0,0.0
EX2-EX3,80,50,1.0,0.0
EX2-EX3,80,51,1.0,0.0
EX2-EX3,80,52,1.0,0.0
EX2-EX3,80,53,1.0,0.0
EX2-EX3,80,54,1.0,0.0
EX2-EX3,80,55,1.0,0.0
EX2-EX3,80,56,1.0,0.0
EX2-EX3,80,57,1.0,0.0
EX2-EX3,80,58,1.0,0.0
EX2-EX3,80,59,1.0,0.0
EX2-EX3,80,60,1.0,0.0
EX2-EX3,80,61,1.0,0.0
EX2-EX3,80,62,1.0,0.0
EX2-EX3,80,63,1.0,0.0
EX2-EX3,80,64,1.0,0.0
EX2-EX3,80,65,1.0,0.0
EX2-EX3,80,66,1.0,0.0
EX2-EX3,80,67,1.0,0.0
EX2-EX3,80,68,1.0,0.0
EX2-EX3,80,69,1.0,0.0
EX2-EX3,80,70,1.0,0.0
EX2-EX3,80,71,1.0,0.0
EX2-EX3,80,72,1.0,0.0
EX2-EX3,80,73,1.0,0.0
EX2-EX3,80,74,1.0,0.0
EX2-EX3,80,75,1.0,0.0
EX2-EX3,80,76,1.0,0.0
EX2-EX3,80,77,1.0,0.0
EX2-EX3,80,78,1.0,0.0
EX2-EX3,80,79,1.0,0.0
EX2-EX3,80,80,1.0,0.0
EX2-EX3,80,81,1.0,0.0
EX2-EX3,80,82,1.0,0.0
EX2-EX3,80,83,1.0,0.0
EX2-EX3,80,84,1.0,0.0
EX2-EX3,80,85,1.0,0.0
EX2-EX3,80,86,1.0,0.0
EX2-EX3,80,87,1.0,0.0
EX2-EX3,80,88,1.0,0.0
EX2-EX3,80,89,1.0,0.0
EX2-EX3,80,90,1.0,0.0
EX2-EX3,80,91,1.0,0.0
EX2-EX3,80,92,1.0,0.0
EX2-EX3,80,93,1.0,0.0
EX2-EX3,80,94,1.0,0.0
EX2-EX3,80,95,1.0,0.0
EX2-EX3,80,96,1.0,0.0
EX2-EX3,80,97,1.0,0.0
EX2-EX3,80,98,1.0,0.0
EX2-EX3,80,99,1.0,0.0
EX2-EX3,80,100,1.0,0.0
EX2-EX3,80,101,1.0,0.0
EX2-EX3,80,102,1.0,0.0
EX2-EX3,80,103,1.0,0.0
EX2-EX3,80,104,1.0,0.0
EX2-EX3,80,105,1.0,0.0
EX2-EX3,80,106,1.0,0.0
EX2-EX3,80,107,1.0,0.0
EX2-EX3,80,108,1.0,0.0
EX2-EX3,80,109,1.0,0.0
EX2-EX3,80,110,1.0,0.0
EX2-EX3,80,111,1.0,0.0
EX2-EX3,80,112,1.0,0.0
EX2-EX3,80,113,1.0,0.0
EX2-EX3,80,114,1.0,0.0
EX2-EX3,80,115,1.0,0.0
EX2-EX3,80,116,1.0,0.0
EX2-EX3,80,117,1.0,0.0
EX2-EX3,80,118,1.0,0.0
EX2-EX3,80,119,1.0,0.0
EX2-EX3,80,120,1.0,0.0
EX2-EX3,80,121,1.0,0.0
EX2-EX3,80,122,1.0,0.0
EX2-EX3,80,123,1.0,0.0
EX2-EX3,80,124,1.0,0.0
EX2-EX3,80,125,1.0,0.0
EX2-EX3,80,126,1.0,0.0
EX2-EX3,80,127,1.0,0.0
EX2-EX3,80,128,1.0,0.0
EX2-EX3,80,129,1.0,0.0
EX2-EX3,80,130,1.0,0.0
EX2-EX3,80,131,1.0,0.0
EX2-EX3,80,132,1.0,0.0
EX2-EX3,80,133,1.0,0.0
EX2-EX3,80,134,1.0,0.0
EX2-EX3,80,135,1.0,0.0
EX2-EX3,80,136,1.0,0.0
EX2-EX3,80,137,1.0,0.0
EX2-EX3,80,138,1.0,0.0
EX2-EX3,80,139,1.0,0.0
EX2-EX3,80,140,1.0,0.0
EX2-EX3,80,141,1.0,0.0
EX2-EX3,80,142,1.0,0.0
EX2-EX3,80,143,1.0,0.0
EX2-EX3,80,144,1.0,0.0
EX2-EX3,80,145,1.0,0.0
EX2-EX3,80,146,1.0,0.0
EX2-EX3,80,147,1.0,0.0
EX2-EX3,80,148,1.0,0.0
EX2-EX3,80,149,1.0,0.0
EX2-EX3,80,150,1.0,0.0
EX2-EX3,80,151,1.0,0.0
EX2-EX3,80,152,1.0,0.0
EX2-EX3,80,153,1.0,0.0
EX2-EX3,80,154,1.0,0.0
EX2-EX3,80,155,1.0,0.0
EX2-EX3,80,156,1.0,0.0
EX2-EX3,80,157,1.0,0.0
EX2-EX3,80,158,1.0,0.0
EX2-EX3,80,159,1.0,0.0
EX2-EX3,80,160,1.0,0.0
EX2-EX3,80,161,1.0,0.0
EX2-EX3,80,162,1.0,0.0
EX2-EX3,80,163,1.0,0.0
EX2-EX3,80,164,1.0,0.0
EX2-EX3,80,165,1.0,0.0
EX2-EX3,80,166,1.0,0.0
EX2-EX3,80,167,1.0,0.0
EX2-EX3,80,168,1.0,0.0
EX2-EX3,80,169,1.0,0.0
EX2-EX3,80,170,1.0,0.0
EX2-EX3,80,171,1.0,0.0
EX2-EX3,80,172,1.0,0.0
EX2-EX3,80,173,1.0,0.0
EX2-EX3,80,174,1.0,0.0
EX2-EX3,80,175,1.0,0.0
EX2-EX3,80,176,1.0,0.0
EX2-EX3,80,177,1.0,0.0
EX2-EX3,80,178,1.0,0.0
EX2-EX3,80,179,1.0,0.0
EX2-EX3,80,180,1.0,0.0
EX2-EX3,80,181,1.0,0.0
EX2-EX3,80,182,1.0,0.0
EX2-EX3,80,183,1.0,0.0
EX2-EX3,80,184,1.0,0.0
EX2-EX3,80,185,1.0,0.0
EX2-EX3,80,186,1.0,0.0
EX2-EX3,80,187,1.0,0.0
EX2-EX3,80,188,1.0,0.0
EX2-EX3,80,189,1.0,0.0
EX2-EX3,80,190,1.0,0.0
EX2-EX3,80,191,1.0,0.0
EX2-EX3,80,192,1.0,0.0
EX2-EX3,80,193,1.0,0.0
EX2-EX3,80,194,1.0,0.0
EX2-EX3,80,195,1.0,0.0
EX2-EX3,80,196,1.0,0.0
EX2-EX3,80,197,1.0,0.0
EX2-EX3,80,198,1.0,0.0
EX2-EX3,80,199,1.0,0.0
EX2-EX3,80,200,1.0,0.0
