flux_cut,model,los_id,n_detected,n_unique_all,n_isolated_all,n_competition,n_weaker_neighbor,bundle_id,path_kms
0.85,EX0,30,0,0,0,0,0,2,2500.0
0.85,EX0,31,0,0,0,0,0,2,2500.0
0.85,EX0,32,1,0,0,0,0,2,2500.0
0.85,EX0,33,2,0,0,0,0,2,2500.0
0.85,EX0,34,0,0,0,0,0,2,2500.0
0.85,EX0,35,4,0,0,0,0,2,2500.0
0.85,EX0,36,2,0,0,0,0,2,2500.0
0.85,EX0,37,1,0,0,0,0,2,2500.0
0.85,EX0,38,0,0,0,0,0,2,2500.0
0.85,EX0,39,2,1,1,0,0,2,2500.0
0.85,EX0,40,0,0,0,0,0,2,2500.0
0.85,EX0,41,2,0,0,0,0,2,2500.0
0.85,EX0,42,4,0,0,0,0,2,2500.0
0.85,EX0,43,2,0,0,0,0,2,2500.0
0.85,EX0,44,3,0,0,0,0,2,2500.0
0.85,EX0,90,0,0,0,0,0,6,2500.0
0.85,EX0,91,1,0,0,0,0,6,2500.0
0.85,EX0,92,1,0,0,0,0,6,2500.0
0.85,EX0,93,2,0,0,0,0,6,2500.0
0.85,EX0,94,3,0,0,0,0,6,2500.0
0.85,EX0,95,4,0,0,0,0,6,2500.0
0.85,EX0,96,2,0,0,0,0,6,2500.0
0.85,EX0,97,2,2,2,0,1,6,2500.0
0.85,EX0,98,1,0,0,0,0,6,2500.0
0.85,EX0,99,2,0,0,0,0,6,2500.0
0.85,EX0,100,1,0,0,0,0,6,2500.0
0.85,EX0,101,0,0,0,0,0,6,2500.0
0.85,EX0,102,0,0,0,0,0,6,2500.0
0.85,EX0,103,2,0,0,0,0,6,2500.0
0.85,EX0,104,1,0,0,0,0,6,2500.0
0.85,EX0,150,0,0,0,0,0,10,2500.0
0.85,EX0,151,0,0,0,0,0,10,2500.0
0.85,EX0,152,0,0,0,0,0,10,2500.0
0.85,EX0,153,3,1,1,0,1,10,2500.0
0.85,EX0,154,0,0,0,0,0,10,2500.0
0.85,EX0,155,3,2,2,0,0,10,2500.0
0.85,EX0,156,4,0,0,0,0,10,2500.0
0.85,EX0,157,0,0,0,0,0,10,2500.0
0.85,EX0,158,2,0,0,0,0,10,2500.0
0.85,EX0,159,0,0,0,0,0,10,2500.0
0.85,EX0,160,2,0,0,0,0,10,2500.0
0.85,EX0,161,1,0,0,0,0,10,2500.0
0.85,EX0,162,1,0,0,0,0,10,2500.0
0.85,EX0,163,3,0,0,0,0,10,2500.0
0.85,EX0,164,1,0,0,0,0,10,2500.0
0.85,EX0,270,2,0,0,0,0,18,2500.0
0.85,EX0,271,3,0,0,0,0,18,2500.0
0.85,EX0,272,1,0,0,0,0,18,2500.0
0.85,EX0,273,0,0,0,0,0,18,2500.0
0.85,EX0,274,2,0,0,0,0,18,2500.0
0.85,EX0,275,0,0,0,0,0,18,2500.0
0.85,EX0,276,1,0,0,0,0,18,2500.0
0.85,EX0,277,0,0,0,0,0,18,2500.0
0.85,EX0,278,1,0,0,0,0,18,2500.0
0.85,EX0,279,0,0,0,0,0,18,2500.0
0.85,EX0,280,0,0,0,0,0,18,2500.0
0.85,EX0,281,3,0,0,0,0,18,2500.0
0.85,EX0,282,2,0,0,0,0,18,2500.0
0.85,EX0,283,2,0,0,0,0,18,2500.0
0.85,EX0,284,1,0,0,0,0,18,2500.0
0.85,EX0,360,0,0,0,0,0,24,2500.0
0.85,EX0,361,3,0,0,0,0,24,2500.0
0.85,EX0,362,1,0,0,0,0,24,2500.0
0.85,EX0,363,3,0,0,0,0,24,2500.0
0.85,EX0,364,3,0,0,0,0,24,2500.0
0.85,EX0,365,2,0,0,0,0,24,2500.0
0.85,EX0,366,2,0,0,0,0,24,2500.0
0.85,EX0,367,6,0,0,0,0,24,2500.0
0.85,EX0,368,0,0,0,0,0,24,2500.0
0.85,EX0,369,1,0,0,0,0,24,2500.0
0.85,EX0,370,2,0,0,0,0,24,2500.0
0.85,EX0,371,2,0,0,0,0,24,2500.0
0.85,EX0,372,0,0,0,0,0,24,2500.0
0.85,EX0,373,0,0,0,0,0,24,2500.0
0.85,EX0,374,2,0,0,0,0,24,2500.0
0.85,EX0,450,1,0,0,0,0,30,2500.0
0.85,EX0,451,3,0,0,0,0,30,2500.0
0.85,EX0,452,2,0,0,0,0,30,2500.0
0.85,EX0,453,0,0,0,0,0,30,2500.0
0.85,EX0,454,5,0,0,0,0,30,2500.0
0.85,EX0,455,2,0,0,0,0,30,2500.0
0.85,EX0,456,2,0,0,0,0,30,2500.0
0.85,EX0,457,0,0,0,0,0,30,2500.0
0.85,EX0,458,2,0,0,0,0,30,2500.0
0.85,EX0,459,1,0,0,0,0,30,2500.0
0.85,EX0,460,4,0,0,0,0,30,2500.0
0.85,EX0,461,0,0,0,0,0,30,2500.0
0.85,EX0,462,1,0,0,0,0,30,2500.0
0.85,EX0,463,0,0,0,0,0,30,2500.0
0.85,EX0,464,2,0,0,0,0,30,2500.0
0.85,EX0,465,2,0,0,0,0,31,2500.0
0.85,EX0,466,0,0,0,0,0,31,2500.0
0.85,EX0,467,1,0,0,0,0,31,2500.0
0.85,EX0,468,0,0,0,0,0,31,2500.0
0.85,EX0,469,1,0,0,0,0,31,2500.0
0.85,EX0,470,3,0,0,0,0,31,2500.0
0.85,EX0,471,2,0,0,0,0,31,2500.0
0.85,EX0,472,1,0,0,0,0,31,2500.0
0.85,EX0,473,0,0,0,0,0,31,2500.0
0.85,EX0,474,1,0,0,0,0,31,2500.0
0.85,EX0,475,0,0,0,0,0,31,2500.0
0.85,EX0,476,1,0,0,0,0,31,2500.0
0.85,EX0,477,2,0,0,0,0,31,2500.0
0.85,EX0,478,1,0,0,0,0,31,2500.0
0.85,EX0,479,0,0,0,0,0,31,2500.0
0.85,EX0,585,1,0,0,0,0,39,2500.0
0.85,EX0,586,0,0,0,0,0,39,2500.0
0.85,EX0,587,4,0,0,0,0,39,2500.0
0.85,EX0,588,1,0,0,0,0,39,2500.0
0.85,EX0,589,0,0,0,0,0,39,2500.0
0.85,EX0,590,1,0,0,0,0,39,2500.0
0.85,EX0,591,1,0,0,0,0,39,2500.0
0.85,EX0,592,0,0,0,0,0,39,2500.0
0.85,EX0,593,0,0,0,0,0,39,2500.0
0.85,EX0,594,0,0,0,0,0,39,2500.0
0.85,EX0,595,1,0,0,0,0,39,2500.0
0.85,EX0,596,2,0,0,0,0,39,2500.0
0.85,EX0,597,2,0,0,0,0,39,2500.0
0.85,EX0,598,1,0,0,0,0,39,2500.0
0.85,EX0,599,2,0,0,0,0,39,2500.0
0.85,EX0,615,0,0,0,0,0,41,2500.0
0.85,EX0,616,2,0,0,0,0,41,2500.0
0.85,EX0,617,1,0,0,0,0,41,2500.0
0.85,EX0,618,1,0,0,0,0,41,2500.0
0.85,EX0,619,1,0,0,0,0,41,2500.0
0.85,EX0,620,1,0,0,0,0,41,2500.0
0.85,EX0,621,1,0,0,0,0,41,2500.0
0.85,EX0,622,1,0,0,0,0,41,2500.0
0.85,EX0,623,1,0,0,0,0,41,2500.0
0.85,EX0,624,2,0,0,0,0,41,2500.0
0.85,EX0,625,0,0,0,0,0,41,2500.0
0.85,EX0,626,1,0,0,0,0,41,2500.0
0.85,EX0,627,0,0,0,0,0,41,2500.0
0.85,EX0,628,1,0,0,0,0,41,2500.0
0.85,EX0,629,0,0,0,0,0,41,2500.0
0.85,EX0,660,2,0,0,0,0,44,2500.0
0.85,EX0,661,1,0,0,0,0,44,2500.0
0.85,EX0,662,3,0,0,0,0,44,2500.0
0.85,EX0,663,1,0,0,0,0,44,2500.0
0.85,EX0,664,0,0,0,0,0,44,2500.0
0.85,EX0,665,2,0,0,0,0,44,2500.0
0.85,EX0,666,4,0,0,0,0,44,2500.0
0.85,EX0,667,1,0,0,0,0,44,2500.0
0.85,EX0,668,2,0,0,0,0,44,2500.0
0.85,EX0,669,3,0,0,0,0,44,2500.0
0.85,EX0,670,2,0,0,0,0,44,2500.0
0.85,EX0,671,1,0,0,0,0,44,2500.0
0.85,EX0,672,1,0,0,0,0,44,2500.0
0.85,EX0,673,2,0,0,0,0,44,2500.0
0.85,EX0,674,0,0,0,0,0,44,2500.0
0.85,EX0,735,3,0,0,0,0,49,2500.0
0.85,EX0,736,0,0,0,0,0,49,2500.0
0.85,EX0,737,1,0,0,0,0,49,2500.0
0.85,EX0,738,1,0,0,0,0,49,2500.0
0.85,EX0,739,2,0,0,0,0,49,2500.0
0.85,EX0,740,0,0,0,0,0,49,2500.0
0.85,EX0,741,0,0,0,0,0,49,2500.0
0.85,EX0,742,2,0,0,0,0,49,2500.0
0.85,EX0,743,3,0,0,0,0,49,2500.0
0.85,EX0,744,3,0,0,0,0,49,2500.0
0.85,EX0,745,0,0,0,0,0,49,2500.0
0.85,EX0,746,0,0,0,0,0,49,2500.0
0.85,EX0,747,1,0,0,0,0,49,2500.0
0.85,EX0,748,0,0,0,0,0,49,2500.0
0.85,EX0,749,0,0,0,0,0,49,2500.0
0.85,EX0,810,1,0,0,0,0,54,2500.0
0.85,EX0,811,1,0,0,0,0,54,2500.0
0.85,EX0,812,2,0,0,0,0,54,2500.0
0.85,EX0,813,3,0,0,0,0,54,2500.0
0.85,EX0,814,1,0,0,0,0,54,2500.0
0.85,EX0,815,1,0,0,0,0,54,2500.0
0.85,EX0,816,1,0,0,0,0,54,2500.0
0.85,EX0,817,1,0,0,0,0,54,2500.0
0.85,EX0,818,1,0,0,0,0,54,2500.0
0.85,EX0,819,3,0,0,0,0,54,2500.0
0.85,EX0,820,0,0,0,0,0,54,2500.0
0.85,EX0,821,1,0,0,0,0,54,2500.0
0.85,EX0,822,0,0,0,0,0,54,2500.0
0.85,EX0,823,1,0,0,0,0,54,2500.0
0.85,EX0,824,1,0,0,0,0,54,2500.0
0.85,EX0,825,1,0,0,0,0,55,2500.0
0.85,EX0,826,2,0,0,0,0,55,2500.0
0.85,EX0,827,0,0,0,0,0,55,2500.0
0.85,EX0,828,6,0,0,0,0,55,2500.0
0.85,EX0,829,6,0,0,0,0,55,2500.0
0.85,EX0,830,1,0,0,0,0,55,2500.0
0.85,EX0,831,0,0,0,0,0,55,2500.0
0.85,EX0,832,2,0,0,0,0,55,2500.0
0.85,EX0,833,2,0,0,0,0,55,2500.0
0.85,EX0,834,0,0,0,0,0,55,2500.0
0.85,EX0,835,0,0,0,0,0,55,2500.0
0.85,EX0,836,1,0,0,0,0,55,2500.0
0.85,EX0,837,1,0,0,0,0,55,2500.0
0.85,EX0,838,2,0,0,0,0,55,2500.0
0.85,EX0,839,3,0,0,0,0,55,2500.0
0.85,EX0,840,4,0,0,0,0,56,2500.0
0.85,EX0,841,4,0,0,0,0,56,2500.0
0.85,EX0,842,1,0,0,0,0,56,2500.0
0.85,EX0,843,5,0,0,0,0,56,2500.0
0.85,EX0,844,1,0,0,0,0,56,2500.0
0.85,EX0,845,1,0,0,0,0,56,2500.0
0.85,EX0,846,1,0,0,0,0,56,2500.0
0.85,EX0,847,0,0,0,0,0,56,2500.0
0.85,EX0,848,1,0,0,0,0,56,2500.0
0.85,EX0,849,3,1,1,0,1,56,2500.0
0.85,EX0,850,3,0,0,0,0,56,2500.0
0.85,EX0,851,2,0,0,0,0,56,2500.0
0.85,EX0,852,1,0,0,0,0,56,2500.0
0.85,EX0,853,0,0,0,0,0,56,2500.0
0.85,EX0,854,4,0,0,0,0,56,2500.0
0.85,EX0,900,0,0,0,0,0,60,2500.0
0.85,EX0,901,1,0,0,0,0,60,2500.0
0.85,EX0,902,2,0,0,0,0,60,2500.0
0.85,EX0,903,0,0,0,0,0,60,2500.0
0.85,EX0,904,1,0,0,0,0,60,2500.0
0.85,EX0,905,2,0,0,0,0,60,2500.0
0.85,EX0,906,2,0,0,0,0,60,2500.0
0.85,EX0,907,1,0,0,0,0,60,2500.0
0.85,EX0,908,0,0,0,0,0,60,2500.0
0.85,EX0,909,2,0,0,0,0,60,2500.0
0.85,EX0,910,3,0,0,0,0,60,2500.0
0.85,EX0,911,3,0,0,0,0,60,2500.0
0.85,EX0,912,1,0,0,0,0,60,2500.0
0.85,EX0,913,1,0,0,0,0,60,2500.0
0.85,EX0,914,1,0,0,0,0,60,2500.0
0.85,EX0,945,2,0,0,0,0,63,2500.0
0.85,EX0,946,3,0,0,0,0,63,2500.0
0.85,EX0,947,1,0,0,0,0,63,2500.0
0.85,EX0,948,2,0,0,0,0,63,2500.0
0.85,EX0,949,4,0,0,0,0,63,2500.0
0.85,EX0,950,0,0,0,0,0,63,2500.0
0.85,EX0,951,2,0,0,0,0,63,2500.0
0.85,EX0,952,2,0,0,0,0,63,2500.0
0.85,EX0,953,1,0,0,0,0,63,2500.0
0.85,EX0,954,4,0,0,0,0,63,2500.0
0.85,EX0,955,3,0,0,0,0,63,2500.0
0.85,EX0,956,1,0,0,0,0,63,2500.0
0.85,EX0,957,1,0,0,0,0,63,2500.0
0.85,EX0,958,1,0,0,0,0,63,2500.0
0.85,EX0,959,1,0,0,0,0,63,2500.0
0.85,EX0,975,2,0,0,0,0,65,2500.0
0.85,EX0,976,2,0,0,0,0,65,2500.0
0.85,EX0,977,1,0,0,0,0,65,2500.0
0.85,EX0,978,1,0,0,0,0,65,2500.0
0.85,EX0,979,0,0,0,0,0,65,2500.0
0.85,EX0,980,2,0,0,0,0,65,2500.0
0.85,EX0,981,1,0,0,0,0,65,2500.0
0.85,EX0,982,4,0,0,0,0,65,2500.0
0.85,EX0,983,2,0,0,0,0,65,2500.0
0.85,EX0,984,1,0,0,0,0,65,2500.0
0.85,EX0,985,3,0,0,0,0,65,2500.0
0.85,EX0,986,3,0,0,0,0,65,2500.0
0.85,EX0,987,1,0,0,0,0,65,2500.0
0.85,EX0,988,2,0,0,0,0,65,2500.0
0.85,EX0,989,1,0,0,0,0,65,2500.0
0.85,EX0,1035,3,0,0,0,0,69,2500.0
0.85,EX0,1036,0,0,0,0,0,69,2500.0
0.85,EX0,1037,0,0,0,0,0,69,2500.0
0.85,EX0,1038,1,0,0,0,0,69,2500.0
0.85,EX0,1039,2,0,0,0,0,69,2500.0
0.85,EX0,1040,1,0,0,0,0,69,2500.0
0.85,EX0,1041,0,0,0,0,0,69,2500.0
0.85,EX0,1042,0,0,0,0,0,69,2500.0
0.85,EX0,1043,1,0,0,0,0,69,2500.0
0.85,EX0,1044,2,1,1,0,1,69,2500.0
0.85,EX0,1045,4,0,0,0,0,69,2500.0
0.85,EX0,1046,1,0,0,0,0,69,2500.0
0.85,EX0,1047,3,0,0,0,0,69,2500.0
0.85,EX0,1048,0,0,0,0,0,69,2500.0
0.85,EX0,1049,2,0,0,0,0,69,2500.0
0.85,EX0,1050,1,0,0,0,0,70,2500.0
0.85,EX0,1051,1,0,0,0,0,70,2500.0
0.85,EX0,1052,2,0,0,0,0,70,2500.0
0.85,EX0,1053,2,0,0,0,0,70,2500.0
0.85,EX0,1054,2,0,0,0,0,70,2500.0
0.85,EX0,1055,2,0,0,0,0,70,2500.0
0.85,EX0,1056,1,0,0,0,0,70,2500.0
0.85,EX0,1057,0,0,0,0,0,70,2500.0
0.85,EX0,1058,0,0,0,0,0,70,2500.0
0.85,EX0,1059,1,0,0,0,0,70,2500.0
0.85,EX0,1060,1,1,1,0,1,70,2500.0
0.85,EX0,1061,3,0,0,0,0,70,2500.0
0.85,EX0,1062,1,0,0,0,0,70,2500.0
0.85,EX0,1063,1,0,0,0,0,70,2500.0
0.85,EX0,1064,2,0,0,0,0,70,2500.0
0.85,EX0,1080,2,1,1,0,1,72,2500.0
0.85,EX0,1081,2,0,0,0,0,72,2500.0
0.85,EX0,1082,2,0,0,0,0,72,2500.0
0.85,EX0,1083,3,0,0,0,0,72,2500.0
0.85,EX0,1084,0,0,0,0,0,72,2500.0
0.85,EX0,1085,0,0,0,0,0,72,2500.0
0.85,EX0,1086,5,1,1,0,0,72,2500.0
0.85,EX0,1087,4,0,0,0,0,72,2500.0
0.85,EX0,1088,1,0,0,0,0,72,2500.0
0.85,EX0,1089,0,0,0,0,0,72,2500.0
0.85,EX0,1090,0,0,0,0,0,72,2500.0
0.85,EX0,1091,2,0,0,0,0,72,2500.0
0.85,EX0,1092,2,1,1,0,1,72,2500.0
0.85,EX0,1093,0,0,0,0,0,72,2500.0
0.85,EX0,1094,2,0,0,0,0,72,2500.0
0.85,EX0,1140,1,0,0,0,0,76,2500.0
0.85,EX0,1141,3,0,0,0,0,76,2500.0
0.85,EX0,1142,2,0,0,0,0,76,2500.0
0.85,EX0,1143,3,0,0,0,0,76,2500.0
0.85,EX0,1144,3,0,0,0,0,76,2500.0
0.85,EX0,1145,0,0,0,0,0,76,2500.0
0.85,EX0,1146,3,0,0,0,0,76,2500.0
0.85,EX0,1147,1,0,0,0,0,76,2500.0
0.85,EX0,1148,1,0,0,0,0,76,2500.0
0.85,EX0,1149,1,0,0,0,0,76,2500.0
0.85,EX0,1150,2,0,0,0,0,76,2500.0
0.85,EX0,1151,1,0,0,0,0,76,2500.0
0.85,EX0,1152,1,0,0,0,0,76,2500.0
0.85,EX0,1153,1,0,0,0,0,76,2500.0
0.85,EX0,1154,0,0,0,0,0,76,2500.0
0.85,EX0,1155,1,0,0,0,0,77,2500.0
0.85,EX0,1156,0,0,0,0,0,77,2500.0
0.85,EX0,1157,2,0,0,0,0,77,2500.0
0.85,EX0,1158,0,0,0,0,0,77,2500.0
0.85,EX0,1159,1,0,0,0,0,77,2500.0
0.85,EX0,1160,1,0,0,0,0,77,2500.0
0.85,EX0,1161,3,0,0,0,0,77,2500.0
0.85,EX0,1162,1,0,0,0,0,77,2500.0
0.85,EX0,1163,3,0,0,0,0,77,2500.0
0.85,EX0,1164,1,0,0,0,0,77,2500.0
0.85,EX0,1165,2,0,0,0,0,77,2500.0
0.85,EX0,1166,3,0,0,0,0,77,2500.0
0.85,EX0,1167,2,0,0,0,0,77,2500.0
0.85,EX0,1168,1,0,0,0,0,77,2500.0
0.85,EX0,1169,0,0,0,0,0,77,2500.0
0.85,EX0,1170,0,0,0,0,0,78,2500.0
0.85,EX0,1171,2,0,0,0,0,78,2500.0
0.85,EX0,1172,0,0,0,0,0,78,2500.0
0.85,EX0,1173,2,0,0,0,0,78,2500.0
0.85,EX0,1174,3,0,0,0,0,78,2500.0
0.85,EX0,1175,2,0,0,0,0,78,2500.0
0.85,EX0,1176,1,1,1,0,1,78,2500.0
0.85,EX0,1177,5,0,0,0,0,78,2500.0
0.85,EX0,1178,4,0,0,0,0,78,2500.0
0.85,EX0,1179,2,0,0,0,0,78,2500.0
0.85,EX0,1180,1,0,0,0,0,78,2500.0
0.85,EX0,1181,0,0,0,0,0,78,2500.0
0.85,EX0,1182,5,0,0,0,0,78,2500.0
0.85,EX0,1183,1,0,0,0,0,78,2500.0
0.85,EX0,1184,1,0,0,0,0,78,2500.0
0.85,EX0,1215,2,0,0,0,0,81,2500.0
0.85,EX0,1216,2,0,0,0,0,81,2500.0
0.85,EX0,1217,2,0,0,0,0,81,2500.0
0.85,EX0,1218,0,0,0,0,0,81,2500.0
0.85,EX0,1219,3,0,0,0,0,81,2500.0
0.85,EX0,1220,0,0,0,0,0,81,2500.0
0.85,EX0,1221,2,0,0,0,0,81,2500.0
0.85,EX0,1222,1,0,0,0,0,81,2500.0
0.85,EX0,1223,0,0,0,0,0,81,2500.0
0.85,EX0,1224,0,0,0,0,0,81,2500.0
0.85,EX0,1225,1,0,0,0,0,81,2500.0
0.85,EX0,1226,3,0,0,0,0,81,2500.0
0.85,EX0,1227,1,0,0,0,0,81,2500.0
0.85,EX0,1228,4,0,0,0,0,81,2500.0
0.85,EX0,1229,2,0,0,0,0,81,2500.0
0.85,EX0,1230,1,0,0,0,0,82,2500.0
0.85,EX0,1231,1,0,0,0,0,82,2500.0
0.85,EX0,1232,1,0,0,0,0,82,2500.0
0.85,EX0,1233,1,0,0,0,0,82,2500.0
0.85,EX0,1234,0,0,0,0,0,82,2500.0
0.85,EX0,1235,2,0,0,0,0,82,2500.0
0.85,EX0,1236,2,0,0,0,0,82,2500.0
0.85,EX0,1237,0,0,0,0,0,82,2500.0
0.85,EX0,1238,0,0,0,0,0,82,2500.0
0.85,EX0,1239,1,0,0,0,0,82,2500.0
0.85,EX0,1240,4,0,0,0,0,82,2500.0
0.85,EX0,1241,3,0,0,0,0,82,2500.0
0.85,EX0,1242,2,1,1,0,0,82,2500.0
0.85,EX0,1243,3,0,0,0,0,82,2500.0
0.85,EX0,1244,2,0,0,0,0,82,2500.0
0.85,EX0,1290,3,0,0,0,0,86,2500.0
0.85,EX0,1291,1,0,0,0,0,86,2500.0
0.85,EX0,1292,1,0,0,0,0,86,2500.0
0.85,EX0,1293,2,0,0,0,0,86,2500.0
0.85,EX0,1294,2,0,0,0,0,86,2500.0
0.85,EX0,1295,3,0,0,0,0,86,2500.0
0.85,EX0,1296,1,0,0,0,0,86,2500.0
0.85,EX0,1297,2,0,0,0,0,86,2500.0
0.85,EX0,1298,2,0,0,0,0,86,2500.0
0.85,EX0,1299,2,0,0,0,0,86,2500.0
0.85,EX0,1300,2,0,0,0,0,86,2500.0
0.85,EX0,1301,1,0,0,0,0,86,2500.0
0.85,EX0,1302,1,0,0,0,0,86,2500.0
0.85,EX0,1303,1,0,0,0,0,86,2500.0
0.85,EX0,1304,2,0,0,0,0,86,2500.0
0.85,EX0,1350,2,0,0,0,0,90,2500.0
0.85,EX0,1351,2,0,0,0,0,90,2500.0
0.85,EX0,1352,1,0,0,0,0,90,2500.0
0.85,EX0,1353,3,0,0,0,0,90,2500.0
0.85,EX0,1354,5,1,1,0,1,90,2500.0
0.85,EX0,1355,0,0,0,0,0,90,2500.0
0.85,EX0,1356,1,0,0,0,0,90,2500.0
0.85,EX0,1357,1,0,0,0,0,90,2500.0
0.85,EX0,1358,2,0,0,0,0,90,2500.0
0.85,EX0,1359,0,0,0,0,0,90,2500.0
0.85,EX0,1360,2,0,0,0,0,90,2500.0
0.85,EX0,1361,2,0,0,0,0,90,2500.0
0.85,EX0,1362,2,0,0,0,0,90,2500.0
0.85,EX0,1363,1,0,0,0,0,90,2500.0
0.85,EX0,1364,1,0,0,0,0,90,2500.0
0.85,EX0,1515,2,0,0,0,0,101,2500.0
0.85,EX0,1516,1,0,0,0,0,101,2500.0
0.85,EX0,1517,1,0,0,0,0,101,2500.0
0.85,EX0,1518,1,0,0,0,0,101,2500.0
0.85,EX0,1519,0,0,0,0,0,101,2500.0
0.85,EX0,1520,2,0,0,0,0,101,2500.0
0.85,EX0,1521,1,0,0,0,0,101,2500.0
0.85,EX0,1522,0,0,0,0,0,101,2500.0
0.85,EX0,1523,2,0,0,0,0,101,2500.0
0.85,EX0,1524,1,0,0,0,0,101,2500.0
0.85,EX0,1525,3,0,0,0,0,101,2500.0
0.85,EX0,1526,5,0,0,0,0,101,2500.0
0.85,EX0,1527,1,0,0,0,0,101,2500.0
0.85,EX0,1528,1,0,0,0,0,101,2500.0
0.85,EX0,1529,1,0,0,0,0,101,2500.0
0.85,EX0,1620,0,0,0,0,0,108,2500.0
0.85,EX0,1621,1,0,0,0,0,108,2500.0
0.85,EX0,1622,1,0,0,0,0,108,2500.0
0.85,EX0,1623,3,0,0,0,0,108,2500.0
0.85,EX0,1624,2,0,0,0,0,108,2500.0
0.85,EX0,1625,0,0,0,0,0,108,2500.0
0.85,EX0,1626,3,0,0,0,0,108,2500.0
0.85,EX0,1627,5,0,0,0,0,108,2500.0
0.85,EX0,1628,2,0,0,0,0,108,2500.0
0.85,EX0,1629,3,0,0,0,0,108,2500.0
0.85,EX0,1630,1,0,0,0,0,108,2500.0
0.85,EX0,1631,1,0,0,0,0,108,2500.0
0.85,EX0,1632,3,0,0,0,0,108,2500.0
0.85,EX0,1633,0,0,0,0,0,108,2500.0
0.85,EX0,1634,0,0,0,0,0,108,2500.0
0.85,EX0,1635,1,0,0,0,0,109,2500.0
0.85,EX0,1636,1,0,0,0,0,109,2500.0
0.85,EX0,1637,2,0,0,0,0,109,2500.0
0.85,EX0,1638,1,0,0,0,0,109,2500.0
0.85,EX0,1639,1,0,0,0,0,109,2500.0
0.85,EX0,1640,1,0,0,0,0,109,2500.0
0.85,EX0,1641,1,0,0,0,0,109,2500.0
0.85,EX0,1642,3,0,0,0,0,109,2500.0
0.85,EX0,1643,1,0,0,0,0,109,2500.0
0.85,EX0,1644,1,0,0,0,0,109,2500.0
0.85,EX0,1645,4,1,1,0,0,109,2500.0
0.85,EX0,1646,1,0,0,0,0,109,2500.0
0.85,EX0,1647,2,0,0,0,0,109,2500.0
0.85,EX0,1648,1,0,0,0,0,109,2500.0
0.85,EX0,1649,0,0,0,0,0,109,2500.0
0.85,EX0,1650,2,0,0,0,0,110,2500.0
0.85,EX0,1651,1,0,0,0,0,110,2500.0
0.85,EX0,1652,1,0,0,0,0,110,2500.0
0.85,EX0,1653,1,0,0,0,0,110,2500.0
0.85,EX0,1654,1,1,1,0,0,110,2500.0
0.85,EX0,1655,0,0,0,0,0,110,2500.0
0.85,EX0,1656,0,0,0,0,0,110,2500.0
0.85,EX0,1657,2,0,0,0,0,110,2500.0
0.85,EX0,1658,1,0,0,0,0,110,2500.0
0.85,EX0,1659,0,0,0,0,0,110,2500.0
0.85,EX0,1660,0,0,0,0,0,110,2500.0
0.85,EX0,1661,1,1,1,0,1,110,2500.0
0.85,EX0,1662,1,0,0,0,0,110,2500.0
0.85,EX0,1663,2,0,0,0,0,110,2500.0
0.85,EX0,1664,2,0,0,0,0,110,2500.0
0.85,EX0,1770,0,0,0,0,0,118,2500.0
0.85,EX0,1771,0,0,0,0,0,118,2500.0
0.85,EX0,1772,5,0,0,0,0,118,2500.0
0.85,EX0,1773,2,0,0,0,0,118,2500.0
0.85,EX0,1774,0,0,0,0,0,118,2500.0
0.85,EX0,1775,3,0,0,0,0,118,2500.0
0.85,EX0,1776,2,0,0,0,0,118,2500.0
0.85,EX0,1777,0,0,0,0,0,118,2500.0
0.85,EX0,1778,1,0,0,0,0,118,2500.0
0.85,EX0,1779,0,0,0,0,0,118,2500.0
0.85,EX0,1780,2,0,0,0,0,118,2500.0
0.85,EX0,1781,2,0,0,0,0,118,2500.0
0.85,EX0,1782,0,0,0,0,0,118,2500.0
0.85,EX0,1783,1,0,0,0,0,118,2500.0
0.85,EX0,1784,4,0,0,0,0,118,2500.0
0.85,EX0,1800,1,0,0,0,0,120,2500.0
0.85,EX0,1801,1,0,0,0,0,120,2500.0
0.85,EX0,1802,0,0,0,0,0,120,2500.0
0.85,EX0,1803,3,1,1,0,0,120,2500.0
0.85,EX0,1804,1,0,0,0,0,120,2500.0
0.85,EX0,1805,2,0,0,0,0,120,2500.0
0.85,EX0,1806,3,0,0,0,0,120,2500.0
0.85,EX0,1807,1,1,1,0,1,120,2500.0
0.85,EX0,1808,4,0,0,0,0,120,2500.0
0.85,EX0,1809,0,0,0,0,0,120,2500.0
0.85,EX0,1810,0,0,0,0,0,120,2500.0
0.85,EX0,1811,0,0,0,0,0,120,2500.0
0.85,EX0,1812,3,0,0,0,0,120,2500.0
0.85,EX0,1813,1,0,0,0,0,120,2500.0
0.85,EX0,1814,2,0,0,0,0,120,2500.0
0.85,EX0,1965,1,0,0,0,0,131,2500.0
0.85,EX0,1966,1,0,0,0,0,131,2500.0
0.85,EX0,1967,1,0,0,0,0,131,2500.0
0.85,EX0,1968,1,0,0,0,0,131,2500.0
0.85,EX0,1969,1,0,0,0,0,131,2500.0
0.85,EX0,1970,1,0,0,0,0,131,2500.0
0.85,EX0,1971,3,0,0,0,0,131,2500.0
0.85,EX0,1972,3,0,0,0,0,131,2500.0
0.85,EX0,1973,0,0,0,0,0,131,2500.0
0.85,EX0,1974,2,0,0,0,0,131,2500.0
0.85,EX0,1975,1,0,0,0,0,131,2500.0
0.85,EX0,1976,2,0,0,0,0,131,2500.0
0.85,EX0,1977,1,0,0,0,0,131,2500.0
0.85,EX0,1978,3,0,0,0,0,131,2500.0
0.85,EX0,1979,3,0,0,0,0,131,2500.0
0.85,EX0,1980,2,0,0,0,0,132,2500.0
0.85,EX0,1981,2,0,0,0,0,132,2500.0
0.85,EX0,1982,0,0,0,0,0,132,2500.0
0.85,EX0,1983,2,1,1,0,1,132,2500.0
0.85,EX0,1984,0,0,0,0,0,132,2500.0
0.85,EX0,1985,0,0,0,0,0,132,2500.0
0.85,EX0,1986,1,0,0,0,0,132,2500.0
0.85,EX0,1987,1,0,0,0,0,132,2500.0
0.85,EX0,1988,1,0,0,0,0,132,2500.0
0.85,EX0,1989,2,0,0,0,0,132,2500.0
0.85,EX0,1990,1,0,0,0,0,132,2500.0
0.85,EX0,1991,1,0,0,0,0,132,2500.0
0.85,EX0,1992,0,0,0,0,0,132,2500.0
0.85,EX0,1993,1,0,0,0,0,132,2500.0
0.85,EX0,1994,1,0,0,0,0,132,2500.0
0.85,EX0,1995,0,0,0,0,0,133,2500.0
0.85,EX0,1996,0,0,0,0,0,133,2500.0
0.85,EX0,1997,1,0,0,0,0,133,2500.0
0.85,EX0,1998,1,0,0,0,0,133,2500.0
0.85,EX0,1999,2,0,0,0,0,133,2500.0
0.85,EX0,2000,2,0,0,0,0,133,2500.0
0.85,EX0,2001,2,0,0,0,0,133,2500.0
0.85,EX0,2002,0,0,0,0,0,133,2500.0
0.85,EX0,2003,1,0,0,0,0,133,2500.0
0.85,EX0,2004,1,0,0,0,0,133,2500.0
0.85,EX0,2005,2,0,0,0,0,133,2500.0
0.85,EX0,2006,0,0,0,0,0,133,2500.0
0.85,EX0,2007,0,0,0,0,0,133,2500.0
0.85,EX0,2008,1,0,0,0,0,133,2500.0
0.85,EX0,2009,7,0,0,0,0,133,2500.0
0.85,EX0,2025,2,0,0,0,0,135,2500.0
0.85,EX0,2026,1,0,0,0,0,135,2500.0
0.85,EX0,2027,1,0,0,0,0,135,2500.0
0.85,EX0,2028,2,0,0,0,0,135,2500.0
0.85,EX0,2029,0,0,0,0,0,135,2500.0
0.85,EX0,2030,0,0,0,0,0,135,2500.0
0.85,EX0,2031,1,0,0,0,0,135,2500.0
0.85,EX0,2032,3,0,0,0,0,135,2500.0
0.85,EX0,2033,1,0,0,0,0,135,2500.0
0.85,EX0,2034,1,0,0,0,0,135,2500.0
0.85,EX0,2035,2,0,0,0,0,135,2500.0
0.85,EX0,2036,0,0,0,0,0,135,2500.0
0.85,EX0,2037,3,0,0,0,0,135,2500.0
0.85,EX0,2038,1,0,0,0,0,135,2500.0
0.85,EX0,2039,2,0,0,0,0,135,2500.0
0.85,EX0,2040,2,0,0,0,0,136,2500.0
0.85,EX0,2041,1,0,0,0,0,136,2500.0
0.85,EX0,2042,2,1,1,0,1,136,2500.0
0.85,EX0,2043,0,0,0,0,0,136,2500.0
0.85,EX0,2044,4,0,0,0,0,136,2500.0
0.85,EX0,2045,0,0,0,0,0,136,2500.0
0.85,EX0,2046,0,0,0,0,0,136,2500.0
0.85,EX0,2047,0,0,0,0,0,136,2500.0
0.85,EX0,2048,2,0,0,0,0,136,2500.0
0.85,EX0,2049,0,0,0,0,0,136,2500.0
0.85,EX0,2050,2,0,0,0,0,136,2500.0
0.85,EX0,2051,4,0,0,0,0,136,2500.0
0.85,EX0,2052,1,0,0,0,0,136,2500.0
0.85,EX0,2053,5,0,0,0,0,136,2500.0
0.85,EX0,2054,1,0,0,0,0,136,2500.0
0.85,EX0,2220,2,0,0,0,0,148,2500.0
0.85,EX0,2221,1,0,0,0,0,148,2500.0
0.85,EX0,2222,4,0,0,0,0,148,2500.0
0.85,EX0,2223,0,0,0,0,0,148,2500.0
0.85,EX0,2224,4,0,0,0,0,148,2500.0
0.85,EX0,2225,3,0,0,0,0,148,2500.0
0.85,EX0,2226,0,0,0,0,0,148,2500.0
0.85,EX0,2227,4,0,0,0,0,148,2500.0
0.85,EX0,2228,1,0,0,0,0,148,2500.0
0.85,EX0,2229,4,0,0,0,0,148,2500.0
0.85,EX0,2230,2,0,0,0,0,148,2500.0
0.85,EX0,2231,2,0,0,0,0,148,2500.0
0.85,EX0,2232,4,0,0,0,0,148,2500.0
0.85,EX0,2233,1,0,0,0,0,148,2500.0
0.85,EX0,2234,1,0,0,0,0,148,2500.0
0.85,EX0,2325,0,0,0,0,0,155,2500.0
0.85,EX0,2326,0,0,0,0,0,155,2500.0
0.85,EX0,2327,0,0,0,0,0,155,2500.0
0.85,EX0,2328,1,0,0,0,0,155,2500.0
0.85,EX0,2329,1,0,0,0,0,155,2500.0
0.85,EX0,2330,4,0,0,0,0,155,2500.0
0.85,EX0,2331,0,0,0,0,0,155,2500.0
0.85,EX0,2332,0,0,0,0,0,155,2500.0
0.85,EX0,2333,1,0,0,0,0,155,2500.0
0.85,EX0,2334,0,0,0,0,0,155,2500.0
0.85,EX0,2335,1,0,0,0,0,155,2500.0
0.85,EX0,2336,1,0,0,0,0,155,2500.0
0.85,EX0,2337,1,0,0,0,0,155,2500.0
0.85,EX0,2338,3,0,0,0,0,155,2500.0
0.85,EX0,2339,4,1,1,0,0,155,2500.0
0.85,EX0,2370,1,0,0,0,0,158,2500.0
0.85,EX0,2371,3,0,0,0,0,158,2500.0
0.85,EX0,2372,3,0,0,0,0,158,2500.0
0.85,EX0,2373,0,0,0,0,0,158,2500.0
0.85,EX0,2374,0,0,0,0,0,158,2500.0
0.85,EX0,2375,5,0,0,0,0,158,2500.0
0.85,EX0,2376,0,0,0,0,0,158,2500.0
0.85,EX0,2377,2,0,0,0,0,158,2500.0
0.85,EX0,2378,2,0,0,0,0,158,2500.0
0.85,EX0,2379,2,0,0,0,0,158,2500.0
0.85,EX0,2380,2,0,0,0,0,158,2500.0
0.85,EX0,2381,1,0,0,0,0,158,2500.0
0.85,EX0,2382,2,0,0,0,0,158,2500.0
0.85,EX0,2383,2,0,0,0,0,158,2500.0
0.85,EX0,2384,3,0,0,0,0,158,2500.0
0.85,EX0,2460,1,0,0,0,0,164,2500.0
0.85,EX0,2461,2,1,1,0,0,164,2500.0
0.85,EX0,2462,3,0,0,0,0,164,2500.0
0.85,EX0,2463,2,0,0,0,0,164,2500.0
0.85,EX0,2464,1,0,0,0,0,164,2500.0
0.85,EX0,2465,0,0,0,0,0,164,2500.0
0.85,EX0,2466,0,0,0,0,0,164,2500.0
0.85,EX0,2467,2,0,0,0,0,164,2500.0
0.85,EX0,2468,1,0,0,0,0,164,2500.0
0.85,EX0,2469,1,0,0,0,0,164,2500.0
0.85,EX0,2470,1,1,1,0,1,164,2500.0
0.85,EX0,2471,2,0,0,0,0,164,2500.0
0.85,EX0,2472,3,1,1,0,0,164,2500.0
0.85,EX0,2473,2,0,0,0,0,164,2500.0
0.85,EX0,2474,1,0,0,0,0,164,2500.0
0.85,EX0,2475,0,0,0,0,0,165,2500.0
0.85,EX0,2476,1,0,0,0,0,165,2500.0
0.85,EX0,2477,2,0,0,0,0,165,2500.0
0.85,EX0,2478,1,0,0,0,0,165,2500.0
0.85,EX0,2479,4,1,1,0,0,165,2500.0
0.85,EX0,2480,2,0,0,0,0,165,2500.0
0.85,EX0,2481,0,0,0,0,0,165,2500.0
0.85,EX0,2482,0,0,0,0,0,165,2500.0
0.85,EX0,2483,2,0,0,0,0,165,2500.0
0.85,EX0,2484,4,0,0,0,0,165,2500.0
0.85,EX0,2485,0,0,0,0,0,165,2500.0
0.85,EX0,2486,3,1,1,0,1,165,2500.0
0.85,EX0,2487,0,0,0,0,0,165,2500.0
0.85,EX0,2488,2,0,0,0,0,165,2500.0
0.85,EX0,2489,1,0,0,0,0,165,2500.0
0.85,EX0,2640,2,0,0,0,0,176,2500.0
0.85,EX0,2641,2,0,0,0,0,176,2500.0
0.85,EX0,2642,2,0,0,0,0,176,2500.0
0.85,EX0,2643,2,0,0,0,0,176,2500.0
0.85,EX0,2644,2,0,0,0,0,176,2500.0
0.85,EX0,2645,3,0,0,0,0,176,2500.0
0.85,EX0,2646,2,0,0,0,0,176,2500.0
0.85,EX0,2647,3,0,0,0,0,176,2500.0
0.85,EX0,2648,2,0,0,0,0,176,2500.0
0.85,EX0,2649,3,1,1,0,0,176,2500.0
0.85,EX0,2650,1,0,0,0,0,176,2500.0
0.85,EX0,2651,4,0,0,0,0,176,2500.0
0.85,EX0,2652,1,0,0,0,0,176,2500.0
0.85,EX0,2653,2,0,0,0,0,176,2500.0
0.85,EX0,2654,2,0,0,0,0,176,2500.0
0.85,EX0,2715,1,0,0,0,0,181,2500.0
0.85,EX0,2716,2,0,0,0,0,181,2500.0
0.85,EX0,2717,0,0,0,0,0,181,2500.0
0.85,EX0,2718,4,1,1,0,0,181,2500.0
0.85,EX0,2719,3,0,0,0,0,181,2500.0
0.85,EX0,2720,3,0,0,0,0,181,2500.0
0.85,EX0,2721,2,0,0,0,0,181,2500.0
0.85,EX0,2722,2,0,0,0,0,181,2500.0
0.85,EX0,2723,0,0,0,0,0,181,2500.0
0.85,EX0,2724,1,0,0,0,0,181,2500.0
0.85,EX0,2725,1,0,0,0,0,181,2500.0
0.85,EX0,2726,0,0,0,0,0,181,2500.0
0.85,EX0,2727,2,0,0,0,0,181,2500.0
0.85,EX0,2728,0,0,0,0,0,181,2500.0
0.85,EX0,2729,0,0,0,0,0,181,2500.0
0.85,EX0,2730,1,1,1,0,0,182,2500.0
0.85,EX0,2731,1,0,0,0,0,182,2500.0
0.85,EX0,2732,4,0,0,0,0,182,2500.0
0.85,EX0,2733,1,0,0,0,0,182,2500.0
0.85,EX0,2734,1,0,0,0,0,182,2500.0
0.85,EX0,2735,0,0,0,0,0,182,2500.0
0.85,EX0,2736,1,0,0,0,0,182,2500.0
0.85,EX0,2737,2,0,0,0,0,182,2500.0
0.85,EX0,2738,0,0,0,0,0,182,2500.0
0.85,EX0,2739,0,0,0,0,0,182,2500.0
0.85,EX0,2740,1,0,0,0,0,182,2500.0
0.85,EX0,2741,6,0,0,0,0,182,2500.0
0.85,EX0,2742,0,0,0,0,0,182,2500.0
0.85,EX0,2743,2,0,0,0,0,182,2500.0
0.85,EX0,2744,1,0,0,0,0,182,2500.0
0.85,EX0,2880,1,0,0,0,0,192,2500.0
0.85,EX0,2881,3,0,0,0,0,192,2500.0
0.85,EX0,2882,1,0,0,0,0,192,2500.0
0.85,EX0,2883,1,0,0,0,0,192,2500.0
0.85,EX0,2884,0,0,0,0,0,192,2500.0
0.85,EX0,2885,1,0,0,0,0,192,2500.0
0.85,EX0,2886,0,0,0,0,0,192,2500.0
0.85,EX0,2887,1,0,0,0,0,192,2500.0
0.85,EX0,2888,3,0,0,0,0,192,2500.0
0.85,EX0,2889,1,0,0,0,0,192,2500.0
0.85,EX0,2890,2,0,0,0,0,192,2500.0
0.85,EX0,2891,4,0,0,0,0,192,2500.0
0.85,EX0,2892,1,0,0,0,0,192,2500.0
0.85,EX0,2893,2,0,0,0,0,192,2500.0
0.85,EX0,2894,1,0,0,0,0,192,2500.0
0.85,EX0,2985,3,0,0,0,0,199,2500.0
0.85,EX0,2986,1,0,0,0,0,199,2500.0
0.85,EX0,2987,2,0,0,0,0,199,2500.0
0.85,EX0,2988,1,0,0,0,0,199,2500.0
0.85,EX0,2989,1,0,0,0,0,199,2500.0
0.85,EX0,2990,0,0,0,0,0,199,2500.0
0.85,EX0,2991,0,0,0,0,0,199,2500.0
0.85,EX0,2992,2,0,0,0,0,199,2500.0
0.85,EX0,2993,1,0,0,0,0,199,2500.0
0.85,EX0,2994,1,0,0,0,0,199,2500.0
0.85,EX0,2995,3,1,1,0,1,199,2500.0
0.85,EX0,2996,1,0,0,0,0,199,2500.0
0.85,EX0,2997,0,0,0,0,0,199,2500.0
0.85,EX0,2998,3,0,0,0,0,199,2500.0
0.85,EX0,2999,1,0,0,0,0,199,2500.0
0.85,EX0,3060,0,0,0,0,0,204,2500.0
0.85,EX0,3061,0,0,0,0,0,204,2500.0
0.85,EX0,3062,2,0,0,0,0,204,2500.0
0.85,EX0,3063,2,0,0,0,0,204,2500.0
0.85,EX0,3064,1,0,0,0,0,204,2500.0
0.85,EX0,3065,1,0,0,0,0,204,2500.0
0.85,EX0,3066,2,0,0,0,0,204,2500.0
0.85,EX0,3067,2,0,0,0,0,204,2500.0
0.85,EX0,3068,2,0,0,0,0,204,2500.0
0.85,EX0,3069,1,0,0,0,0,204,2500.0
0.85,EX0,3070,1,0,0,0,0,204,2500.0
0.85,EX0,3071,0,0,0,0,0,204,2500.0
0.85,EX0,3072,2,0,0,0,0,204,2500.0
0.85,EX0,3073,1,0,0,0,0,204,2500.0
0.85,EX0,3074,1,0,0,0,0,204,2500.0
0.85,EX0,3135,1,0,0,0,0,209,2500.0
0.85,EX0,3136,3,0,0,0,0,209,2500.0
0.85,EX0,3137,0,0,0,0,0,209,2500.0
0.85,EX0,3138,2,0,0,0,0,209,2500.0
0.85,EX0,3139,3,0,0,0,0,209,2500.0
0.85,EX0,3140,3,0,0,0,0,209,2500.0
0.85,EX0,3141,4,0,0,0,0,209,2500.0
0.85,EX0,3142,1,0,0,0,0,209,2500.0
0.85,EX0,3143,0,0,0,0,0,209,2500.0
0.85,EX0,3144,3,0,0,0,0,209,2500.0
0.85,EX0,3145,2,0,0,0,0,209,2500.0
0.85,EX0,3146,0,0,0,0,0,209,2500.0
0.85,EX0,3147,3,0,0,0,0,209,2500.0
0.85,EX0,3148,2,0,0,0,0,209,2500.0
0.85,EX0,3149,0,0,0,0,0,209,2500.0
0.85,EX0,3150,2,0,0,0,0,210,2500.0
0.85,EX0,3151,2,0,0,0,0,210,2500.0
0.85,EX0,3152,0,0,0,0,0,210,2500.0
0.85,EX0,3153,4,0,0,0,0,210,2500.0
0.85,EX0,3154,1,0,0,0,0,210,2500.0
0.85,EX0,3155,3,3,3,0,1,210,2500.0
0.85,EX0,3156,1,0,0,0,0,210,2500.0
0.85,EX0,3157,2,0,0,0,0,210,2500.0
0.85,EX0,3158,1,0,0,0,0,210,2500.0
0.85,EX0,3159,1,0,0,0,0,210,2500.0
0.85,EX0,3160,5,0,0,0,0,210,2500.0
0.85,EX0,3161,0,0,0,0,0,210,2500.0
0.85,EX0,3162,1,0,0,0,0,210,2500.0
0.85,EX0,3163,6,1,0,1,0,210,2500.0
0.85,EX0,3164,1,0,0,0,0,210,2500.0
0.85,EX0,3165,3,0,0,0,0,211,2500.0
0.85,EX0,3166,0,0,0,0,0,211,2500.0
0.85,EX0,3167,2,0,0,0,0,211,2500.0
0.85,EX0,3168,1,0,0,0,0,211,2500.0
0.85,EX0,3169,2,0,0,0,0,211,2500.0
0.85,EX0,3170,4,0,0,0,0,211,2500.0
0.85,EX0,3171,4,0,0,0,0,211,2500.0
0.85,EX0,3172,3,0,0,0,0,211,2500.0
0.85,EX0,3173,2,1,1,0,1,211,2500.0
0.85,EX0,3174,1,0,0,0,0,211,2500.0
0.85,EX0,3175,0,0,0,0,0,211,2500.0
0.85,EX0,3176,0,0,0,0,0,211,2500.0
0.85,EX0,3177,1,0,0,0,0,211,2500.0
0.85,EX0,3178,3,0,0,0,0,211,2500.0
0.85,EX0,3179,0,0,0,0,0,211,2500.0
0.85,EX0,3195,1,1,1,0,1,213,2500.0
0.85,EX0,3196,2,0,0,0,0,213,2500.0
0.85,EX0,3197,0,0,0,0,0,213,2500.0
0.85,EX0,3198,2,0,0,0,0,213,2500.0
0.85,EX0,3199,3,0,0,0,0,213,2500.0
0.85,EX0,3200,2,0,0,0,0,213,2500.0
0.85,EX0,3201,1,0,0,0,0,213,2500.0
0.85,EX0,3202,0,0,0,0,0,213,2500.0
0.85,EX0,3203,2,1,1,0,1,213,2500.0
0.85,EX0,3204,1,0,0,0,0,213,2500.0
0.85,EX0,3205,4,0,0,0,0,213,2500.0
0.85,EX0,3206,2,0,0,0,0,213,2500.0
0.85,EX0,3207,2,1,1,0,1,213,2500.0
0.85,EX0,3208,2,0,0,0,0,213,2500.0
0.85,EX0,3209,1,0,0,0,0,213,2500.0
0.85,EX0,3270,2,0,0,0,0,218,2500.0
0.85,EX0,3271,2,0,0,0,0,218,2500.0
0.85,EX0,3272,2,0,0,0,0,218,2500.0
0.85,EX0,3273,2,0,0,0,0,218,2500.0
0.85,EX0,3274,6,0,0,0,0,218,2500.0
0.85,EX0,3275,1,0,0,0,0,218,2500.0
0.85,EX0,3276,6,0,0,0,0,218,2500.0
0.85,EX0,3277,0,0,0,0,0,218,2500.0
0.85,EX0,3278,3,0,0,0,0,218,2500.0
0.85,EX0,3279,1,0,0,0,0,218,2500.0
0.85,EX0,3280,4,0,0,0,0,218,2500.0
0.85,EX0,3281,0,0,0,0,0,218,2500.0
0.85,EX0,3282,0,0,0,0,0,218,2500.0
0.85,EX0,3283,1,0,0,0,0,218,2500.0
0.85,EX0,3284,0,0,0,0,0,218,2500.0
0.85,EX0,3300,3,1,0,1,0,220,2500.0
0.85,EX0,3301,0,0,0,0,0,220,2500.0
0.85,EX0,3302,0,0,0,0,0,220,2500.0
0.85,EX0,3303,3,1,1,0,0,220,2500.0
0.85,EX0,3304,0,0,0,0,0,220,2500.0
0.85,EX0,3305,1,0,0,0,0,220,2500.0
0.85,EX0,3306,0,0,0,0,0,220,2500.0
0.85,EX0,3307,1,0,0,0,0,220,2500.0
0.85,EX0,3308,3,0,0,0,0,220,2500.0
0.85,EX0,3309,0,0,0,0,0,220,2500.0
0.85,EX0,3310,1,0,0,0,0,220,2500.0
0.85,EX0,3311,4,1,1,0,1,220,2500.0
0.85,EX0,3312,1,0,0,0,0,220,2500.0
0.85,EX0,3313,0,0,0,0,0,220,2500.0
0.85,EX0,3314,0,0,0,0,0,220,2500.0
0.85,EX0,3405,3,0,0,0,0,227,2500.0
0.85,EX0,3406,2,0,0,0,0,227,2500.0
0.85,EX0,3407,0,0,0,0,0,227,2500.0
0.85,EX0,3408,0,0,0,0,0,227,2500.0
0.85,EX0,3409,2,0,0,0,0,227,2500.0
0.85,EX0,3410,2,0,0,0,0,227,2500.0
0.85,EX0,3411,0,0,0,0,0,227,2500.0
0.85,EX0,3412,2,0,0,0,0,227,2500.0
0.85,EX0,3413,1,0,0,0,0,227,2500.0
0.85,EX0,3414,2,0,0,0,0,227,2500.0
0.85,EX0,3415,2,0,0,0,0,227,2500.0
0.85,EX0,3416,3,0,0,0,0,227,2500.0
0.85,EX0,3417,3,0,0,0,0,227,2500.0
0.85,EX0,3418,1,0,0,0,0,227,2500.0
0.85,EX0,3419,2,0,0,0,0,227,2500.0
0.85,EX0,3525,1,0,0,0,0,235,2500.0
0.85,EX0,3526,2,1,1,0,0,235,2500.0
0.85,EX0,3527,2,0,0,0,0,235,2500.0
0.85,EX0,3528,3,0,0,0,0,235,2500.0
0.85,EX0,3529,2,0,0,0,0,235,2500.0
0.85,EX0,3530,1,0,0,0,0,235,2500.0
0.85,EX0,3531,0,0,0,0,0,235,2500.0
0.85,EX0,3532,3,1,1,0,1,235,2500.0
0.85,EX0,3533,2,1,1,0,0,235,2500.0
0.85,EX0,3534,1,0,0,0,0,235,2500.0
0.85,EX0,3535,1,0,0,0,0,235,2500.0
0.85,EX0,3536,2,0,0,0,0,235,2500.0
0.85,EX0,3537,1,0,0,0,0,235,2500.0
0.85,EX0,3538,3,0,0,0,0,235,2500.0
0.85,EX0,3539,2,0,0,0,0,235,2500.0
0.85,EX0,3660,3,0,0,0,0,244,2500.0
0.85,EX0,3661,8,0,0,0,0,244,2500.0
0.85,EX0,3662,2,0,0,0,0,244,2500.0
0.85,EX0,3663,0,0,0,0,0,244,2500.0
0.85,EX0,3664,2,1,1,0,1,244,2500.0
0.85,EX0,3665,1,0,0,0,0,244,2500.0
0.85,EX0,3666,1,0,0,0,0,244,2500.0
0.85,EX0,3667,0,0,0,0,0,244,2500.0
0.85,EX0,3668,3,0,0,0,0,244,2500.0
0.85,EX0,3669,2,0,0,0,0,244,2500.0
0.85,EX0,3670,3,0,0,0,0,244,2500.0
0.85,EX0,3671,0,0,0,0,0,244,2500.0
0.85,EX0,3672,1,0,0,0,0,244,2500.0
0.85,EX0,3673,2,0,0,0,0,244,2500.0
0.85,EX0,3674,0,0,0,0,0,244,2500.0
0.85,EX0,3735,1,0,0,0,0,249,2500.0
0.85,EX0,3736,2,0,0,0,0,249,2500.0
0.85,EX0,3737,0,0,0,0,0,249,2500.0
0.85,EX0,3738,2,0,0,0,0,249,2500.0
0.85,EX0,3739,3,0,0,0,0,249,2500.0
0.85,EX0,3740,2,0,0,0,0,249,2500.0
0.85,EX0,3741,4,0,0,0,0,249,2500.0
0.85,EX0,3742,1,0,0,0,0,249,2500.0
0.85,EX0,3743,1,0,0,0,0,249,2500.0
0.85,EX0,3744,1,0,0,0,0,249,2500.0
0.85,EX0,3745,3,0,0,0,0,249,2500.0
0.85,EX0,3746,1,0,0,0,0,249,2500.0
0.85,EX0,3747,0,0,0,0,0,249,2500.0
0.85,EX0,3748,0,0,0,0,0,249,2500.0
0.85,EX0,3749,2,0,0,0,0,249,2500.0
0.85,EX0,3750,4,0,0,0,0,250,2500.0
0.85,EX0,3751,3,1,1,0,1,250,2500.0
0.85,EX0,3752,1,0,0,0,0,250,2500.0
0.85,EX0,3753,2,0,0,0,0,250,2500.0
0.85,EX0,3754,0,0,0,0,0,250,2500.0
0.85,EX0,3755,1,0,0,0,0,250,2500.0
0.85,EX0,3756,1,0,0,0,0,250,2500.0
0.85,EX0,3757,4,0,0,0,0,250,2500.0
0.85,EX0,3758,1,0,0,0,0,250,2500.0
0.85,EX0,3759,0,0,0,0,0,250,2500.0
0.85,EX0,3760,1,0,0,0,0,250,2500.0
0.85,EX0,3761,1,0,0,0,0,250,2500.0
0.85,EX0,3762,1,0,0,0,0,250,2500.0
0.85,EX0,3763,3,0,0,0,0,250,2500.0
0.85,EX0,3764,1,0,0,0,0,250,2500.0
0.85,EX0,3840,1,0,0,0,0,256,2500.0
0.85,EX0,3841,1,0,0,0,0,256,2500.0
0.85,EX0,3842,0,0,0,0,0,256,2500.0
0.85,EX0,3843,1,0,0,0,0,256,2500.0
0.85,EX0,3844,2,0,0,0,0,256,2500.0
0.85,EX0,3845,1,0,0,0,0,256,2500.0
0.85,EX0,3846,2,1,1,0,1,256,2500.0
0.85,EX0,3847,2,0,0,0,0,256,2500.0
0.85,EX0,3848,2,1,1,0,1,256,2500.0
0.85,EX0,3849,1,0,0,0,0,256,2500.0
0.85,EX0,3850,5,0,0,0,0,256,2500.0
0.85,EX0,3851,0,0,0,0,0,256,2500.0
0.85,EX0,3852,1,0,0,0,0,256,2500.0
0.85,EX0,3853,1,0,0,0,0,256,2500.0
0.85,EX0,3854,3,0,0,0,0,256,2500.0
0.85,EX0,3900,1,1,1,0,1,260,2500.0
0.85,EX0,3901,1,0,0,0,0,260,2500.0
0.85,EX0,3902,1,0,0,0,0,260,2500.0
0.85,EX0,3903,1,0,0,0,0,260,2500.0
0.85,EX0,3904,0,0,0,0,0,260,2500.0
0.85,EX0,3905,2,0,0,0,0,260,2500.0
0.85,EX0,3906,0,0,0,0,0,260,2500.0
0.85,EX0,3907,1,0,0,0,0,260,2500.0
0.85,EX0,3908,3,0,0,0,0,260,2500.0
0.85,EX0,3909,0,0,0,0,0,260,2500.0
0.85,EX0,3910,0,0,0,0,0,260,2500.0
0.85,EX0,3911,3,0,0,0,0,260,2500.0
0.85,EX0,3912,1,0,0,0,0,260,2500.0
0.85,EX0,3913,5,1,1,0,0,260,2500.0
0.85,EX0,3914,4,0,0,0,0,260,2500.0
0.85,EX0,4065,0,0,0,0,0,271,2500.0
0.85,EX0,4066,5,0,0,0,0,271,2500.0
0.85,EX0,4067,0,0,0,0,0,271,2500.0
0.85,EX0,4068,2,0,0,0,0,271,2500.0
0.85,EX0,4069,4,0,0,0,0,271,2500.0
0.85,EX0,4070,0,0,0,0,0,271,2500.0
0.85,EX0,4071,0,0,0,0,0,271,2500.0
0.85,EX0,4072,5,0,0,0,0,271,2500.0
0.85,EX0,4073,1,0,0,0,0,271,2500.0
0.85,EX0,4074,3,1,1,0,0,271,2500.0
0.85,EX0,4075,0,0,0,0,0,271,2500.0
0.85,EX0,4076,0,0,0,0,0,271,2500.0
0.85,EX0,4077,0,0,0,0,0,271,2500.0
0.85,EX0,4078,1,0,0,0,0,271,2500.0
0.85,EX0,4079,1,0,0,0,0,271,2500.0
0.85,EX0,4215,2,0,0,0,0,281,2500.0
0.85,EX0,4216,3,0,0,0,0,281,2500.0
0.85,EX0,4217,2,0,0,0,0,281,2500.0
0.85,EX0,4218,3,0,0,0,0,281,2500.0
0.85,EX0,4219,1,0,0,0,0,281,2500.0
0.85,EX0,4220,1,0,0,0,0,281,2500.0
0.85,EX0,4221,0,0,0,0,0,281,2500.0
0.85,EX0,4222,2,0,0,0,0,281,2500.0
0.85,EX0,4223,1,0,0,0,0,281,2500.0
0.85,EX0,4224,2,0,0,0,0,281,2500.0
0.85,EX0,4225,1,0,0,0,0,281,2500.0
0.85,EX0,4226,3,1,1,0,1,281,2500.0
0.85,EX0,4227,3,0,0,0,0,281,2500.0
0.85,EX0,4228,4,0,0,0,0,281,2500.0
0.85,EX0,4229,0,0,0,0,0,281,2500.0
0.85,EX0,4260,1,0,0,0,0,284,2500.0
0.85,EX0,4261,1,0,0,0,0,284,2500.0
0.85,EX0,4262,3,0,0,0,0,284,2500.0
0.85,EX0,4263,0,0,0,0,0,284,2500.0
0.85,EX0,4264,3,0,0,0,0,284,2500.0
0.85,EX0,4265,2,0,0,0,0,284,2500.0
0.85,EX0,4266,0,0,0,0,0,284,2500.0
0.85,EX0,4267,0,0,0,0,0,284,2500.0
0.85,EX0,4268,0,0,0,0,0,284,2500.0
0.85,EX0,4269,2,0,0,0,0,284,2500.0
0.85,EX0,4270,2,1,1,0,1,284,2500.0
0.85,EX0,4271,0,0,0,0,0,284,2500.0
0.85,EX0,4272,4,0,0,0,0,284,2500.0
0.85,EX0,4273,3,0,0,0,0,284,2500.0
0.85,EX0,4274,0,0,0,0,0,284,2500.0
0.85,EX0,4290,1,0,0,0,0,286,2500.0
0.85,EX0,4291,3,0,0,0,0,286,2500.0
0.85,EX0,4292,1,0,0,0,0,286,2500.0
0.85,EX0,4293,0,0,0,0,0,286,2500.0
0.85,EX0,4294,0,0,0,0,0,286,2500.0
0.85,EX0,4295,1,0,0,0,0,286,2500.0
0.85,EX0,4296,0,0,0,0,0,286,2500.0
0.85,EX0,4297,3,0,0,0,0,286,2500.0
0.85,EX0,4298,5,0,0,0,0,286,2500.0
0.85,EX0,4299,1,0,0,0,0,286,2500.0
0.85,EX0,4300,3,0,0,0,0,286,2500.0
0.85,EX0,4301,1,0,0,0,0,286,2500.0
0.85,EX0,4302,2,1,1,0,0,286,2500.0
0.85,EX0,4303,1,0,0,0,0,286,2500.0
0.85,EX0,4304,2,0,0,0,0,286,2500.0
0.85,EX0,4365,2,0,0,0,0,291,2500.0
0.85,EX0,4366,1,0,0,0,0,291,2500.0
0.85,EX0,4367,1,0,0,0,0,291,2500.0
0.85,EX0,4368,0,0,0,0,0,291,2500.0
0.85,EX0,4369,1,1,1,0,1,291,2500.0
0.85,EX0,4370,2,0,0,0,0,291,2500.0
0.85,EX0,4371,0,0,0,0,0,291,2500.0
0.85,EX0,4372,3,0,0,0,0,291,2500.0
0.85,EX0,4373,1,0,0,0,0,291,2500.0
0.85,EX0,4374,3,0,0,0,0,291,2500.0
0.85,EX0,4375,2,0,0,0,0,291,2500.0
0.85,EX0,4376,2,0,0,0,0,291,2500.0
0.85,EX0,4377,0,0,0,0,0,291,2500.0
0.85,EX0,4378,1,0,0,0,0,291,2500.0
0.85,EX0,4379,2,0,0,0,0,291,2500.0
0.85,EX0,4380,0,0,0,0,0,292,2500.0
0.85,EX0,4381,0,0,0,0,0,292,2500.0
0.85,EX0,4382,0,0,0,0,0,292,2500.0
0.85,EX0,4383,4,0,0,0,0,292,2500.0
0.85,EX0,4384,1,0,0,0,0,292,2500.0
0.85,EX0,4385,3,0,0,0,0,292,2500.0
0.85,EX0,4386,0,0,0,0,0,292,2500.0
0.85,EX0,4387,1,0,0,0,0,292,2500.0
0.85,EX0,4388,1,0,0,0,0,292,2500.0
0.85,EX0,4389,3,0,0,0,0,292,2500.0
0.85,EX0,4390,0,0,0,0,0,292,2500.0
0.85,EX0,4391,2,0,0,0,0,292,2500.0
0.85,EX0,4392,2,0,0,0,0,292,2500.0
0.85,EX0,4393,6,0,0,0,0,292,2500.0
0.85,EX0,4394,2,0,0,0,0,292,2500.0
0.85,EX0,4440,0,0,0,0,0,296,2500.0
0.85,EX0,4441,2,1,1,0,1,296,2500.0
0.85,EX0,4442,2,0,0,0,0,296,2500.0
0.85,EX0,4443,0,0,0,0,0,296,2500.0
0.85,EX0,4444,1,0,0,0,0,296,2500.0
0.85,EX0,4445,0,0,0,0,0,296,2500.0
0.85,EX0,4446,2,0,0,0,0,296,2500.0
0.85,EX0,4447,1,0,0,0,0,296,2500.0
0.85,EX0,4448,0,0,0,0,0,296,2500.0
0.85,EX0,4449,1,0,0,0,0,296,2500.0
0.85,EX0,4450,2,0,0,0,0,296,2500.0
0.85,EX0,4451,4,0,0,0,0,296,2500.0
0.85,EX0,4452,1,0,0,0,0,296,2500.0
0.85,EX0,4453,0,0,0,0,0,296,2500.0
0.85,EX0,4454,1,0,0,0,0,296,2500.0
0.85,EX0,4530,1,0,0,0,0,302,2500.0
0.85,EX0,4531,3,0,0,0,0,302,2500.0
0.85,EX0,4532,0,0,0,0,0,302,2500.0
0.85,EX0,4533,2,0,0,0,0,302,2500.0
0.85,EX0,4534,6,0,0,0,0,302,2500.0
0.85,EX0,4535,4,0,0,0,0,302,2500.0
0.85,EX0,4536,0,0,0,0,0,302,2500.0
0.85,EX0,4537,2,0,0,0,0,302,2500.0
0.85,EX0,4538,1,0,0,0,0,302,2500.0
0.85,EX0,4539,1,0,0,0,0,302,2500.0
0.85,EX0,4540,4,0,0,0,0,302,2500.0
0.85,EX0,4541,2,0,0,0,0,302,2500.0
0.85,EX0,4542,3,0,0,0,0,302,2500.0
0.85,EX0,4543,0,0,0,0,0,302,2500.0
0.85,EX0,4544,3,0,0,0,0,302,2500.0
0.85,EX0,4560,2,0,0,0,0,304,2500.0
0.85,EX0,4561,2,0,0,0,0,304,2500.0
0.85,EX0,4562,4,0,0,0,0,304,2500.0
0.85,EX0,4563,1,0,0,0,0,304,2500.0
0.85,EX0,4564,1,0,0,0,0,304,2500.0
0.85,EX0,4565,1,0,0,0,0,304,2500.0
0.85,EX0,4566,2,0,0,0,0,304,2500.0
0.85,EX0,4567,1,0,0,0,0,304,2500.0
0.85,EX0,4568,2,0,0,0,0,304,2500.0
0.85,EX0,4569,2,0,0,0,0,304,2500.0
0.85,EX0,4570,1,0,0,0,0,304,2500.0
0.85,EX0,4571,1,0,0,0,0,304,2500.0
0.85,EX0,4572,2,0,0,0,0,304,2500.0
0.85,EX0,4573,2,0,0,0,0,304,2500.0
0.85,EX0,4574,2,0,0,0,0,304,2500.0
0.85,EX0,4650,1,0,0,0,0,310,2500.0
0.85,EX0,4651,0,0,0,0,0,310,2500.0
0.85,EX0,4652,1,0,0,0,0,310,2500.0
0.85,EX0,4653,0,0,0,0,0,310,2500.0
0.85,EX0,4654,1,0,0,0,0,310,2500.0
0.85,EX0,4655,3,0,0,0,0,310,2500.0
0.85,EX0,4656,1,0,0,0,0,310,2500.0
0.85,EX0,4657,0,0,0,0,0,310,2500.0
0.85,EX0,4658,1,0,0,0,0,310,2500.0
0.85,EX0,4659,1,0,0,0,0,310,2500.0
0.85,EX0,4660,1,0,0,0,0,310,2500.0
0.85,EX0,4661,2,0,0,0,0,310,2500.0
0.85,EX0,4662,2,0,0,0,0,310,2500.0
0.85,EX0,4663,0,0,0,0,0,310,2500.0
0.85,EX0,4664,1,1,1,0,1,310,2500.0
0.85,EX0,4710,1,1,1,0,1,314,2500.0
0.85,EX0,4711,1,0,0,0,0,314,2500.0
0.85,EX0,4712,3,0,0,0,0,314,2500.0
0.85,EX0,4713,1,0,0,0,0,314,2500.0
0.85,EX0,4714,1,0,0,0,0,314,2500.0
0.85,EX0,4715,0,0,0,0,0,314,2500.0
0.85,EX0,4716,2,0,0,0,0,314,2500.0
0.85,EX0,4717,0,0,0,0,0,314,2500.0
0.85,EX0,4718,3,0,0,0,0,314,2500.0
0.85,EX0,4719,2,0,0,0,0,314,2500.0
0.85,EX0,4720,0,0,0,0,0,314,2500.0
0.85,EX0,4721,3,0,0,0,0,314,2500.0
0.85,EX0,4722,2,0,0,0,0,314,2500.0
0.85,EX0,4723,0,0,0,0,0,314,2500.0
0.85,EX0,4724,3,0,0,0,0,314,2500.0
0.85,EX0,4770,1,0,0,0,0,318,2500.0
0.85,EX0,4771,0,0,0,0,0,318,2500.0
0.85,EX0,4772,1,0,0,0,0,318,2500.0
0.85,EX0,4773,0,0,0,0,0,318,2500.0
0.85,EX0,4774,0,0,0,0,0,318,2500.0
0.85,EX0,4775,0,0,0,0,0,318,2500.0
0.85,EX0,4776,2,0,0,0,0,318,2500.0
0.85,EX0,4777,3,0,0,0,0,318,2500.0
0.85,EX0,4778,1,0,0,0,0,318,2500.0
0.85,EX0,4779,2,0,0,0,0,318,2500.0
0.85,EX0,4780,2,0,0,0,0,318,2500.0
0.85,EX0,4781,1,0,0,0,0,318,2500.0
0.85,EX0,4782,2,1,1,0,1,318,2500.0
0.85,EX0,4783,2,0,0,0,0,318,2500.0
0.85,EX0,4784,3,0,0,0,0,318,2500.0
0.85,EX0,4935,2,0,0,0,0,329,2500.0
0.85,EX0,4936,4,0,0,0,0,329,2500.0
0.85,EX0,4937,1,0,0,0,0,329,2500.0
0.85,EX0,4938,3,0,0,0,0,329,2500.0
0.85,EX0,4939,3,1,1,0,0,329,2500.0
0.85,EX0,4940,2,0,0,0,0,329,2500.0
0.85,EX0,4941,3,1,1,0,1,329,2500.0
0.85,EX0,4942,2,0,0,0,0,329,2500.0
0.85,EX0,4943,0,0,0,0,0,329,2500.0
0.85,EX0,4944,1,0,0,0,0,329,2500.0
0.85,EX0,4945,1,0,0,0,0,329,2500.0
0.85,EX0,4946,2,0,0,0,0,329,2500.0
0.85,EX0,4947,2,0,0,0,0,329,2500.0
0.85,EX0,4948,1,0,0,0,0,329,2500.0
0.85,EX0,4949,0,0,0,0,0,329,2500.0
0.85,EX0,4995,0,0,0,0,0,333,2500.0
0.85,EX0,4996,2,0,0,0,0,333,2500.0
0.85,EX0,4997,0,0,0,0,0,333,2500.0
0.85,EX0,4998,0,0,0,0,0,333,2500.0
0.85,EX0,4999,6,0,0,0,0,333,2500.0
0.85,EX0,5000,2,0,0,0,0,333,2500.0
0.85,EX0,5001,1,0,0,0,0,333,2500.0
0.85,EX0,5002,3,1,1,0,1,333,2500.0
0.85,EX0,5003,0,0,0,0,0,333,2500.0
0.85,EX0,5004,4,0,0,0,0,333,2500.0
0.85,EX0,5005,1,0,0,0,0,333,2500.0
0.85,EX0,5006,2,0,0,0,0,333,2500.0
0.85,EX0,5007,2,0,0,0,0,333,2500.0
0.85,EX0,5008,1,0,0,0,0,333,2500.0
0.85,EX0,5009,1,0,0,0,0,333,2500.0
0.85,EX0,5070,2,0,0,0,0,338,2500.0
0.85,EX0,5071,1,0,0,0,0,338,2500.0
0.85,EX0,5072,2,0,0,0,0,338,2500.0
0.85,EX0,5073,1,0,0,0,0,338,2500.0
0.85,EX0,5074,0,0,0,0,0,338,2500.0
0.85,EX0,5075,0,0,0,0,0,338,2500.0
0.85,EX0,5076,1,0,0,0,0,338,2500.0
0.85,EX0,5077,3,0,0,0,0,338,2500.0
0.85,EX0,5078,3,0,0,0,0,338,2500.0
0.85,EX0,5079,1,0,0,0,0,338,2500.0
0.85,EX0,5080,2,0,0,0,0,338,2500.0
0.85,EX0,5081,2,0,0,0,0,338,2500.0
0.85,EX0,5082,4,0,0,0,0,338,2500.0
0.85,EX0,5083,1,0,0,0,0,338,2500.0
0.85,EX0,5084,1,0,0,0,0,338,2500.0
0.85,EX0,5115,0,0,0,0,0,341,2500.0
0.85,EX0,5116,1,1,1,0,0,341,2500.0
0.85,EX0,5117,2,0,0,0,0,341,2500.0
0.85,EX0,5118,1,0,0,0,0,341,2500.0
0.85,EX0,5119,2,0,0,0,0,341,2500.0
0.85,EX0,5120,1,0,0,0,0,341,2500.0
0.85,EX0,5121,3,0,0,0,0,341,2500.0
0.85,EX0,5122,0,0,0,0,0,341,2500.0
0.85,EX0,5123,3,0,0,0,0,341,2500.0
0.85,EX0,5124,1,0,0,0,0,341,2500.0
0.85,EX0,5125,3,0,0,0,0,341,2500.0
0.85,EX0,5126,2,0,0,0,0,341,2500.0
0.85,EX0,5127,1,0,0,0,0,341,2500.0
0.85,EX0,5128,2,0,0,0,0,341,2500.0
0.85,EX0,5129,2,0,0,0,0,341,2500.0
0.85,EX0,5295,3,0,0,0,0,353,2500.0
0.85,EX0,5296,2,0,0,0,0,353,2500.0
0.85,EX0,5297,1,0,0,0,0,353,2500.0
0.85,EX0,5298,5,0,0,0,0,353,2500.0
0.85,EX0,5299,2,0,0,0,0,353,2500.0
0.85,EX0,5300,5,0,0,0,0,353,2500.0
0.85,EX0,5301,1,0,0,0,0,353,2500.0
0.85,EX0,5302,4,0,0,0,0,353,2500.0
0.85,EX0,5303,0,0,0,0,0,353,2500.0
0.85,EX0,5304,1,0,0,0,0,353,2500.0
0.85,EX0,5305,2,0,0,0,0,353,2500.0
0.85,EX0,5306,2,1,1,0,0,353,2500.0
0.85,EX0,5307,2,1,1,0,0,353,2500.0
0.85,EX0,5308,6,0,0,0,0,353,2500.0
0.85,EX0,5309,2,0,0,0,0,353,2500.0
0.85,EX0,5400,5,0,0,0,0,360,2500.0
0.85,EX0,5401,4,1,1,0,1,360,2500.0
0.85,EX0,5402,0,0,0,0,0,360,2500.0
0.85,EX0,5403,2,0,0,0,0,360,2500.0
0.85,EX0,5404,1,0,0,0,0,360,2500.0
0.85,EX0,5405,0,0,0,0,0,360,2500.0
0.85,EX0,5406,0,0,0,0,0,360,2500.0
0.85,EX0,5407,3,1,1,0,1,360,2500.0
0.85,EX0,5408,0,0,0,0,0,360,2500.0
0.85,EX0,5409,2,0,0,0,0,360,2500.0
0.85,EX0,5410,4,2,2,0,1,360,2500.0
0.85,EX0,5411,2,0,0,0,0,360,2500.0
0.85,EX0,5412,2,0,0,0,0,360,2500.0
0.85,EX0,5413,1,0,0,0,0,360,2500.0
0.85,EX0,5414,2,0,0,0,0,360,2500.0
0.85,EX0,5415,1,0,0,0,0,361,2500.0
0.85,EX0,5416,1,0,0,0,0,361,2500.0
0.85,EX0,5417,4,1,1,0,0,361,2500.0
0.85,EX0,5418,0,0,0,0,0,361,2500.0
0.85,EX0,5419,0,0,0,0,0,361,2500.0
0.85,EX0,5420,3,0,0,0,0,361,2500.0
0.85,EX0,5421,2,0,0,0,0,361,2500.0
0.85,EX0,5422,1,0,0,0,0,361,2500.0
0.85,EX0,5423,0,0,0,0,0,361,2500.0
0.85,EX0,5424,2,0,0,0,0,361,2500.0
0.85,EX0,5425,2,0,0,0,0,361,2500.0
0.85,EX0,5426,2,0,0,0,0,361,2500.0
0.85,EX0,5427,1,1,1,0,0,361,2500.0
0.85,EX0,5428,3,1,1,0,1,361,2500.0
0.85,EX0,5429,1,0,0,0,0,361,2500.0
0.85,EX0,5535,1,0,0,0,0,369,2500.0
0.85,EX0,5536,3,0,0,0,0,369,2500.0
0.85,EX0,5537,4,0,0,0,0,369,2500.0
0.85,EX0,5538,0,0,0,0,0,369,2500.0
0.85,EX0,5539,3,0,0,0,0,369,2500.0
0.85,EX0,5540,3,0,0,0,0,369,2500.0
0.85,EX0,5541,0,0,0,0,0,369,2500.0
0.85,EX0,5542,0,0,0,0,0,369,2500.0
0.85,EX0,5543,3,0,0,0,0,369,2500.0
0.85,EX0,5544,2,0,0,0,0,369,2500.0
0.85,EX0,5545,2,0,0,0,0,369,2500.0
0.85,EX0,5546,1,0,0,0,0,369,2500.0
0.85,EX0,5547,1,0,0,0,0,369,2500.0
0.85,EX0,5548,1,0,0,0,0,369,2500.0
0.85,EX0,5549,0,0,0,0,0,369,2500.0
0.85,EX0,5820,0,0,0,0,0,388,2500.0
0.85,EX0,5821,3,0,0,0,0,388,2500.0
0.85,EX0,5822,1,0,0,0,0,388,2500.0
0.85,EX0,5823,1,0,0,0,0,388,2500.0
0.85,EX0,5824,2,0,0,0,0,388,2500.0
0.85,EX0,5825,1,0,0,0,0,388,2500.0
0.85,EX0,5826,2,0,0,0,0,388,2500.0
0.85,EX0,5827,2,0,0,0,0,388,2500.0
0.85,EX0,5828,1,0,0,0,0,388,2500.0
0.85,EX0,5829,1,0,0,0,0,388,2500.0
0.85,EX0,5830,0,0,0,0,0,388,2500.0
0.85,EX0,5831,2,0,0,0,0,388,2500.0
0.85,EX0,5832,4,0,0,0,0,388,2500.0
0.85,EX0,5833,3,0,0,0,0,388,2500.0
0.85,EX0,5834,4,0,0,0,0,388,2500.0
0.85,EX0,5850,0,0,0,0,0,390,2500.0
0.85,EX0,5851,2,0,0,0,0,390,2500.0
0.85,EX0,5852,1,0,0,0,0,390,2500.0
0.85,EX0,5853,1,0,0,0,0,390,2500.0
0.85,EX0,5854,0,0,0,0,0,390,2500.0
0.85,EX0,5855,2,0,0,0,0,390,2500.0
0.85,EX0,5856,2,0,0,0,0,390,2500.0
0.85,EX0,5857,2,0,0,0,0,390,2500.0
0.85,EX0,5858,0,0,0,0,0,390,2500.0
0.85,EX0,5859,1,0,0,0,0,390,2500.0
0.85,EX0,5860,2,0,0,0,0,390,2500.0
0.85,EX0,5861,1,0,0,0,0,390,2500.0
0.85,EX0,5862,0,0,0,0,0,390,2500.0
0.85,EX0,5863,1,0,0,0,0,390,2500.0
0.85,EX0,5864,1,0,0,0,0,390,2500.0
0.85,EX0,5895,4,0,0,0,0,393,2500.0
0.85,EX0,5896,0,0,0,0,0,393,2500.0
0.85,EX0,5897,0,0,0,0,0,393,2500.0
0.85,EX0,5898,1,0,0,0,0,393,2500.0
0.85,EX0,5899,3,0,0,0,0,393,2500.0
0.85,EX0,5900,4,0,0,0,0,393,2500.0
0.85,EX0,5901,3,0,0,0,0,393,2500.0
0.85,EX0,5902,1,0,0,0,0,393,2500.0
0.85,EX0,5903,1,0,0,0,0,393,2500.0
0.85,EX0,5904,2,0,0,0,0,393,2500.0
0.85,EX0,5905,3,0,0,0,0,393,2500.0
0.85,EX0,5906,3,2,2,0,2,393,2500.0
0.85,EX0,5907,3,0,0,0,0,393,2500.0
0.85,EX0,5908,2,0,0,0,0,393,2500.0
0.85,EX0,5909,1,0,0,0,0,393,2500.0
0.85,EX0,5985,0,0,0,0,0,399,2500.0
0.85,EX0,5986,0,0,0,0,0,399,2500.0
0.85,EX0,5987,1,0,0,0,0,399,2500.0
0.85,EX0,5988,2,0,0,0,0,399,2500.0
0.85,EX0,5989,4,0,0,0,0,399,2500.0
0.85,EX0,5990,2,0,0,0,0,399,2500.0
0.85,EX0,5991,0,0,0,0,0,399,2500.0
0.85,EX0,5992,1,0,0,0,0,399,2500.0
0.85,EX0,5993,3,0,0,0,0,399,2500.0
0.85,EX0,5994,0,0,0,0,0,399,2500.0
0.85,EX0,5995,2,0,0,0,0,399,2500.0
0.85,EX0,5996,2,0,0,0,0,399,2500.0
0.85,EX0,5997,3,0,0,0,0,399,2500.0
0.85,EX0,5998,1,0,0,0,0,399,2500.0
0.85,EX0,5999,1,0,0,0,0,399,2500.0
0.85,EX0,6165,1,0,0,0,0,411,2500.0
0.85,EX0,6166,2,1,1,0,1,411,2500.0
0.85,EX0,6167,2,0,0,0,0,411,2500.0
0.85,EX0,6168,4,0,0,0,0,411,2500.0
0.85,EX0,6169,0,0,0,0,0,411,2500.0
0.85,EX0,6170,1,0,0,0,0,411,2500.0
0.85,EX0,6171,0,0,0,0,0,411,2500.0
0.85,EX0,6172,0,0,0,0,0,411,2500.0
0.85,EX0,6173,4,0,0,0,0,411,2500.0
0.85,EX0,6174,1,0,0,0,0,411,2500.0
0.85,EX0,6175,0,0,0,0,0,411,2500.0
0.85,EX0,6176,3,0,0,0,0,411,2500.0
0.85,EX0,6177,2,0,0,0,0,411,2500.0
0.85,EX0,6178,0,0,0,0,0,411,2500.0
0.85,EX0,6179,1,0,0,0,0,411,2500.0
0.85,EX0,6255,0,0,0,0,0,417,2500.0
0.85,EX0,6256,1,0,0,0,0,417,2500.0
0.85,EX0,6257,1,1,1,0,1,417,2500.0
0.85,EX0,6258,2,0,0,0,0,417,2500.0
0.85,EX0,6259,0,0,0,0,0,417,2500.0
0.85,EX0,6260,1,0,0,0,0,417,2500.0
0.85,EX0,6261,2,0,0,0,0,417,2500.0
0.85,EX0,6262,3,2,2,0,0,417,2500.0
0.85,EX0,6263,2,1,1,0,1,417,2500.0
0.85,EX0,6264,5,0,0,0,0,417,2500.0
0.85,EX0,6265,0,0,0,0,0,417,2500.0
0.85,EX0,6266,0,0,0,0,0,417,2500.0
0.85,EX0,6267,3,0,0,0,0,417,2500.0
0.85,EX0,6268,2,0,0,0,0,417,2500.0
0.85,EX0,6269,2,0,0,0,0,417,2500.0
0.85,EX0,6540,1,0,0,0,0,436,2500.0
0.85,EX0,6541,1,0,0,0,0,436,2500.0
0.85,EX0,6542,0,0,0,0,0,436,2500.0
0.85,EX0,6543,0,0,0,0,0,436,2500.0
0.85,EX0,6544,0,0,0,0,0,436,2500.0
0.85,EX0,6545,3,0,0,0,0,436,2500.0
0.85,EX0,6546,2,0,0,0,0,436,2500.0
0.85,EX0,6547,0,0,0,0,0,436,2500.0
0.85,EX0,6548,1,0,0,0,0,436,2500.0
0.85,EX0,6549,1,0,0,0,0,436,2500.0
0.85,EX0,6550,3,1,0,1,0,436,2500.0
0.85,EX0,6551,0,0,0,0,0,436,2500.0
0.85,EX0,6552,3,0,0,0,0,436,2500.0
0.85,EX0,6553,2,0,0,0,0,436,2500.0
0.85,EX0,6554,3,1,1,0,1,436,2500.0
0.85,EX0,6645,1,0,0,0,0,443,2500.0
0.85,EX0,6646,0,0,0,0,0,443,2500.0
0.85,EX0,6647,1,0,0,0,0,443,2500.0
0.85,EX0,6648,4,0,0,0,0,443,2500.0
0.85,EX0,6649,3,0,0,0,0,443,2500.0
0.85,EX0,6650,3,0,0,0,0,443,2500.0
0.85,EX0,6651,3,0,0,0,0,443,2500.0
0.85,EX0,6652,0,0,0,0,0,443,2500.0
0.85,EX0,6653,5,0,0,0,0,443,2500.0
0.85,EX0,6654,3,0,0,0,0,443,2500.0
0.85,EX0,6655,5,0,0,0,0,443,2500.0
0.85,EX0,6656,0,0,0,0,0,443,2500.0
0.85,EX0,6657,2,0,0,0,0,443,2500.0
0.85,EX0,6658,2,0,0,0,0,443,2500.0
0.85,EX0,6659,2,0,0,0,0,443,2500.0
0.85,EX0,6690,3,0,0,0,0,446,2500.0
0.85,EX0,6691,1,0,0,0,0,446,2500.0
0.85,EX0,6692,2,0,0,0,0,446,2500.0
0.85,EX0,6693,1,0,0,0,0,446,2500.0
0.85,EX0,6694,1,1,1,0,0,446,2500.0
0.85,EX0,6695,1,0,0,0,0,446,2500.0
0.85,EX0,6696,2,0,0,0,0,446,2500.0
0.85,EX0,6697,2,0,0,0,0,446,2500.0
0.85,EX0,6698,1,0,0,0,0,446,2500.0
0.85,EX0,6699,0,0,0,0,0,446,2500.0
0.85,EX0,6700,1,0,0,0,0,446,2500.0
0.85,EX0,6701,1,1,1,0,1,446,2500.0
0.85,EX0,6702,0,0,0,0,0,446,2500.0
0.85,EX0,6703,1,0,0,0,0,446,2500.0
0.85,EX0,6704,1,0,0,0,0,446,2500.0
0.85,EX0,6705,0,0,0,0,0,447,2500.0
0.85,EX0,6706,1,0,0,0,0,447,2500.0
0.85,EX0,6707,1,0,0,0,0,447,2500.0
0.85,EX0,6708,5,0,0,0,0,447,2500.0
0.85,EX0,6709,1,0,0,0,0,447,2500.0
0.85,EX0,6710,1,0,0,0,0,447,2500.0
0.85,EX0,6711,4,0,0,0,0,447,2500.0
0.85,EX0,6712,1,0,0,0,0,447,2500.0
0.85,EX0,6713,2,0,0,0,0,447,2500.0
0.85,EX0,6714,1,0,0,0,0,447,2500.0
0.85,EX0,6715,1,0,0,0,0,447,2500.0
0.85,EX0,6716,1,0,0,0,0,447,2500.0
0.85,EX0,6717,0,0,0,0,0,447,2500.0
0.85,EX0,6718,2,0,0,0,0,447,2500.0
0.85,EX0,6719,2,0,0,0,0,447,2500.0
0.85,EX0,6720,2,0,0,0,0,448,2500.0
0.85,EX0,6721,0,0,0,0,0,448,2500.0
0.85,EX0,6722,3,0,0,0,0,448,2500.0
0.85,EX0,6723,1,0,0,0,0,448,2500.0
0.85,EX0,6724,1,0,0,0,0,448,2500.0
0.85,EX0,6725,0,0,0,0,0,448,2500.0
0.85,EX0,6726,2,1,1,0,0,448,2500.0
0.85,EX0,6727,3,0,0,0,0,448,2500.0
0.85,EX0,6728,0,0,0,0,0,448,2500.0
0.85,EX0,6729,1,0,0,0,0,448,2500.0
0.85,EX0,6730,3,0,0,0,0,448,2500.0
0.85,EX0,6731,0,0,0,0,0,448,2500.0
0.85,EX0,6732,1,0,0,0,0,448,2500.0
0.85,EX0,6733,1,0,0,0,0,448,2500.0
0.85,EX0,6734,1,0,0,0,0,448,2500.0
0.85,EX0,6930,0,0,0,0,0,462,2500.0
0.85,EX0,6931,2,1,1,0,1,462,2500.0
0.85,EX0,6932,0,0,0,0,0,462,2500.0
0.85,EX0,6933,3,0,0,0,0,462,2500.0
0.85,EX0,6934,2,0,0,0,0,462,2500.0
0.85,EX0,6935,7,1,0,1,0,462,2500.0
0.85,EX0,6936,0,0,0,0,0,462,2500.0
0.85,EX0,6937,1,0,0,0,0,462,2500.0
0.85,EX0,6938,1,0,0,0,0,462,2500.0
0.85,EX0,6939,0,0,0,0,0,462,2500.0
0.85,EX0,6940,3,0,0,0,0,462,2500.0
0.85,EX0,6941,3,0,0,0,0,462,2500.0
0.85,EX0,6942,0,0,0,0,0,462,2500.0
0.85,EX0,6943,0,0,0,0,0,462,2500.0
0.85,EX0,6944,0,0,0,0,0,462,2500.0
0.85,EX0,6975,1,0,0,0,0,465,2500.0
0.85,EX0,6976,2,0,0,0,0,465,2500.0
0.85,EX0,6977,1,0,0,0,0,465,2500.0
0.85,EX0,6978,0,0,0,0,0,465,2500.0
0.85,EX0,6979,3,2,2,0,0,465,2500.0
0.85,EX0,6980,2,0,0,0,0,465,2500.0
0.85,EX0,6981,2,0,0,0,0,465,2500.0
0.85,EX0,6982,1,0,0,0,0,465,2500.0
0.85,EX0,6983,2,0,0,0,0,465,2500.0
0.85,EX0,6984,4,0,0,0,0,465,2500.0
0.85,EX0,6985,1,0,0,0,0,465,2500.0
0.85,EX0,6986,2,0,0,0,0,465,2500.0
0.85,EX0,6987,0,0,0,0,0,465,2500.0
0.85,EX0,6988,1,0,0,0,0,465,2500.0
0.85,EX0,6989,0,0,0,0,0,465,2500.0
0.85,EX0,7005,3,0,0,0,0,467,2500.0
0.85,EX0,7006,1,0,0,0,0,467,2500.0
0.85,EX0,7007,5,0,0,0,0,467,2500.0
0.85,EX0,7008,2,0,0,0,0,467,2500.0
0.85,EX0,7009,1,0,0,0,0,467,2500.0
0.85,EX0,7010,3,0,0,0,0,467,2500.0
0.85,EX0,7011,3,0,0,0,0,467,2500.0
0.85,EX0,7012,0,0,0,0,0,467,2500.0
0.85,EX0,7013,1,0,0,0,0,467,2500.0
0.85,EX0,7014,2,0,0,0,0,467,2500.0
0.85,EX0,7015,1,0,0,0,0,467,2500.0
0.85,EX0,7016,1,0,0,0,0,467,2500.0
0.85,EX0,7017,2,0,0,0,0,467,2500.0
0.85,EX0,7018,1,1,1,0,0,467,2500.0
0.85,EX0,7019,1,0,0,0,0,467,2500.0
0.85,EX0,7020,6,0,0,0,0,468,2500.0
0.85,EX0,7021,4,0,0,0,0,468,2500.0
0.85,EX0,7022,1,0,0,0,0,468,2500.0
0.85,EX0,7023,2,0,0,0,0,468,2500.0
0.85,EX0,7024,2,0,0,0,0,468,2500.0
0.85,EX0,7025,1,0,0,0,0,468,2500.0
0.85,EX0,7026,2,0,0,0,0,468,2500.0
0.85,EX0,7027,3,0,0,0,0,468,2500.0
0.85,EX0,7028,0,0,0,0,0,468,2500.0
0.85,EX0,7029,3,1,1,0,1,468,2500.0
0.85,EX0,7030,1,0,0,0,0,468,2500.0
0.85,EX0,7031,3,0,0,0,0,468,2500.0
0.85,EX0,7032,2,0,0,0,0,468,2500.0
0.85,EX0,7033,0,0,0,0,0,468,2500.0
0.85,EX0,7034,1,0,0,0,0,468,2500.0
0.85,EX0,7035,0,0,0,0,0,469,2500.0
0.85,EX0,7036,1,0,0,0,0,469,2500.0
0.85,EX0,7037,2,1,1,0,1,469,2500.0
0.85,EX0,7038,0,0,0,0,0,469,2500.0
0.85,EX0,7039,2,0,0,0,0,469,2500.0
0.85,EX0,7040,2,0,0,0,0,469,2500.0
0.85,EX0,7041,0,0,0,0,0,469,2500.0
0.85,EX0,7042,1,0,0,0,0,469,2500.0
0.85,EX0,7043,3,0,0,0,0,469,2500.0
0.85,EX0,7044,3,0,0,0,0,469,2500.0
0.85,EX0,7045,2,0,0,0,0,469,2500.0
0.85,EX0,7046,1,0,0,0,0,469,2500.0
0.85,EX0,7047,5,0,0,0,0,469,2500.0
0.85,EX0,7048,1,0,0,0,0,469,2500.0
0.85,EX0,7049,3,0,0,0,0,469,2500.0
0.85,EX0,7050,4,0,0,0,0,470,2500.0
0.85,EX0,7051,0,0,0,0,0,470,2500.0
0.85,EX0,7052,2,0,0,0,0,470,2500.0
0.85,EX0,7053,6,0,0,0,0,470,2500.0
0.85,EX0,7054,2,0,0,0,0,470,2500.0
0.85,EX0,7055,1,0,0,0,0,470,2500.0
0.85,EX0,7056,1,0,0,0,0,470,2500.0
0.85,EX0,7057,2,0,0,0,0,470,2500.0
0.85,EX0,7058,2,1,1,0,1,470,2500.0
0.85,EX0,7059,1,0,0,0,0,470,2500.0
0.85,EX0,7060,4,1,1,0,0,470,2500.0
0.85,EX0,7061,0,0,0,0,0,470,2500.0
0.85,EX0,7062,2,0,0,0,0,470,2500.0
0.85,EX0,7063,1,0,0,0,0,470,2500.0
0.85,EX0,7064,0,0,0,0,0,470,2500.0
0.85,EX0,7095,0,0,0,0,0,473,2500.0
0.85,EX0,7096,2,0,0,0,0,473,2500.0
0.85,EX0,7097,1,0,0,0,0,473,2500.0
0.85,EX0,7098,1,0,0,0,0,473,2500.0
0.85,EX0,7099,3,0,0,0,0,473,2500.0
0.85,EX0,7100,0,0,0,0,0,473,2500.0
0.85,EX0,7101,2,0,0,0,0,473,2500.0
0.85,EX0,7102,1,0,0,0,0,473,2500.0
0.85,EX0,7103,2,0,0,0,0,473,2500.0
0.85,EX0,7104,2,0,0,0,0,473,2500.0
0.85,EX0,7105,0,0,0,0,0,473,2500.0
0.85,EX0,7106,1,0,0,0,0,473,2500.0
0.85,EX0,7107,2,0,0,0,0,473,2500.0
0.85,EX0,7108,1,0,0,0,0,473,2500.0
0.85,EX0,7109,1,0,0,0,0,473,2500.0
0.85,EX0,7155,2,0,0,0,0,477,2500.0
0.85,EX0,7156,0,0,0,0,0,477,2500.0
0.85,EX0,7157,3,0,0,0,0,477,2500.0
0.85,EX0,7158,2,0,0,0,0,477,2500.0
0.85,EX0,7159,1,0,0,0,0,477,2500.0
0.85,EX0,7160,1,0,0,0,0,477,2500.0
0.85,EX0,7161,1,0,0,0,0,477,2500.0
0.85,EX0,7162,0,0,0,0,0,477,2500.0
0.85,EX0,7163,0,0,0,0,0,477,2500.0
0.85,EX0,7164,1,0,0,0,0,477,2500.0
0.85,EX0,7165,0,0,0,0,0,477,2500.0
0.85,EX0,7166,2,0,0,0,0,477,2500.0
0.85,EX0,7167,1,0,0,0,0,477,2500.0
0.85,EX0,7168,2,0,0,0,0,477,2500.0
0.85,EX0,7169,3,0,0,0,0,477,2500.0
0.85,EX0,7185,2,0,0,0,0,479,2500.0
0.85,EX0,7186,2,0,0,0,0,479,2500.0
0.85,EX0,7187,2,0,0,0,0,479,2500.0
0.85,EX0,7188,2,0,0,0,0,479,2500.0
0.85,EX0,7189,3,0,0,0,0,479,2500.0
0.85,EX0,7190,1,0,0,0,0,479,2500.0
0.85,EX0,7191,0,0,0,0,0,479,2500.0
0.85,EX0,7192,1,0,0,0,0,479,2500.0
0.85,EX0,7193,2,0,0,0,0,479,2500.0
0.85,EX0,7194,0,0,0,0,0,479,2500.0
0.85,EX0,7195,0,0,0,0,0,479,2500.0
0.85,EX0,7196,1,0,0,0,0,479,2500.0
0.85,EX0,7197,1,0,0,0,0,479,2500.0
0.85,EX0,7198,1,0,0,0,0,479,2500.0
0.85,EX0,7199,0,0,0,0,0,479,2500.0
0.85,EX0,7410,0,0,0,0,0,494,2500.0
0.85,EX0,7411,2,0,0,0,0,494,2500.0
0.85,EX0,7412,3,0,0,0,0,494,2500.0
0.85,EX0,7413,2,0,0,0,0,494,2500.0
0.85,EX0,7414,3,0,0,0,0,494,2500.0
0.85,EX0,7415,1,0,0,0,0,494,2500.0
0.85,EX0,7416,1,0,0,0,0,494,2500.0
0.85,EX0,7417,0,0,0,0,0,494,2500.0
0.85,EX0,7418,3,0,0,0,0,494,2500.0
0.85,EX0,7419,2,0,0,0,0,494,2500.0
0.85,EX0,7420,3,0,0,0,0,494,2500.0
0.85,EX0,7421,2,0,0,0,0,494,2500.0
0.85,EX0,7422,1,0,0,0,0,494,2500.0
0.85,EX0,7423,2,1,1,0,0,494,2500.0
0.85,EX0,7424,1,0,0,0,0,494,2500.0
0.85,EX0,7605,1,0,0,0,0,507,2500.0
0.85,EX0,7606,1,0,0,0,0,507,2500.0
0.85,EX0,7607,1,0,0,0,0,507,2500.0
0.85,EX0,7608,0,0,0,0,0,507,2500.0
0.85,EX0,7609,1,0,0,0,0,507,2500.0
0.85,EX0,7610,2,0,0,0,0,507,2500.0
0.85,EX0,7611,0,0,0,0,0,507,2500.0
0.85,EX0,7612,2,0,0,0,0,507,2500.0
0.85,EX0,7613,3,0,0,0,0,507,2500.0
0.85,EX0,7614,0,0,0,0,0,507,2500.0
0.85,EX0,7615,1,0,0,0,0,507,2500.0
0.85,EX0,7616,0,0,0,0,0,507,2500.0
0.85,EX0,7617,5,0,0,0,0,507,2500.0
0.85,EX0,7618,1,0,0,0,0,507,2500.0
0.85,EX0,7619,0,0,0,0,0,507,2500.0
0.85,EX0,7635,2,0,0,0,0,509,2500.0
0.85,EX0,7636,2,0,0,0,0,509,2500.0
0.85,EX0,7637,1,0,0,0,0,509,2500.0
0.85,EX0,7638,0,0,0,0,0,509,2500.0
0.85,EX0,7639,1,0,0,0,0,509,2500.0
0.85,EX0,7640,1,0,0,0,0,509,2500.0
0.85,EX0,7641,1,0,0,0,0,509,2500.0
0.85,EX0,7642,3,0,0,0,0,509,2500.0
0.85,EX0,7643,2,0,0,0,0,509,2500.0
0.85,EX0,7644,0,0,0,0,0,509,2500.0
0.85,EX0,7645,1,0,0,0,0,509,2500.0
0.85,EX0,7646,3,0,0,0,0,509,2500.0
0.85,EX0,7647,1,0,0,0,0,509,2500.0
0.85,EX0,7648,1,0,0,0,0,509,2500.0
0.85,EX0,7649,2,0,0,0,0,509,2500.0
0.85,EX0,7785,2,0,0,0,0,519,2500.0
0.85,EX0,7786,1,0,0,0,0,519,2500.0
0.85,EX0,7787,5,0,0,0,0,519,2500.0
0.85,EX0,7788,1,0,0,0,0,519,2500.0
0.85,EX0,7789,0,0,0,0,0,519,2500.0
0.85,EX0,7790,1,0,0,0,0,519,2500.0
0.85,EX0,7791,2,0,0,0,0,519,2500.0
0.85,EX0,7792,0,0,0,0,0,519,2500.0
0.85,EX0,7793,2,0,0,0,0,519,2500.0
0.85,EX0,7794,0,0,0,0,0,519,2500.0
0.85,EX0,7795,2,0,0,0,0,519,2500.0
0.85,EX0,7796,0,0,0,0,0,519,2500.0
0.85,EX0,7797,3,0,0,0,0,519,2500.0
0.85,EX0,7798,0,0,0,0,0,519,2500.0
0.85,EX0,7799,6,0,0,0,0,519,2500.0
0.85,EX0,7965,1,0,0,0,0,531,2500.0
0.85,EX0,7966,1,0,0,0,0,531,2500.0
0.85,EX0,7967,2,0,0,0,0,531,2500.0
0.85,EX0,7968,0,0,0,0,0,531,2500.0
0.85,EX0,7969,1,0,0,0,0,531,2500.0
0.85,EX0,7970,1,0,0,0,0,531,2500.0
0.85,EX0,7971,3,0,0,0,0,531,2500.0
0.85,EX0,7972,5,0,0,0,0,531,2500.0
0.85,EX0,7973,1,0,0,0,0,531,2500.0
0.85,EX0,7974,3,1,1,0,1,531,2500.0
0.85,EX0,7975,1,0,0,0,0,531,2500.0
0.85,EX0,7976,2,0,0,0,0,531,2500.0
0.85,EX0,7977,0,0,0,0,0,531,2500.0
0.85,EX0,7978,2,0,0,0,0,531,2500.0
0.85,EX0,7979,1,0,0,0,0,531,2500.0
0.85,EX0,7995,1,0,0,0,0,533,2500.0
0.85,EX0,7996,3,0,0,0,0,533,2500.0
0.85,EX0,7997,2,0,0,0,0,533,2500.0
0.85,EX0,7998,1,0,0,0,0,533,2500.0
0.85,EX0,7999,0,0,0,0,0,533,2500.0
0.85,EX0,8000,4,1,1,0,0,533,2500.0
0.85,EX0,8001,1,0,0,0,0,533,2500.0
0.85,EX0,8002,0,0,0,0,0,533,2500.0
0.85,EX0,8003,1,0,0,0,0,533,2500.0
0.85,EX0,8004,1,0,0,0,0,533,2500.0
0.85,EX0,8005,2,1,1,0,0,533,2500.0
0.85,EX0,8006,1,0,0,0,0,533,2500.0
0.85,EX0,8007,2,0,0,0,0,533,2500.0
0.85,EX0,8008,0,0,0,0,0,533,2500.0
0.85,EX0,8009,1,0,0,0,0,533,2500.0
0.85,EX0,8025,0,0,0,0,0,535,2500.0
0.85,EX0,8026,3,0,0,0,0,535,2500.0
0.85,EX0,8027,1,0,0,0,0,535,2500.0
0.85,EX0,8028,0,0,0,0,0,535,2500.0
0.85,EX0,8029,4,0,0,0,0,535,2500.0
0.85,EX0,8030,3,0,0,0,0,535,2500.0
0.85,EX0,8031,0,0,0,0,0,535,2500.0
0.85,EX0,8032,0,0,0,0,0,535,2500.0
0.85,EX0,8033,2,0,0,0,0,535,2500.0
0.85,EX0,8034,2,0,0,0,0,535,2500.0
0.85,EX0,8035,0,0,0,0,0,535,2500.0
0.85,EX0,8036,1,0,0,0,0,535,2500.0
0.85,EX0,8037,1,0,0,0,0,535,2500.0
0.85,EX0,8038,4,0,0,0,0,535,2500.0
0.85,EX0,8039,1,0,0,0,0,535,2500.0
0.85,EX0,8055,5,0,0,0,0,537,2500.0
0.85,EX0,8056,1,0,0,0,0,537,2500.0
0.85,EX0,8057,2,0,0,0,0,537,2500.0
0.85,EX0,8058,2,0,0,0,0,537,2500.0
0.85,EX0,8059,2,0,0,0,0,537,2500.0
0.85,EX0,8060,4,1,0,1,0,537,2500.0
0.85,EX0,8061,2,0,0,0,0,537,2500.0
0.85,EX0,8062,2,0,0,0,0,537,2500.0
0.85,EX0,8063,0,0,0,0,0,537,2500.0
0.85,EX0,8064,0,0,0,0,0,537,2500.0
0.85,EX0,8065,2,0,0,0,0,537,2500.0
0.85,EX0,8066,2,0,0,0,0,537,2500.0
0.85,EX0,8067,0,0,0,0,0,537,2500.0
0.85,EX0,8068,1,0,0,0,0,537,2500.0
0.85,EX0,8069,0,0,0,0,0,537,2500.0
0.85,EX0,8220,1,0,0,0,0,548,2500.0
0.85,EX0,8221,1,0,0,0,0,548,2500.0
0.85,EX0,8222,2,0,0,0,0,548,2500.0
0.85,EX0,8223,3,0,0,0,0,548,2500.0
0.85,EX0,8224,1,0,0,0,0,548,2500.0
0.85,EX0,8225,3,0,0,0,0,548,2500.0
0.85,EX0,8226,2,0,0,0,0,548,2500.0
0.85,EX0,8227,1,0,0,0,0,548,2500.0
0.85,EX0,8228,2,0,0,0,0,548,2500.0
0.85,EX0,8229,0,0,0,0,0,548,2500.0
0.85,EX0,8230,0,0,0,0,0,548,2500.0
0.85,EX0,8231,0,0,0,0,0,548,2500.0
0.85,EX0,8232,1,0,0,0,0,548,2500.0
0.85,EX0,8233,1,0,0,0,0,548,2500.0
0.85,EX0,8234,1,1,1,0,0,548,2500.0
0.85,EX0,8235,1,0,0,0,0,549,2500.0
0.85,EX0,8236,1,0,0,0,0,549,2500.0
0.85,EX0,8237,1,0,0,0,0,549,2500.0
0.85,EX0,8238,3,0,0,0,0,549,2500.0
0.85,EX0,8239,1,0,0,0,0,549,2500.0
0.85,EX0,8240,2,0,0,0,0,549,2500.0
0.85,EX0,8241,3,0,0,0,0,549,2500.0
0.85,EX0,8242,1,0,0,0,0,549,2500.0
0.85,EX0,8243,1,0,0,0,0,549,2500.0
0.85,EX0,8244,1,0,0,0,0,549,2500.0
0.85,EX0,8245,1,0,0,0,0,549,2500.0
0.85,EX0,8246,2,0,0,0,0,549,2500.0
0.85,EX0,8247,2,0,0,0,0,549,2500.0
0.85,EX0,8248,0,0,0,0,0,549,2500.0
0.85,EX0,8249,3,0,0,0,0,549,2500.0
0.85,EX0,8265,2,0,0,0,0,551,2500.0
0.85,EX0,8266,1,1,1,0,1,551,2500.0
0.85,EX0,8267,2,0,0,0,0,551,2500.0
0.85,EX0,8268,0,0,0,0,0,551,2500.0
0.85,EX0,8269,0,0,0,0,0,551,2500.0
0.85,EX0,8270,4,0,0,0,0,551,2500.0
0.85,EX0,8271,1,0,0,0,0,551,2500.0
0.85,EX0,8272,2,0,0,0,0,551,2500.0
0.85,EX0,8273,0,0,0,0,0,551,2500.0
0.85,EX0,8274,4,0,0,0,0,551,2500.0
0.85,EX0,8275,0,0,0,0,0,551,2500.0
0.85,EX0,8276,5,0,0,0,0,551,2500.0
0.85,EX0,8277,0,0,0,0,0,551,2500.0
0.85,EX0,8278,2,0,0,0,0,551,2500.0
0.85,EX0,8279,2,0,0,0,0,551,2500.0
0.85,EX0,8295,5,0,0,0,0,553,2500.0
0.85,EX0,8296,2,0,0,0,0,553,2500.0
0.85,EX0,8297,4,0,0,0,0,553,2500.0
0.85,EX0,8298,3,0,0,0,0,553,2500.0
0.85,EX0,8299,0,0,0,0,0,553,2500.0
0.85,EX0,8300,1,0,0,0,0,553,2500.0
0.85,EX0,8301,4,0,0,0,0,553,2500.0
0.85,EX0,8302,1,0,0,0,0,553,2500.0
0.85,EX0,8303,0,0,0,0,0,553,2500.0
0.85,EX0,8304,2,0,0,0,0,553,2500.0
0.85,EX0,8305,0,0,0,0,0,553,2500.0
0.85,EX0,8306,2,0,0,0,0,553,2500.0
0.85,EX0,8307,0,0,0,0,0,553,2500.0
0.85,EX0,8308,3,0,0,0,0,553,2500.0
0.85,EX0,8309,0,0,0,0,0,553,2500.0
0.85,EX0,8580,1,0,0,0,0,572,2500.0
0.85,EX0,8581,2,0,0,0,0,572,2500.0
0.85,EX0,8582,2,0,0,0,0,572,2500.0
0.85,EX0,8583,2,0,0,0,0,572,2500.0
0.85,EX0,8584,0,0,0,0,0,572,2500.0
0.85,EX0,8585,1,0,0,0,0,572,2500.0
0.85,EX0,8586,3,0,0,0,0,572,2500.0
0.85,EX0,8587,2,0,0,0,0,572,2500.0
0.85,EX0,8588,1,0,0,0,0,572,2500.0
0.85,EX0,8589,0,0,0,0,0,572,2500.0
0.85,EX0,8590,0,0,0,0,0,572,2500.0
0.85,EX0,8591,0,0,0,0,0,572,2500.0
0.85,EX0,8592,0,0,0,0,0,572,2500.0
0.85,EX0,8593,2,0,0,0,0,572,2500.0
0.85,EX0,8594,0,0,0,0,0,572,2500.0
0.85,EX0,8610,1,0,0,0,0,574,2500.0
0.85,EX0,8611,0,0,0,0,0,574,2500.0
0.85,EX0,8612,1,0,0,0,0,574,2500.0
0.85,EX0,8613,0,0,0,0,0,574,2500.0
0.85,EX0,8614,1,0,0,0,0,574,2500.0
0.85,EX0,8615,1,0,0,0,0,574,2500.0
0.85,EX0,8616,0,0,0,0,0,574,2500.0
0.85,EX0,8617,1,0,0,0,0,574,2500.0
0.85,EX0,8618,2,0,0,0,0,574,2500.0
0.85,EX0,8619,2,0,0,0,0,574,2500.0
0.85,EX0,8620,1,0,0,0,0,574,2500.0
0.85,EX0,8621,2,0,0,0,0,574,2500.0
0.85,EX0,8622,0,0,0,0,0,574,2500.0
0.85,EX0,8623,2,0,0,0,0,574,2500.0
0.85,EX0,8624,1,0,0,0,0,574,2500.0
0.85,EX0,8760,3,1,1,0,1,584,2500.0
0.85,EX0,8761,1,1,1,0,1,584,2500.0
0.85,EX0,8762,1,0,0,0,0,584,2500.0
0.85,EX0,8763,2,0,0,0,0,584,2500.0
0.85,EX0,8764,0,0,0,0,0,584,2500.0
0.85,EX0,8765,3,0,0,0,0,584,2500.0
0.85,EX0,8766,1,0,0,0,0,584,2500.0
0.85,EX0,8767,0,0,0,0,0,584,2500.0
0.85,EX0,8768,0,0,0,0,0,584,2500.0
0.85,EX0,8769,0,0,0,0,0,584,2500.0
0.85,EX0,8770,4,0,0,0,0,584,2500.0
0.85,EX0,8771,1,0,0,0,0,584,2500.0
0.85,EX0,8772,0,0,0,0,0,584,2500.0
0.85,EX0,8773,0,0,0,0,0,584,2500.0
0.85,EX0,8774,1,0,0,0,0,584,2500.0
0.85,EX0,8925,3,0,0,0,0,595,2500.0
0.85,EX0,8926,1,0,0,0,0,595,2500.0
0.85,EX0,8927,0,0,0,0,0,595,2500.0
0.85,EX0,8928,2,0,0,0,0,595,2500.0
0.85,EX0,8929,2,0,0,0,0,595,2500.0
0.85,EX0,8930,2,1,1,0,1,595,2500.0
0.85,EX0,8931,1,0,0,0,0,595,2500.0
0.85,EX0,8932,1,0,0,0,0,595,2500.0
0.85,EX0,8933,2,0,0,0,0,595,2500.0
0.85,EX0,8934,2,0,0,0,0,595,2500.0
0.85,EX0,8935,1,0,0,0,0,595,2500.0
0.85,EX0,8936,3,0,0,0,0,595,2500.0
0.85,EX0,8937,1,0,0,0,0,595,2500.0
0.85,EX0,8938,2,0,0,0,0,595,2500.0
0.85,EX0,8939,2,0,0,0,0,595,2500.0
0.85,EX0,8940,1,0,0,0,0,596,2500.0
0.85,EX0,8941,4,1,1,0,1,596,2500.0
0.85,EX0,8942,1,0,0,0,0,596,2500.0
0.85,EX0,8943,0,0,0,0,0,596,2500.0
0.85,EX0,8944,3,0,0,0,0,596,2500.0
0.85,EX0,8945,0,0,0,0,0,596,2500.0
0.85,EX0,8946,1,0,0,0,0,596,2500.0
0.85,EX0,8947,2,0,0,0,0,596,2500.0
0.85,EX0,8948,0,0,0,0,0,596,2500.0
0.85,EX0,8949,3,0,0,0,0,596,2500.0
0.85,EX0,8950,0,0,0,0,0,596,2500.0
0.85,EX0,8951,2,0,0,0,0,596,2500.0
0.85,EX0,8952,3,0,0,0,0,596,2500.0
0.85,EX0,8953,1,0,0,0,0,596,2500.0
0.85,EX0,8954,1,0,0,0,0,596,2500.0
0.85,EX0,9150,1,0,0,0,0,610,2500.0
0.85,EX0,9151,2,0,0,0,0,610,2500.0
0.85,EX0,9152,0,0,0,0,0,610,2500.0
0.85,EX0,9153,1,0,0,0,0,610,2500.0
0.85,EX0,9154,2,0,0,0,0,610,2500.0
0.85,EX0,9155,2,1,1,0,1,610,2500.0
0.85,EX0,9156,2,0,0,0,0,610,2500.0
0.85,EX0,9157,0,0,0,0,0,610,2500.0
0.85,EX0,9158,2,0,0,0,0,610,2500.0
0.85,EX0,9159,0,0,0,0,0,610,2500.0
0.85,EX0,9160,1,0,0,0,0,610,2500.0
0.85,EX0,9161,1,0,0,0,0,610,2500.0
0.85,EX0,9162,0,0,0,0,0,610,2500.0
0.85,EX0,9163,1,0,0,0,0,610,2500.0
0.85,EX0,9164,5,0,0,0,0,610,2500.0
0.85,EX0,9195,1,0,0,0,0,613,2500.0
0.85,EX0,9196,1,0,0,0,0,613,2500.0
0.85,EX0,9197,2,0,0,0,0,613,2500.0
0.85,EX0,9198,0,0,0,0,0,613,2500.0
0.85,EX0,9199,2,0,0,0,0,613,2500.0
0.85,EX0,9200,0,0,0,0,0,613,2500.0
0.85,EX0,9201,0,0,0,0,0,613,2500.0
0.85,EX0,9202,0,0,0,0,0,613,2500.0
0.85,EX0,9203,3,0,0,0,0,613,2500.0
0.85,EX0,9204,3,1,1,0,1,613,2500.0
0.85,EX0,9205,3,0,0,0,0,613,2500.0
0.85,EX0,9206,0,0,0,0,0,613,2500.0
0.85,EX0,9207,1,0,0,0,0,613,2500.0
0.85,EX0,9208,2,0,0,0,0,613,2500.0
0.85,EX0,9209,0,0,0,0,0,613,2500.0
0.85,EX0,9285,4,0,0,0,0,619,2500.0
0.85,EX0,9286,1,0,0,0,0,619,2500.0
0.85,EX0,9287,0,0,0,0,0,619,2500.0
0.85,EX0,9288,3,0,0,0,0,619,2500.0
0.85,EX0,9289,1,0,0,0,0,619,2500.0
0.85,EX0,9290,3,0,0,0,0,619,2500.0
0.85,EX0,9291,1,0,0,0,0,619,2500.0
0.85,EX0,9292,1,0,0,0,0,619,2500.0
0.85,EX0,9293,4,0,0,0,0,619,2500.0
0.85,EX0,9294,2,0,0,0,0,619,2500.0
0.85,EX0,9295,0,0,0,0,0,619,2500.0
0.85,EX0,9296,0,0,0,0,0,619,2500.0
0.85,EX0,9297,1,0,0,0,0,619,2500.0
0.85,EX0,9298,2,0,0,0,0,619,2500.0
0.85,EX0,9299,2,0,0,0,0,619,2500.0
0.85,EX0,9315,0,0,0,0,0,621,2500.0
0.85,EX0,9316,0,0,0,0,0,621,2500.0
0.85,EX0,9317,2,0,0,0,0,621,2500.0
0.85,EX0,9318,2,0,0,0,0,621,2500.0
0.85,EX0,9319,1,0,0,0,0,621,2500.0
0.85,EX0,9320,2,0,0,0,0,621,2500.0
0.85,EX0,9321,2,0,0,0,0,621,2500.0
0.85,EX0,9322,0,0,0,0,0,621,2500.0
0.85,EX0,9323,2,0,0,0,0,621,2500.0
0.85,EX0,9324,0,0,0,0,0,621,2500.0
0.85,EX0,9325,0,0,0,0,0,621,2500.0
0.85,EX0,9326,1,0,0,0,0,621,2500.0
0.85,EX0,9327,1,0,0,0,0,621,2500.0
0.85,EX0,9328,4,0,0,0,0,621,2500.0
0.85,EX0,9329,4,0,0,0,0,621,2500.0
0.85,EX0,9360,3,0,0,0,0,624,2500.0
0.85,EX0,9361,2,0,0,0,0,624,2500.0
0.85,EX0,9362,3,0,0,0,0,624,2500.0
0.85,EX0,9363,1,1,1,0,1,624,2500.0
0.85,EX0,9364,1,0,0,0,0,624,2500.0
0.85,EX0,9365,2,0,0,0,0,624,2500.0
0.85,EX0,9366,1,0,0,0,0,624,2500.0
0.85,EX0,9367,2,0,0,0,0,624,2500.0
0.85,EX0,9368,3,0,0,0,0,624,2500.0
0.85,EX0,9369,2,0,0,0,0,624,2500.0
0.85,EX0,9370,1,0,0,0,0,624,2500.0
0.85,EX0,9371,3,0,0,0,0,624,2500.0
0.85,EX0,9372,1,0,0,0,0,624,2500.0
0.85,EX0,9373,2,0,0,0,0,624,2500.0
0.85,EX0,9374,3,0,0,0,0,624,2500.0
0.85,EX0,9450,1,0,0,0,0,630,2500.0
0.85,EX0,9451,0,0,0,0,0,630,2500.0
0.85,EX0,9452,2,0,0,0,0,630,2500.0
0.85,EX0,9453,3,0,0,0,0,630,2500.0
0.85,EX0,9454,0,0,0,0,0,630,2500.0
0.85,EX0,9455,2,1,1,0,1,630,2500.0
0.85,EX0,9456,2,0,0,0,0,630,2500.0
0.85,EX0,9457,4,0,0,0,0,630,2500.0
0.85,EX0,9458,3,0,0,0,0,630,2500.0
0.85,EX0,9459,3,0,0,0,0,630,2500.0
0.85,EX0,9460,0,0,0,0,0,630,2500.0
0.85,EX0,9461,2,0,0,0,0,630,2500.0
0.85,EX0,9462,4,0,0,0,0,630,2500.0
0.85,EX0,9463,2,0,0,0,0,630,2500.0
0.85,EX0,9464,0,0,0,0,0,630,2500.0
0.85,EX0,9495,4,0,0,0,0,633,2500.0
0.85,EX0,9496,0,0,0,0,0,633,2500.0
0.85,EX0,9497,1,0,0,0,0,633,2500.0
0.85,EX0,9498,2,0,0,0,0,633,2500.0
0.85,EX0,9499,2,0,0,0,0,633,2500.0
0.85,EX0,9500,0,0,0,0,0,633,2500.0
0.85,EX0,9501,4,0,0,0,0,633,2500.0
0.85,EX0,9502,0,0,0,0,0,633,2500.0
0.85,EX0,9503,3,0,0,0,0,633,2500.0
0.85,EX0,9504,0,0,0,0,0,633,2500.0
0.85,EX0,9505,1,0,0,0,0,633,2500.0
0.85,EX0,9506,1,0,0,0,0,633,2500.0
0.85,EX0,9507,0,0,0,0,0,633,2500.0
0.85,EX0,9508,2,0,0,0,0,633,2500.0
0.85,EX0,9509,4,1,1,0,1,633,2500.0
0.85,EX0,9510,2,0,0,0,0,634,2500.0
0.85,EX0,9511,4,0,0,0,0,634,2500.0
0.85,EX0,9512,2,0,0,0,0,634,2500.0
0.85,EX0,9513,1,0,0,0,0,634,2500.0
0.85,EX0,9514,1,0,0,0,0,634,2500.0
0.85,EX0,9515,1,0,0,0,0,634,2500.0
0.85,EX0,9516,0,0,0,0,0,634,2500.0
0.85,EX0,9517,2,0,0,0,0,634,2500.0
0.85,EX0,9518,2,0,0,0,0,634,2500.0
0.85,EX0,9519,1,0,0,0,0,634,2500.0
0.85,EX0,9520,0,0,0,0,0,634,2500.0
0.85,EX0,9521,1,0,0,0,0,634,2500.0
0.85,EX0,9522,1,0,0,0,0,634,2500.0
0.85,EX0,9523,2,0,0,0,0,634,2500.0
0.85,EX0,9524,0,0,0,0,0,634,2500.0
0.85,EX0,9525,2,0,0,0,0,635,2500.0
0.85,EX0,9526,2,0,0,0,0,635,2500.0
0.85,EX0,9527,2,0,0,0,0,635,2500.0
0.85,EX0,9528,0,0,0,0,0,635,2500.0
0.85,EX0,9529,2,0,0,0,0,635,2500.0
0.85,EX0,9530,1,0,0,0,0,635,2500.0
0.85,EX0,9531,2,0,0,0,0,635,2500.0
0.85,EX0,9532,2,0,0,0,0,635,2500.0
0.85,EX0,9533,2,0,0,0,0,635,2500.0
0.85,EX0,9534,1,0,0,0,0,635,2500.0
0.85,EX0,9535,0,0,0,0,0,635,2500.0
0.85,EX0,9536,2,0,0,0,0,635,2500.0
0.85,EX0,9537,1,0,0,0,0,635,2500.0
0.85,EX0,9538,4,2,2,0,1,635,2500.0
0.85,EX0,9539,2,0,0,0,0,635,2500.0
0.85,EX0,9540,2,0,0,0,0,636,2500.0
0.85,EX0,9541,1,0,0,0,0,636,2500.0
0.85,EX0,9542,3,0,0,0,0,636,2500.0
0.85,EX0,9543,2,0,0,0,0,636,2500.0
0.85,EX0,9544,0,0,0,0,0,636,2500.0
0.85,EX0,9545,2,0,0,0,0,636,2500.0
0.85,EX0,9546,0,0,0,0,0,636,2500.0
0.85,EX0,9547,2,0,0,0,0,636,2500.0
0.85,EX0,9548,1,0,0,0,0,636,2500.0
0.85,EX0,9549,0,0,0,0,0,636,2500.0
0.85,EX0,9550,1,1,1,0,0,636,2500.0
0.85,EX0,9551,2,0,0,0,0,636,2500.0
0.85,EX0,9552,1,0,0,0,0,636,2500.0
0.85,EX0,9553,0,0,0,0,0,636,2500.0
0.85,EX0,9554,1,0,0,0,0,636,2500.0
0.85,EX0,9705,1,0,0,0,0,647,2500.0
0.85,EX0,9706,2,0,0,0,0,647,2500.0
0.85,EX0,9707,1,0,0,0,0,647,2500.0
0.85,EX0,9708,2,0,0,0,0,647,2500.0
0.85,EX0,9709,3,0,0,0,0,647,2500.0
0.85,EX0,9710,1,0,0,0,0,647,2500.0
0.85,EX0,9711,0,0,0,0,0,647,2500.0
0.85,EX0,9712,1,0,0,0,0,647,2500.0
0.85,EX0,9713,0,0,0,0,0,647,2500.0
0.85,EX0,9714,2,0,0,0,0,647,2500.0
0.85,EX0,9715,2,0,0,0,0,647,2500.0
0.85,EX0,9716,2,0,0,0,0,647,2500.0
0.85,EX0,9717,2,0,0,0,0,647,2500.0
0.85,EX0,9718,2,0,0,0,0,647,2500.0
0.85,EX0,9719,0,0,0,0,0,647,2500.0
0.85,EX0,9735,0,0,0,0,0,649,2500.0
0.85,EX0,9736,1,0,0,0,0,649,2500.0
0.85,EX0,9737,2,0,0,0,0,649,2500.0
0.85,EX0,9738,2,0,0,0,0,649,2500.0
0.85,EX0,9739,1,0,0,0,0,649,2500.0
0.85,EX0,9740,3,0,0,0,0,649,2500.0
0.85,EX0,9741,1,0,0,0,0,649,2500.0
0.85,EX0,9742,1,0,0,0,0,649,2500.0
0.85,EX0,9743,1,0,0,0,0,649,2500.0
0.85,EX0,9744,2,0,0,0,0,649,2500.0
0.85,EX0,9745,0,0,0,0,0,649,2500.0
0.85,EX0,9746,2,0,0,0,0,649,2500.0
0.85,EX0,9747,0,0,0,0,0,649,2500.0
0.85,EX0,9748,1,0,0,0,0,649,2500.0
0.85,EX0,9749,2,0,0,0,0,649,2500.0
0.85,EX0,9795,2,0,0,0,0,653,2500.0
0.85,EX0,9796,0,0,0,0,0,653,2500.0
0.85,EX0,9797,1,0,0,0,0,653,2500.0
0.85,EX0,9798,0,0,0,0,0,653,2500.0
0.85,EX0,9799,2,0,0,0,0,653,2500.0
0.85,EX0,9800,4,0,0,0,0,653,2500.0
0.85,EX0,9801,2,0,0,0,0,653,2500.0
0.85,EX0,9802,1,0,0,0,0,653,2500.0
0.85,EX0,9803,2,0,0,0,0,653,2500.0
0.85,EX0,9804,2,0,0,0,0,653,2500.0
0.85,EX0,9805,0,0,0,0,0,653,2500.0
0.85,EX0,9806,1,0,0,0,0,653,2500.0
0.85,EX0,9807,0,0,0,0,0,653,2500.0
0.85,EX0,9808,2,0,0,0,0,653,2500.0
0.85,EX0,9809,1,0,0,0,0,653,2500.0
0.85,EX0,9915,3,0,0,0,0,661,2500.0
0.85,EX0,9916,1,0,0,0,0,661,2500.0
0.85,EX0,9917,1,0,0,0,0,661,2500.0
0.85,EX0,9918,0,0,0,0,0,661,2500.0
0.85,EX0,9919,2,0,0,0,0,661,2500.0
0.85,EX0,9920,2,0,0,0,0,661,2500.0
0.85,EX0,9921,2,0,0,0,0,661,2500.0
0.85,EX0,9922,0,0,0,0,0,661,2500.0
0.85,EX0,9923,2,0,0,0,0,661,2500.0
0.85,EX0,9924,1,0,0,0,0,661,2500.0
0.85,EX0,9925,1,0,0,0,0,661,2500.0
0.85,EX0,9926,2,0,0,0,0,661,2500.0
0.85,EX0,9927,0,0,0,0,0,661,2500.0
0.85,EX0,9928,0,0,0,0,0,661,2500.0
0.85,EX0,9929,4,0,0,0,0,661,2500.0
0.85,EX0,9930,3,0,0,0,0,662,2500.0
0.85,EX0,9931,1,0,0,0,0,662,2500.0
0.85,EX0,9932,2,0,0,0,0,662,2500.0
0.85,EX0,9933,1,0,0,0,0,662,2500.0
0.85,EX0,9934,1,0,0,0,0,662,2500.0
0.85,EX0,9935,4,0,0,0,0,662,2500.0
0.85,EX0,9936,0,0,0,0,0,662,2500.0
0.85,EX0,9937,3,0,0,0,0,662,2500.0
0.85,EX0,9938,3,0,0,0,0,662,2500.0
0.85,EX0,9939,2,0,0,0,0,662,2500.0
0.85,EX0,9940,0,0,0,0,0,662,2500.0
0.85,EX0,9941,0,0,0,0,0,662,2500.0
0.85,EX0,9942,2,0,0,0,0,662,2500.0
0.85,EX0,9943,0,0,0,0,0,662,2500.0
0.85,EX0,9944,2,2,2,0,1,662,2500.0
0.85,EX1,30,0,0,0,0,0,2,2500.0
0.85,EX1,31,0,0,0,0,0,2,2500.0
0.85,EX1,32,2,0,0,0,0,2,2500.0
0.85,EX1,33,2,0,0,0,0,2,2500.0
0.85,EX1,34,0,0,0,0,0,2,2500.0
0.85,EX1,35,4,0,0,0,0,2,2500.0
0.85,EX1,36,1,0,0,0,0,2,2500.0
0.85,EX1,37,1,0,0,0,0,2,2500.0
0.85,EX1,38,0,0,0,0,0,2,2500.0
0.85,EX1,39,2,0,0,0,0,2,2500.0
0.85,EX1,40,1,0,0,0,0,2,2500.0
0.85,EX1,41,2,0,0,0,0,2,2500.0
0.85,EX1,42,4,0,0,0,0,2,2500.0
0.85,EX1,43,3,1,1,0,1,2,2500.0
0.85,EX1,44,2,0,0,0,0,2,2500.0
0.85,EX1,90,0,0,0,0,0,6,2500.0
0.85,EX1,91,2,0,0,0,0,6,2500.0
0.85,EX1,92,1,0,0,0,0,6,2500.0
0.85,EX1,93,2,0,0,0,0,6,2500.0
0.85,EX1,94,3,0,0,0,0,6,2500.0
0.85,EX1,95,3,0,0,0,0,6,2500.0
0.85,EX1,96,2,0,0,0,0,6,2500.0
0.85,EX1,97,0,0,0,0,0,6,2500.0
0.85,EX1,98,1,0,0,0,0,6,2500.0
0.85,EX1,99,2,0,0,0,0,6,2500.0
0.85,EX1,100,1,0,0,0,0,6,2500.0
0.85,EX1,101,0,0,0,0,0,6,2500.0
0.85,EX1,102,0,0,0,0,0,6,2500.0
0.85,EX1,103,2,0,0,0,0,6,2500.0
0.85,EX1,104,1,0,0,0,0,6,2500.0
0.85,EX1,150,0,0,0,0,0,10,2500.0
0.85,EX1,151,0,0,0,0,0,10,2500.0
0.85,EX1,152,0,0,0,0,0,10,2500.0
0.85,EX1,153,2,0,0,0,0,10,2500.0
0.85,EX1,154,0,0,0,0,0,10,2500.0
0.85,EX1,155,2,0,0,0,0,10,2500.0
0.85,EX1,156,4,0,0,0,0,10,2500.0
0.85,EX1,157,0,0,0,0,0,10,2500.0
0.85,EX1,158,1,0,0,0,0,10,2500.0
0.85,EX1,159,0,0,0,0,0,10,2500.0
0.85,EX1,160,2,0,0,0,0,10,2500.0
0.85,EX1,161,0,0,0,0,0,10,2500.0
0.85,EX1,162,1,0,0,0,0,10,2500.0
0.85,EX1,163,3,0,0,0,0,10,2500.0
0.85,EX1,164,1,0,0,0,0,10,2500.0
0.85,EX1,270,2,0,0,0,0,18,2500.0
0.85,EX1,271,3,0,0,0,0,18,2500.0
0.85,EX1,272,1,0,0,0,0,18,2500.0
0.85,EX1,273,0,0,0,0,0,18,2500.0
0.85,EX1,274,2,0,0,0,0,18,2500.0
0.85,EX1,275,0,0,0,0,0,18,2500.0
0.85,EX1,276,2,0,0,0,0,18,2500.0
0.85,EX1,277,0,0,0,0,0,18,2500.0
0.85,EX1,278,1,0,0,0,0,18,2500.0
0.85,EX1,279,0,0,0,0,0,18,2500.0
0.85,EX1,280,0,0,0,0,0,18,2500.0
0.85,EX1,281,3,0,0,0,0,18,2500.0
0.85,EX1,282,2,0,0,0,0,18,2500.0
0.85,EX1,283,2,0,0,0,0,18,2500.0
0.85,EX1,284,1,0,0,0,0,18,2500.0
0.85,EX1,360,0,0,0,0,0,24,2500.0
0.85,EX1,361,3,0,0,0,0,24,2500.0
0.85,EX1,362,1,0,0,0,0,24,2500.0
0.85,EX1,363,3,0,0,0,0,24,2500.0
0.85,EX1,364,2,0,0,0,0,24,2500.0
0.85,EX1,365,2,0,0,0,0,24,2500.0
0.85,EX1,366,2,0,0,0,0,24,2500.0
0.85,EX1,367,6,0,0,0,0,24,2500.0
0.85,EX1,368,0,0,0,0,0,24,2500.0
0.85,EX1,369,2,0,0,0,0,24,2500.0
0.85,EX1,370,2,0,0,0,0,24,2500.0
0.85,EX1,371,2,0,0,0,0,24,2500.0
0.85,EX1,372,0,0,0,0,0,24,2500.0
0.85,EX1,373,1,0,0,0,0,24,2500.0
0.85,EX1,374,1,0,0,0,0,24,2500.0
0.85,EX1,450,1,0,0,0,0,30,2500.0
0.85,EX1,451,3,0,0,0,0,30,2500.0
0.85,EX1,452,2,0,0,0,0,30,2500.0
0.85,EX1,453,0,0,0,0,0,30,2500.0
0.85,EX1,454,4,0,0,0,0,30,2500.0
0.85,EX1,455,2,0,0,0,0,30,2500.0
0.85,EX1,456,2,1,1,0,0,30,2500.0
0.85,EX1,457,0,0,0,0,0,30,2500.0
0.85,EX1,458,0,0,0,0,0,30,2500.0
0.85,EX1,459,2,1,1,0,1,30,2500.0
0.85,EX1,460,4,0,0,0,0,30,2500.0
0.85,EX1,461,0,0,0,0,0,30,2500.0
0.85,EX1,462,1,0,0,0,0,30,2500.0
0.85,EX1,463,0,0,0,0,0,30,2500.0
0.85,EX1,464,2,0,0,0,0,30,2500.0
0.85,EX1,465,1,0,0,0,0,31,2500.0
0.85,EX1,466,0,0,0,0,0,31,2500.0
0.85,EX1,467,1,0,0,0,0,31,2500.0
0.85,EX1,468,0,0,0,0,0,31,2500.0
0.85,EX1,469,1,0,0,0,0,31,2500.0
0.85,EX1,470,3,0,0,0,0,31,2500.0
0.85,EX1,471,2,0,0,0,0,31,2500.0
0.85,EX1,472,2,0,0,0,0,31,2500.0
0.85,EX1,473,0,0,0,0,0,31,2500.0
0.85,EX1,474,1,0,0,0,0,31,2500.0
0.85,EX1,475,0,0,0,0,0,31,2500.0
0.85,EX1,476,1,0,0,0,0,31,2500.0
0.85,EX1,477,2,0,0,0,0,31,2500.0
0.85,EX1,478,1,0,0,0,0,31,2500.0
0.85,EX1,479,1,0,0,0,0,31,2500.0
0.85,EX1,585,0,0,0,0,0,39,2500.0
0.85,EX1,586,0,0,0,0,0,39,2500.0
0.85,EX1,587,3,0,0,0,0,39,2500.0
0.85,EX1,588,0,0,0,0,0,39,2500.0
0.85,EX1,589,1,0,0,0,0,39,2500.0
0.85,EX1,590,2,1,1,0,1,39,2500.0
0.85,EX1,591,1,0,0,0,0,39,2500.0
0.85,EX1,592,0,0,0,0,0,39,2500.0
0.85,EX1,593,0,0,0,0,0,39,2500.0
0.85,EX1,594,0,0,0,0,0,39,2500.0
0.85,EX1,595,1,0,0,0,0,39,2500.0
0.85,EX1,596,3,1,1,0,1,39,2500.0
0.85,EX1,597,1,0,0,0,0,39,2500.0
0.85,EX1,598,1,0,0,0,0,39,2500.0
0.85,EX1,599,2,0,0,0,0,39,2500.0
0.85,EX1,615,0,0,0,0,0,41,2500.0
0.85,EX1,616,2,0,0,0,0,41,2500.0
0.85,EX1,617,1,0,0,0,0,41,2500.0
0.85,EX1,618,1,0,0,0,0,41,2500.0
0.85,EX1,619,1,0,0,0,0,41,2500.0
0.85,EX1,620,1,0,0,0,0,41,2500.0
0.85,EX1,621,1,0,0,0,0,41,2500.0
0.85,EX1,622,1,0,0,0,0,41,2500.0
0.85,EX1,623,2,2,2,0,0,41,2500.0
0.85,EX1,624,2,0,0,0,0,41,2500.0
0.85,EX1,625,0,0,0,0,0,41,2500.0
0.85,EX1,626,1,0,0,0,0,41,2500.0
0.85,EX1,627,0,0,0,0,0,41,2500.0
0.85,EX1,628,1,0,0,0,0,41,2500.0
0.85,EX1,629,0,0,0,0,0,41,2500.0
0.85,EX1,660,3,1,1,0,1,44,2500.0
0.85,EX1,661,1,0,0,0,0,44,2500.0
0.85,EX1,662,3,0,0,0,0,44,2500.0
0.85,EX1,663,1,0,0,0,0,44,2500.0
0.85,EX1,664,0,0,0,0,0,44,2500.0
0.85,EX1,665,2,1,1,0,1,44,2500.0
0.85,EX1,666,4,0,0,0,0,44,2500.0
0.85,EX1,667,1,0,0,0,0,44,2500.0
0.85,EX1,668,2,0,0,0,0,44,2500.0
0.85,EX1,669,2,0,0,0,0,44,2500.0
0.85,EX1,670,2,0,0,0,0,44,2500.0
0.85,EX1,671,2,1,1,0,1,44,2500.0
0.85,EX1,672,1,0,0,0,0,44,2500.0
0.85,EX1,673,3,0,0,0,0,44,2500.0
0.85,EX1,674,0,0,0,0,0,44,2500.0
0.85,EX1,735,3,0,0,0,0,49,2500.0
0.85,EX1,736,0,0,0,0,0,49,2500.0
0.85,EX1,737,1,0,0,0,0,49,2500.0
0.85,EX1,738,0,0,0,0,0,49,2500.0
0.85,EX1,739,2,0,0,0,0,49,2500.0
0.85,EX1,740,1,0,0,0,0,49,2500.0
0.85,EX1,741,0,0,0,0,0,49,2500.0
0.85,EX1,742,2,0,0,0,0,49,2500.0
0.85,EX1,743,4,0,0,0,0,49,2500.0
0.85,EX1,744,3,0,0,0,0,49,2500.0
0.85,EX1,745,0,0,0,0,0,49,2500.0
0.85,EX1,746,1,1,1,0,1,49,2500.0
0.85,EX1,747,1,0,0,0,0,49,2500.0
0.85,EX1,748,0,0,0,0,0,49,2500.0
0.85,EX1,749,0,0,0,0,0,49,2500.0
0.85,EX1,810,1,0,0,0,0,54,2500.0
0.85,EX1,811,3,0,0,0,0,54,2500.0
0.85,EX1,812,2,0,0,0,0,54,2500.0
0.85,EX1,813,3,0,0,0,0,54,2500.0
0.85,EX1,814,1,0,0,0,0,54,2500.0
0.85,EX1,815,1,0,0,0,0,54,2500.0
0.85,EX1,816,1,0,0,0,0,54,2500.0
0.85,EX1,817,2,1,1,0,1,54,2500.0
0.85,EX1,818,1,0,0,0,0,54,2500.0
0.85,EX1,819,2,0,0,0,0,54,2500.0
0.85,EX1,820,0,0,0,0,0,54,2500.0
0.85,EX1,821,1,0,0,0,0,54,2500.0
0.85,EX1,822,0,0,0,0,0,54,2500.0
0.85,EX1,823,1,0,0,0,0,54,2500.0
0.85,EX1,824,1,0,0,0,0,54,2500.0
0.85,EX1,825,1,0,0,0,0,55,2500.0
0.85,EX1,826,2,0,0,0,0,55,2500.0
0.85,EX1,827,0,0,0,0,0,55,2500.0
0.85,EX1,828,5,0,0,0,0,55,2500.0
0.85,EX1,829,5,0,0,0,0,55,2500.0
0.85,EX1,830,1,0,0,0,0,55,2500.0
0.85,EX1,831,0,0,0,0,0,55,2500.0
0.85,EX1,832,2,0,0,0,0,55,2500.0
0.85,EX1,833,2,0,0,0,0,55,2500.0
0.85,EX1,834,0,0,0,0,0,55,2500.0
0.85,EX1,835,0,0,0,0,0,55,2500.0
0.85,EX1,836,2,0,0,0,0,55,2500.0
0.85,EX1,837,1,0,0,0,0,55,2500.0
0.85,EX1,838,2,0,0,0,0,55,2500.0
0.85,EX1,839,3,0,0,0,0,55,2500.0
0.85,EX1,840,2,0,0,0,0,56,2500.0
0.85,EX1,841,3,0,0,0,0,56,2500.0
0.85,EX1,842,1,0,0,0,0,56,2500.0
0.85,EX1,843,5,0,0,0,0,56,2500.0
0.85,EX1,844,1,0,0,0,0,56,2500.0
0.85,EX1,845,1,0,0,0,0,56,2500.0
0.85,EX1,846,1,0,0,0,0,56,2500.0
0.85,EX1,847,0,0,0,0,0,56,2500.0
0.85,EX1,848,1,0,0,0,0,56,2500.0
0.85,EX1,849,2,0,0,0,0,56,2500.0
0.85,EX1,850,3,0,0,0,0,56,2500.0
0.85,EX1,851,2,0,0,0,0,56,2500.0
0.85,EX1,852,2,0,0,0,0,56,2500.0
0.85,EX1,853,0,0,0,0,0,56,2500.0
0.85,EX1,854,4,0,0,0,0,56,2500.0
0.85,EX1,900,0,0,0,0,0,60,2500.0
0.85,EX1,901,2,0,0,0,0,60,2500.0
0.85,EX1,902,2,0,0,0,0,60,2500.0
0.85,EX1,903,0,0,0,0,0,60,2500.0
0.85,EX1,904,1,0,0,0,0,60,2500.0
0.85,EX1,905,3,1,1,0,1,60,2500.0
0.85,EX1,906,2,0,0,0,0,60,2500.0
0.85,EX1,907,1,0,0,0,0,60,2500.0
0.85,EX1,908,0,0,0,0,0,60,2500.0
0.85,EX1,909,3,1,1,0,1,60,2500.0
0.85,EX1,910,3,0,0,0,0,60,2500.0
0.85,EX1,911,3,0,0,0,0,60,2500.0
0.85,EX1,912,0,0,0,0,0,60,2500.0
0.85,EX1,913,1,0,0,0,0,60,2500.0
0.85,EX1,914,0,0,0,0,0,60,2500.0
0.85,EX1,945,3,0,0,0,0,63,2500.0
0.85,EX1,946,3,0,0,0,0,63,2500.0
0.85,EX1,947,1,0,0,0,0,63,2500.0
0.85,EX1,948,2,0,0,0,0,63,2500.0
0.85,EX1,949,4,0,0,0,0,63,2500.0
0.85,EX1,950,0,0,0,0,0,63,2500.0
0.85,EX1,951,2,0,0,0,0,63,2500.0
0.85,EX1,952,2,0,0,0,0,63,2500.0
0.85,EX1,953,1,0,0,0,0,63,2500.0
0.85,EX1,954,4,0,0,0,0,63,2500.0
0.85,EX1,955,3,0,0,0,0,63,2500.0
0.85,EX1,956,1,0,0,0,0,63,2500.0
0.85,EX1,957,1,0,0,0,0,63,2500.0
0.85,EX1,958,1,0,0,0,0,63,2500.0
0.85,EX1,959,2,1,1,0,1,63,2500.0
0.85,EX1,975,2,0,0,0,0,65,2500.0
0.85,EX1,976,2,0,0,0,0,65,2500.0
0.85,EX1,977,1,0,0,0,0,65,2500.0
0.85,EX1,978,1,0,0,0,0,65,2500.0
0.85,EX1,979,0,0,0,0,0,65,2500.0
0.85,EX1,980,2,0,0,0,0,65,2500.0
0.85,EX1,981,0,0,0,0,0,65,2500.0
0.85,EX1,982,3,1,1,0,0,65,2500.0
0.85,EX1,983,2,0,0,0,0,65,2500.0
0.85,EX1,984,3,1,1,0,0,65,2500.0
0.85,EX1,985,3,0,0,0,0,65,2500.0
0.85,EX1,986,4,0,0,0,0,65,2500.0
0.85,EX1,987,1,0,0,0,0,65,2500.0
0.85,EX1,988,1,0,0,0,0,65,2500.0
0.85,EX1,989,1,0,0,0,0,65,2500.0
0.85,EX1,1035,4,0,0,0,0,69,2500.0
0.85,EX1,1036,0,0,0,0,0,69,2500.0
0.85,EX1,1037,0,0,0,0,0,69,2500.0
0.85,EX1,1038,1,0,0,0,0,69,2500.0
0.85,EX1,1039,2,0,0,0,0,69,2500.0
0.85,EX1,1040,1,0,0,0,0,69,2500.0
0.85,EX1,1041,1,0,0,0,0,69,2500.0
0.85,EX1,1042,0,0,0,0,0,69,2500.0
0.85,EX1,1043,2,0,0,0,0,69,2500.0
0.85,EX1,1044,2,0,0,0,0,69,2500.0
0.85,EX1,1045,4,0,0,0,0,69,2500.0
0.85,EX1,1046,1,0,0,0,0,69,2500.0
0.85,EX1,1047,3,0,0,0,0,69,2500.0
0.85,EX1,1048,0,0,0,0,0,69,2500.0
0.85,EX1,1049,2,0,0,0,0,69,2500.0
0.85,EX1,1050,1,0,0,0,0,70,2500.0
0.85,EX1,1051,1,0,0,0,0,70,2500.0
0.85,EX1,1052,2,0,0,0,0,70,2500.0
0.85,EX1,1053,2,0,0,0,0,70,2500.0
0.85,EX1,1054,2,0,0,0,0,70,2500.0
0.85,EX1,1055,2,0,0,0,0,70,2500.0
0.85,EX1,1056,1,1,1,0,0,70,2500.0
0.85,EX1,1057,0,0,0,0,0,70,2500.0
0.85,EX1,1058,0,0,0,0,0,70,2500.0
0.85,EX1,1059,1,0,0,0,0,70,2500.0
0.85,EX1,1060,0,0,0,0,0,70,2500.0
0.85,EX1,1061,3,0,0,0,0,70,2500.0
0.85,EX1,1062,1,0,0,0,0,70,2500.0
0.85,EX1,1063,1,0,0,0,0,70,2500.0
0.85,EX1,1064,2,0,0,0,0,70,2500.0
0.85,EX1,1080,0,0,0,0,0,72,2500.0
0.85,EX1,1081,1,0,0,0,0,72,2500.0
0.85,EX1,1082,2,0,0,0,0,72,2500.0
0.85,EX1,1083,4,0,0,0,0,72,2500.0
0.85,EX1,1084,0,0,0,0,0,72,2500.0
0.85,EX1,1085,0,0,0,0,0,72,2500.0
0.85,EX1,1086,5,3,3,0,0,72,2500.0
0.85,EX1,1087,4,1,1,0,1,72,2500.0
0.85,EX1,1088,1,0,0,0,0,72,2500.0
0.85,EX1,1089,0,0,0,0,0,72,2500.0
0.85,EX1,1090,0,0,0,0,0,72,2500.0
0.85,EX1,1091,2,0,0,0,0,72,2500.0
0.85,EX1,1092,0,0,0,0,0,72,2500.0
0.85,EX1,1093,0,0,0,0,0,72,2500.0
0.85,EX1,1094,1,0,0,0,0,72,2500.0
0.85,EX1,1140,1,0,0,0,0,76,2500.0
0.85,EX1,1141,3,0,0,0,0,76,2500.0
0.85,EX1,1142,2,0,0,0,0,76,2500.0
0.85,EX1,1143,2,0,0,0,0,76,2500.0
0.85,EX1,1144,4,1,1,0,0,76,2500.0
0.85,EX1,1145,1,1,1,0,1,76,2500.0
0.85,EX1,1146,3,0,0,0,0,76,2500.0
0.85,EX1,1147,1,0,0,0,0,76,2500.0
0.85,EX1,1148,1,0,0,0,0,76,2500.0
0.85,EX1,1149,1,0,0,0,0,76,2500.0
0.85,EX1,1150,1,0,0,0,0,76,2500.0
0.85,EX1,1151,0,0,0,0,0,76,2500.0
0.85,EX1,1152,1,0,0,0,0,76,2500.0
0.85,EX1,1153,1,0,0,0,0,76,2500.0
0.85,EX1,1154,0,0,0,0,0,76,2500.0
0.85,EX1,1155,1,0,0,0,0,77,2500.0
0.85,EX1,1156,0,0,0,0,0,77,2500.0
0.85,EX1,1157,2,0,0,0,0,77,2500.0
0.85,EX1,1158,0,0,0,0,0,77,2500.0
0.85,EX1,1159,2,1,1,0,1,77,2500.0
0.85,EX1,1160,1,0,0,0,0,77,2500.0
0.85,EX1,1161,2,0,0,0,0,77,2500.0
0.85,EX1,1162,1,0,0,0,0,77,2500.0
0.85,EX1,1163,2,0,0,0,0,77,2500.0
0.85,EX1,1164,1,0,0,0,0,77,2500.0
0.85,EX1,1165,1,0,0,0,0,77,2500.0
0.85,EX1,1166,3,0,0,0,0,77,2500.0
0.85,EX1,1167,2,0,0,0,0,77,2500.0
0.85,EX1,1168,2,0,0,0,0,77,2500.0
0.85,EX1,1169,0,0,0,0,0,77,2500.0
0.85,EX1,1170,0,0,0,0,0,78,2500.0
0.85,EX1,1171,2,0,0,0,0,78,2500.0
0.85,EX1,1172,0,0,0,0,0,78,2500.0
0.85,EX1,1173,2,1,1,0,0,78,2500.0
0.85,EX1,1174,3,0,0,0,0,78,2500.0
0.85,EX1,1175,3,0,0,0,0,78,2500.0
0.85,EX1,1176,0,0,0,0,0,78,2500.0
0.85,EX1,1177,6,0,0,0,0,78,2500.0
0.85,EX1,1178,4,0,0,0,0,78,2500.0
0.85,EX1,1179,2,0,0,0,0,78,2500.0
0.85,EX1,1180,1,0,0,0,0,78,2500.0
0.85,EX1,1181,0,0,0,0,0,78,2500.0
0.85,EX1,1182,6,0,0,0,0,78,2500.0
0.85,EX1,1183,1,0,0,0,0,78,2500.0
0.85,EX1,1184,1,0,0,0,0,78,2500.0
0.85,EX1,1215,2,0,0,0,0,81,2500.0
0.85,EX1,1216,2,0,0,0,0,81,2500.0
0.85,EX1,1217,2,0,0,0,0,81,2500.0
0.85,EX1,1218,0,0,0,0,0,81,2500.0
0.85,EX1,1219,2,1,1,0,0,81,2500.0
0.85,EX1,1220,0,0,0,0,0,81,2500.0
0.85,EX1,1221,2,0,0,0,0,81,2500.0
0.85,EX1,1222,2,0,0,0,0,81,2500.0
0.85,EX1,1223,0,0,0,0,0,81,2500.0
0.85,EX1,1224,0,0,0,0,0,81,2500.0
0.85,EX1,1225,0,0,0,0,0,81,2500.0
0.85,EX1,1226,3,0,0,0,0,81,2500.0
0.85,EX1,1227,1,0,0,0,0,81,2500.0
0.85,EX1,1228,4,1,1,0,0,81,2500.0
0.85,EX1,1229,2,0,0,0,0,81,2500.0
0.85,EX1,1230,1,0,0,0,0,82,2500.0
0.85,EX1,1231,1,0,0,0,0,82,2500.0
0.85,EX1,1232,2,0,0,0,0,82,2500.0
0.85,EX1,1233,1,0,0,0,0,82,2500.0
0.85,EX1,1234,0,0,0,0,0,82,2500.0
0.85,EX1,1235,2,0,0,0,0,82,2500.0
0.85,EX1,1236,2,0,0,0,0,82,2500.0
0.85,EX1,1237,1,1,1,0,1,82,2500.0
0.85,EX1,1238,0,0,0,0,0,82,2500.0
0.85,EX1,1239,1,0,0,0,0,82,2500.0
0.85,EX1,1240,2,0,0,0,0,82,2500.0
0.85,EX1,1241,2,0,0,0,0,82,2500.0
0.85,EX1,1242,2,1,1,0,0,82,2500.0
0.85,EX1,1243,3,0,0,0,0,82,2500.0
0.85,EX1,1244,2,0,0,0,0,82,2500.0
0.85,EX1,1290,3,0,0,0,0,86,2500.0
0.85,EX1,1291,1,0,0,0,0,86,2500.0
0.85,EX1,1292,0,0,0,0,0,86,2500.0
0.85,EX1,1293,2,0,0,0,0,86,2500.0
0.85,EX1,1294,2,0,0,0,0,86,2500.0
0.85,EX1,1295,3,0,0,0,0,86,2500.0
0.85,EX1,1296,1,0,0,0,0,86,2500.0
0.85,EX1,1297,2,0,0,0,0,86,2500.0
0.85,EX1,1298,2,0,0,0,0,86,2500.0
0.85,EX1,1299,2,0,0,0,0,86,2500.0
0.85,EX1,1300,2,0,0,0,0,86,2500.0
0.85,EX1,1301,1,0,0,0,0,86,2500.0
0.85,EX1,1302,0,0,0,0,0,86,2500.0
0.85,EX1,1303,1,0,0,0,0,86,2500.0
0.85,EX1,1304,2,0,0,0,0,86,2500.0
0.85,EX1,1350,2,0,0,0,0,90,2500.0
0.85,EX1,1351,2,0,0,0,0,90,2500.0
0.85,EX1,1352,1,0,0,0,0,90,2500.0
0.85,EX1,1353,3,0,0,0,0,90,2500.0
0.85,EX1,1354,3,0,0,0,0,90,2500.0
0.85,EX1,1355,1,1,1,0,0,90,2500.0
0.85,EX1,1356,1,0,0,0,0,90,2500.0
0.85,EX1,1357,1,0,0,0,0,90,2500.0
0.85,EX1,1358,2,0,0,0,0,90,2500.0
0.85,EX1,1359,0,0,0,0,0,90,2500.0
0.85,EX1,1360,2,0,0,0,0,90,2500.0
0.85,EX1,1361,2,0,0,0,0,90,2500.0
0.85,EX1,1362,2,0,0,0,0,90,2500.0
0.85,EX1,1363,1,0,0,0,0,90,2500.0
0.85,EX1,1364,1,0,0,0,0,90,2500.0
0.85,EX1,1515,2,0,0,0,0,101,2500.0
0.85,EX1,1516,1,0,0,0,0,101,2500.0
0.85,EX1,1517,1,0,0,0,0,101,2500.0
0.85,EX1,1518,1,0,0,0,0,101,2500.0
0.85,EX1,1519,2,0,0,0,0,101,2500.0
0.85,EX1,1520,2,0,0,0,0,101,2500.0
0.85,EX1,1521,1,0,0,0,0,101,2500.0
0.85,EX1,1522,0,0,0,0,0,101,2500.0
0.85,EX1,1523,2,0,0,0,0,101,2500.0
0.85,EX1,1524,2,1,1,0,1,101,2500.0
0.85,EX1,1525,3,0,0,0,0,101,2500.0
0.85,EX1,1526,1,0,0,0,0,101,2500.0
0.85,EX1,1527,1,0,0,0,0,101,2500.0
0.85,EX1,1528,1,0,0,0,0,101,2500.0
0.85,EX1,1529,1,0,0,0,0,101,2500.0
0.85,EX1,1620,0,0,0,0,0,108,2500.0
0.85,EX1,1621,1,0,0,0,0,108,2500.0
0.85,EX1,1622,1,0,0,0,0,108,2500.0
0.85,EX1,1623,3,0,0,0,0,108,2500.0
0.85,EX1,1624,2,0,0,0,0,108,2500.0
0.85,EX1,1625,0,0,0,0,0,108,2500.0
0.85,EX1,1626,2,0,0,0,0,108,2500.0
0.85,EX1,1627,4,0,0,0,0,108,2500.0
0.85,EX1,1628,2,0,0,0,0,108,2500.0
0.85,EX1,1629,3,0,0,0,0,108,2500.0
0.85,EX1,1630,1,0,0,0,0,108,2500.0
0.85,EX1,1631,1,0,0,0,0,108,2500.0
0.85,EX1,1632,2,0,0,0,0,108,2500.0
0.85,EX1,1633,0,0,0,0,0,108,2500.0
0.85,EX1,1634,1,0,0,0,0,108,2500.0
0.85,EX1,1635,1,0,0,0,0,109,2500.0
0.85,EX1,1636,1,0,0,0,0,109,2500.0
0.85,EX1,1637,2,0,0,0,0,109,2500.0
0.85,EX1,1638,1,0,0,0,0,109,2500.0
0.85,EX1,1639,1,0,0,0,0,109,2500.0
0.85,EX1,1640,1,0,0,0,0,109,2500.0
0.85,EX1,1641,1,0,0,0,0,109,2500.0
0.85,EX1,1642,3,0,0,0,0,109,2500.0
0.85,EX1,1643,1,0,0,0,0,109,2500.0
0.85,EX1,1644,1,0,0,0,0,109,2500.0
0.85,EX1,1645,4,1,1,0,0,109,2500.0
0.85,EX1,1646,1,0,0,0,0,109,2500.0
0.85,EX1,1647,3,0,0,0,0,109,2500.0
0.85,EX1,1648,2,1,1,0,1,109,2500.0
0.85,EX1,1649,1,1,1,0,1,109,2500.0
0.85,EX1,1650,2,0,0,0,0,110,2500.0
0.85,EX1,1651,1,0,0,0,0,110,2500.0
0.85,EX1,1652,1,0,0,0,0,110,2500.0
0.85,EX1,1653,0,0,0,0,0,110,2500.0
0.85,EX1,1654,0,0,0,0,0,110,2500.0
0.85,EX1,1655,0,0,0,0,0,110,2500.0
0.85,EX1,1656,0,0,0,0,0,110,2500.0
0.85,EX1,1657,1,0,0,0,0,110,2500.0
0.85,EX1,1658,1,0,0,0,0,110,2500.0
0.85,EX1,1659,1,1,1,0,1,110,2500.0
0.85,EX1,1660,0,0,0,0,0,110,2500.0
0.85,EX1,1661,0,0,0,0,0,110,2500.0
0.85,EX1,1662,1,0,0,0,0,110,2500.0
0.85,EX1,1663,1,0,0,0,0,110,2500.0
0.85,EX1,1664,2,0,0,0,0,110,2500.0
0.85,EX1,1770,0,0,0,0,0,118,2500.0
0.85,EX1,1771,1,1,1,0,0,118,2500.0
0.85,EX1,1772,6,1,0,1,0,118,2500.0
0.85,EX1,1773,2,0,0,0,0,118,2500.0
0.85,EX1,1774,0,0,0,0,0,118,2500.0
0.85,EX1,1775,4,0,0,0,0,118,2500.0
0.85,EX1,1776,2,0,0,0,0,118,2500.0
0.85,EX1,1777,1,0,0,0,0,118,2500.0
0.85,EX1,1778,2,0,0,0,0,118,2500.0
0.85,EX1,1779,0,0,0,0,0,118,2500.0
0.85,EX1,1780,3,1,1,0,1,118,2500.0
0.85,EX1,1781,2,0,0,0,0,118,2500.0
0.85,EX1,1782,0,0,0,0,0,118,2500.0
0.85,EX1,1783,3,2,2,0,2,118,2500.0
0.85,EX1,1784,4,0,0,0,0,118,2500.0
0.85,EX1,1800,1,0,0,0,0,120,2500.0
0.85,EX1,1801,0,0,0,0,0,120,2500.0
0.85,EX1,1802,0,0,0,0,0,120,2500.0
0.85,EX1,1803,1,0,0,0,0,120,2500.0
0.85,EX1,1804,1,0,0,0,0,120,2500.0
0.85,EX1,1805,2,0,0,0,0,120,2500.0
0.85,EX1,1806,3,1,1,0,1,120,2500.0
0.85,EX1,1807,0,0,0,0,0,120,2500.0
0.85,EX1,1808,4,0,0,0,0,120,2500.0
0.85,EX1,1809,0,0,0,0,0,120,2500.0
0.85,EX1,1810,0,0,0,0,0,120,2500.0
0.85,EX1,1811,0,0,0,0,0,120,2500.0
0.85,EX1,1812,3,0,0,0,0,120,2500.0
0.85,EX1,1813,1,0,0,0,0,120,2500.0
0.85,EX1,1814,2,0,0,0,0,120,2500.0
0.85,EX1,1965,1,0,0,0,0,131,2500.0
0.85,EX1,1966,1,0,0,0,0,131,2500.0
0.85,EX1,1967,1,0,0,0,0,131,2500.0
0.85,EX1,1968,1,0,0,0,0,131,2500.0
0.85,EX1,1969,1,0,0,0,0,131,2500.0
0.85,EX1,1970,1,0,0,0,0,131,2500.0
0.85,EX1,1971,3,0,0,0,0,131,2500.0
0.85,EX1,1972,3,0,0,0,0,131,2500.0
0.85,EX1,1973,0,0,0,0,0,131,2500.0
0.85,EX1,1974,3,0,0,0,0,131,2500.0
0.85,EX1,1975,2,0,0,0,0,131,2500.0
0.85,EX1,1976,2,0,0,0,0,131,2500.0
0.85,EX1,1977,2,0,0,0,0,131,2500.0
0.85,EX1,1978,3,0,0,0,0,131,2500.0
0.85,EX1,1979,3,0,0,0,0,131,2500.0
0.85,EX1,1980,2,0,0,0,0,132,2500.0
0.85,EX1,1981,2,0,0,0,0,132,2500.0
0.85,EX1,1982,0,0,0,0,0,132,2500.0
0.85,EX1,1983,2,1,1,0,1,132,2500.0
0.85,EX1,1984,0,0,0,0,0,132,2500.0
0.85,EX1,1985,0,0,0,0,0,132,2500.0
0.85,EX1,1986,1,0,0,0,0,132,2500.0
0.85,EX1,1987,1,0,0,0,0,132,2500.0
0.85,EX1,1988,1,0,0,0,0,132,2500.0
0.85,EX1,1989,2,0,0,0,0,132,2500.0
0.85,EX1,1990,1,0,0,0,0,132,2500.0
0.85,EX1,1991,2,0,0,0,0,132,2500.0
0.85,EX1,1992,0,0,0,0,0,132,2500.0
0.85,EX1,1993,1,0,0,0,0,132,2500.0
0.85,EX1,1994,1,0,0,0,0,132,2500.0
0.85,EX1,1995,0,0,0,0,0,133,2500.0
0.85,EX1,1996,0,0,0,0,0,133,2500.0
0.85,EX1,1997,1,0,0,0,0,133,2500.0
0.85,EX1,1998,1,0,0,0,0,133,2500.0
0.85,EX1,1999,2,0,0,0,0,133,2500.0
0.85,EX1,2000,3,0,0,0,0,133,2500.0
0.85,EX1,2001,1,0,0,0,0,133,2500.0
0.85,EX1,2002,0,0,0,0,0,133,2500.0
0.85,EX1,2003,2,0,0,0,0,133,2500.0
0.85,EX1,2004,1,0,0,0,0,133,2500.0
0.85,EX1,2005,2,0,0,0,0,133,2500.0
0.85,EX1,2006,1,0,0,0,0,133,2500.0
0.85,EX1,2007,0,0,0,0,0,133,2500.0
0.85,EX1,2008,0,0,0,0,0,133,2500.0
0.85,EX1,2009,11,0,0,0,0,133,2500.0
0.85,EX1,2025,1,0,0,0,0,135,2500.0
0.85,EX1,2026,1,0,0,0,0,135,2500.0
0.85,EX1,2027,1,0,0,0,0,135,2500.0
0.85,EX1,2028,2,0,0,0,0,135,2500.0
0.85,EX1,2029,0,0,0,0,0,135,2500.0
0.85,EX1,2030,0,0,0,0,0,135,2500.0
0.85,EX1,2031,1,0,0,0,0,135,2500.0
0.85,EX1,2032,5,1,1,0,1,135,2500.0
0.85,EX1,2033,1,0,0,0,0,135,2500.0
0.85,EX1,2034,2,0,0,0,0,135,2500.0
0.85,EX1,2035,3,0,0,0,0,135,2500.0
0.85,EX1,2036,0,0,0,0,0,135,2500.0
0.85,EX1,2037,4,0,0,0,0,135,2500.0
0.85,EX1,2038,1,0,0,0,0,135,2500.0
0.85,EX1,2039,3,0,0,0,0,135,2500.0
0.85,EX1,2040,2,0,0,0,0,136,2500.0
0.85,EX1,2041,1,0,0,0,0,136,2500.0
0.85,EX1,2042,1,0,0,0,0,136,2500.0
0.85,EX1,2043,0,0,0,0,0,136,2500.0
0.85,EX1,2044,3,0,0,0,0,136,2500.0
0.85,EX1,2045,1,0,0,0,0,136,2500.0
0.85,EX1,2046,0,0,0,0,0,136,2500.0
0.85,EX1,2047,0,0,0,0,0,136,2500.0
0.85,EX1,2048,1,0,0,0,0,136,2500.0
0.85,EX1,2049,0,0,0,0,0,136,2500.0
0.85,EX1,2050,2,0,0,0,0,136,2500.0
0.85,EX1,2051,4,0,0,0,0,136,2500.0
0.85,EX1,2052,1,0,0,0,0,136,2500.0
0.85,EX1,2053,5,0,0,0,0,136,2500.0
0.85,EX1,2054,1,0,0,0,0,136,2500.0
0.85,EX1,2220,2,0,0,0,0,148,2500.0
0.85,EX1,2221,0,0,0,0,0,148,2500.0
0.85,EX1,2222,4,0,0,0,0,148,2500.0
0.85,EX1,2223,0,0,0,0,0,148,2500.0
0.85,EX1,2224,4,0,0,0,0,148,2500.0
0.85,EX1,2225,3,0,0,0,0,148,2500.0
0.85,EX1,2226,0,0,0,0,0,148,2500.0
0.85,EX1,2227,3,0,0,0,0,148,2500.0
0.85,EX1,2228,0,0,0,0,0,148,2500.0
0.85,EX1,2229,3,0,0,0,0,148,2500.0
0.85,EX1,2230,2,0,0,0,0,148,2500.0
0.85,EX1,2231,2,0,0,0,0,148,2500.0
0.85,EX1,2232,4,0,0,0,0,148,2500.0
0.85,EX1,2233,1,0,0,0,0,148,2500.0
0.85,EX1,2234,1,1,1,0,0,148,2500.0
0.85,EX1,2325,0,0,0,0,0,155,2500.0
0.85,EX1,2326,0,0,0,0,0,155,2500.0
0.85,EX1,2327,1,0,0,0,0,155,2500.0
0.85,EX1,2328,1,0,0,0,0,155,2500.0
0.85,EX1,2329,1,0,0,0,0,155,2500.0
0.85,EX1,2330,4,0,0,0,0,155,2500.0
0.85,EX1,2331,0,0,0,0,0,155,2500.0
0.85,EX1,2332,0,0,0,0,0,155,2500.0
0.85,EX1,2333,1,0,0,0,0,155,2500.0
0.85,EX1,2334,0,0,0,0,0,155,2500.0
0.85,EX1,2335,1,0,0,0,0,155,2500.0
0.85,EX1,2336,1,0,0,0,0,155,2500.0
0.85,EX1,2337,2,1,1,0,1,155,2500.0
0.85,EX1,2338,3,0,0,0,0,155,2500.0
0.85,EX1,2339,3,1,1,0,0,155,2500.0
0.85,EX1,2370,1,0,0,0,0,158,2500.0
0.85,EX1,2371,3,0,0,0,0,158,2500.0
0.85,EX1,2372,1,0,0,0,0,158,2500.0
0.85,EX1,2373,0,0,0,0,0,158,2500.0
0.85,EX1,2374,0,0,0,0,0,158,2500.0
0.85,EX1,2375,4,0,0,0,0,158,2500.0
0.85,EX1,2376,0,0,0,0,0,158,2500.0
0.85,EX1,2377,3,0,0,0,0,158,2500.0
0.85,EX1,2378,1,0,0,0,0,158,2500.0
0.85,EX1,2379,2,0,0,0,0,158,2500.0
0.85,EX1,2380,2,0,0,0,0,158,2500.0
0.85,EX1,2381,1,0,0,0,0,158,2500.0
0.85,EX1,2382,2,0,0,0,0,158,2500.0
0.85,EX1,2383,2,0,0,0,0,158,2500.0
0.85,EX1,2384,3,0,0,0,0,158,2500.0
0.85,EX1,2460,0,0,0,0,0,164,2500.0
0.85,EX1,2461,1,0,0,0,0,164,2500.0
0.85,EX1,2462,3,0,0,0,0,164,2500.0
0.85,EX1,2463,1,0,0,0,0,164,2500.0
0.85,EX1,2464,1,0,0,0,0,164,2500.0
0.85,EX1,2465,0,0,0,0,0,164,2500.0
0.85,EX1,2466,0,0,0,0,0,164,2500.0
0.85,EX1,2467,2,0,0,0,0,164,2500.0
0.85,EX1,2468,1,0,0,0,0,164,2500.0
0.85,EX1,2469,1,0,0,0,0,164,2500.0
0.85,EX1,2470,0,0,0,0,0,164,2500.0
0.85,EX1,2471,1,0,0,0,0,164,2500.0
0.85,EX1,2472,1,0,0,0,0,164,2500.0
0.85,EX1,2473,2,0,0,0,0,164,2500.0
0.85,EX1,2474,1,0,0,0,0,164,2500.0
0.85,EX1,2475,0,0,0,0,0,165,2500.0
0.85,EX1,2476,1,0,0,0,0,165,2500.0
0.85,EX1,2477,2,0,0,0,0,165,2500.0
0.85,EX1,2478,1,0,0,0,0,165,2500.0
0.85,EX1,2479,5,1,1,0,1,165,2500.0
0.85,EX1,2480,2,0,0,0,0,165,2500.0
0.85,EX1,2481,0,0,0,0,0,165,2500.0
0.85,EX1,2482,1,0,0,0,0,165,2500.0
0.85,EX1,2483,1,0,0,0,0,165,2500.0
0.85,EX1,2484,5,1,1,0,1,165,2500.0
0.85,EX1,2485,0,0,0,0,0,165,2500.0
0.85,EX1,2486,2,0,0,0,0,165,2500.0
0.85,EX1,2487,0,0,0,0,0,165,2500.0
0.85,EX1,2488,2,0,0,0,0,165,2500.0
0.85,EX1,2489,2,0,0,0,0,165,2500.0
0.85,EX1,2640,2,1,1,0,0,176,2500.0
0.85,EX1,2641,3,0,0,0,0,176,2500.0
0.85,EX1,2642,2,0,0,0,0,176,2500.0
0.85,EX1,2643,1,0,0,0,0,176,2500.0
0.85,EX1,2644,2,0,0,0,0,176,2500.0
0.85,EX1,2645,4,0,0,0,0,176,2500.0
0.85,EX1,2646,1,0,0,0,0,176,2500.0
0.85,EX1,2647,3,0,0,0,0,176,2500.0
0.85,EX1,2648,3,1,1,0,1,176,2500.0
0.85,EX1,2649,4,0,0,0,0,176,2500.0
0.85,EX1,2650,1,0,0,0,0,176,2500.0
0.85,EX1,2651,4,0,0,0,0,176,2500.0
0.85,EX1,2652,1,0,0,0,0,176,2500.0
0.85,EX1,2653,2,0,0,0,0,176,2500.0
0.85,EX1,2654,1,0,0,0,0,176,2500.0
0.85,EX1,2715,1,0,0,0,0,181,2500.0
0.85,EX1,2716,2,0,0,0,0,181,2500.0
0.85,EX1,2717,0,0,0,0,0,181,2500.0
0.85,EX1,2718,3,0,0,0,0,181,2500.0
0.85,EX1,2719,3,0,0,0,0,181,2500.0
0.85,EX1,2720,3,0,0,0,0,181,2500.0
0.85,EX1,2721,2,0,0,0,0,181,2500.0
0.85,EX1,2722,1,0,0,0,0,181,2500.0
0.85,EX1,2723,0,0,0,0,0,181,2500.0
0.85,EX1,2724,1,0,0,0,0,181,2500.0
0.85,EX1,2725,1,0,0,0,0,181,2500.0
0.85,EX1,2726,0,0,0,0,0,181,2500.0
0.85,EX1,2727,2,0,0,0,0,181,2500.0
0.85,EX1,2728,0,0,0,0,0,181,2500.0
0.85,EX1,2729,0,0,0,0,0,181,2500.0
0.85,EX1,2730,1,0,0,0,0,182,2500.0
0.85,EX1,2731,1,0,0,0,0,182,2500.0
0.85,EX1,2732,3,1,1,0,0,182,2500.0
0.85,EX1,2733,1,0,0,0,0,182,2500.0
0.85,EX1,2734,1,0,0,0,0,182,2500.0
0.85,EX1,2735,0,0,0,0,0,182,2500.0
0.85,EX1,2736,1,0,0,0,0,182,2500.0
0.85,EX1,2737,1,0,0,0,0,182,2500.0
0.85,EX1,2738,1,0,0,0,0,182,2500.0
0.85,EX1,2739,2,1,1,0,1,182,2500.0
0.85,EX1,2740,2,0,0,0,0,182,2500.0
0.85,EX1,2741,6,0,0,0,0,182,2500.0
0.85,EX1,2742,0,0,0,0,0,182,2500.0
0.85,EX1,2743,3,1,1,0,0,182,2500.0
0.85,EX1,2744,2,1,1,0,0,182,2500.0
0.85,EX1,2880,1,0,0,0,0,192,2500.0
0.85,EX1,2881,2,0,0,0,0,192,2500.0
0.85,EX1,2882,1,0,0,0,0,192,2500.0
0.85,EX1,2883,1,0,0,0,0,192,2500.0
0.85,EX1,2884,1,0,0,0,0,192,2500.0
0.85,EX1,2885,1,0,0,0,0,192,2500.0
0.85,EX1,2886,0,0,0,0,0,192,2500.0
0.85,EX1,2887,1,0,0,0,0,192,2500.0
0.85,EX1,2888,2,0,0,0,0,192,2500.0
0.85,EX1,2889,1,0,0,0,0,192,2500.0
0.85,EX1,2890,3,0,0,0,0,192,2500.0
0.85,EX1,2891,5,0,0,0,0,192,2500.0
0.85,EX1,2892,1,0,0,0,0,192,2500.0
0.85,EX1,2893,1,0,0,0,0,192,2500.0
0.85,EX1,2894,1,0,0,0,0,192,2500.0
0.85,EX1,2985,3,0,0,0,0,199,2500.0
0.85,EX1,2986,1,0,0,0,0,199,2500.0
0.85,EX1,2987,2,0,0,0,0,199,2500.0
0.85,EX1,2988,1,0,0,0,0,199,2500.0
0.85,EX1,2989,1,0,0,0,0,199,2500.0
0.85,EX1,2990,0,0,0,0,0,199,2500.0
0.85,EX1,2991,0,0,0,0,0,199,2500.0
0.85,EX1,2992,1,0,0,0,0,199,2500.0
0.85,EX1,2993,1,0,0,0,0,199,2500.0
0.85,EX1,2994,1,0,0,0,0,199,2500.0
0.85,EX1,2995,1,0,0,0,0,199,2500.0
0.85,EX1,2996,0,0,0,0,0,199,2500.0
0.85,EX1,2997,0,0,0,0,0,199,2500.0
0.85,EX1,2998,4,0,0,0,0,199,2500.0
0.85,EX1,2999,2,0,0,0,0,199,2500.0
0.85,EX1,3060,0,0,0,0,0,204,2500.0
0.85,EX1,3061,1,1,1,0,1,204,2500.0
0.85,EX1,3062,2,0,0,0,0,204,2500.0
0.85,EX1,3063,2,1,1,0,0,204,2500.0
0.85,EX1,3064,2,0,0,0,0,204,2500.0
0.85,EX1,3065,1,0,0,0,0,204,2500.0
0.85,EX1,3066,2,0,0,0,0,204,2500.0
0.85,EX1,3067,2,0,0,0,0,204,2500.0
0.85,EX1,3068,2,0,0,0,0,204,2500.0
0.85,EX1,3069,1,0,0,0,0,204,2500.0
0.85,EX1,3070,2,0,0,0,0,204,2500.0
0.85,EX1,3071,0,0,0,0,0,204,2500.0
0.85,EX1,3072,4,0,0,0,0,204,2500.0
0.85,EX1,3073,1,0,0,0,0,204,2500.0
0.85,EX1,3074,2,1,1,0,0,204,2500.0
0.85,EX1,3135,1,0,0,0,0,209,2500.0
0.85,EX1,3136,2,0,0,0,0,209,2500.0
0.85,EX1,3137,0,0,0,0,0,209,2500.0
0.85,EX1,3138,2,0,0,0,0,209,2500.0
0.85,EX1,3139,3,1,1,0,0,209,2500.0
0.85,EX1,3140,4,0,0,0,0,209,2500.0
0.85,EX1,3141,3,0,0,0,0,209,2500.0
0.85,EX1,3142,1,0,0,0,0,209,2500.0
0.85,EX1,3143,0,0,0,0,0,209,2500.0
0.85,EX1,3144,3,0,0,0,0,209,2500.0
0.85,EX1,3145,2,0,0,0,0,209,2500.0
0.85,EX1,3146,0,0,0,0,0,209,2500.0
0.85,EX1,3147,3,0,0,0,0,209,2500.0
0.85,EX1,3148,3,0,0,0,0,209,2500.0
0.85,EX1,3149,0,0,0,0,0,209,2500.0
0.85,EX1,3150,2,0,0,0,0,210,2500.0
0.85,EX1,3151,1,0,0,0,0,210,2500.0
0.85,EX1,3152,0,0,0,0,0,210,2500.0
0.85,EX1,3153,4,0,0,0,0,210,2500.0
0.85,EX1,3154,1,0,0,0,0,210,2500.0
0.85,EX1,3155,0,0,0,0,0,210,2500.0
0.85,EX1,3156,1,0,0,0,0,210,2500.0
0.85,EX1,3157,2,0,0,0,0,210,2500.0
0.85,EX1,3158,1,0,0,0,0,210,2500.0
0.85,EX1,3159,0,0,0,0,0,210,2500.0
0.85,EX1,3160,4,0,0,0,0,210,2500.0
0.85,EX1,3161,0,0,0,0,0,210,2500.0
0.85,EX1,3162,1,0,0,0,0,210,2500.0
0.85,EX1,3163,5,0,0,0,0,210,2500.0
0.85,EX1,3164,1,0,0,0,0,210,2500.0
0.85,EX1,3165,4,0,0,0,0,211,2500.0
0.85,EX1,3166,0,0,0,0,0,211,2500.0
0.85,EX1,3167,2,0,0,0,0,211,2500.0
0.85,EX1,3168,1,0,0,0,0,211,2500.0
0.85,EX1,3169,3,0,0,0,0,211,2500.0
0.85,EX1,3170,4,0,0,0,0,211,2500.0
0.85,EX1,3171,4,0,0,0,0,211,2500.0
0.85,EX1,3172,2,0,0,0,0,211,2500.0
0.85,EX1,3173,1,0,0,0,0,211,2500.0
0.85,EX1,3174,1,0,0,0,0,211,2500.0
0.85,EX1,3175,0,0,0,0,0,211,2500.0
0.85,EX1,3176,0,0,0,0,0,211,2500.0
0.85,EX1,3177,0,0,0,0,0,211,2500.0
0.85,EX1,3178,3,0,0,0,0,211,2500.0
0.85,EX1,3179,0,0,0,0,0,211,2500.0
0.85,EX1,3195,0,0,0,0,0,213,2500.0
0.85,EX1,3196,2,0,0,0,0,213,2500.0
0.85,EX1,3197,1,0,0,0,0,213,2500.0
0.85,EX1,3198,2,0,0,0,0,213,2500.0
0.85,EX1,3199,3,0,0,0,0,213,2500.0
0.85,EX1,3200,2,0,0,0,0,213,2500.0
0.85,EX1,3201,1,0,0,0,0,213,2500.0
0.85,EX1,3202,0,0,0,0,0,213,2500.0
0.85,EX1,3203,1,0,0,0,0,213,2500.0
0.85,EX1,3204,1,0,0,0,0,213,2500.0
0.85,EX1,3205,4,0,0,0,0,213,2500.0
0.85,EX1,3206,2,0,0,0,0,213,2500.0
0.85,EX1,3207,1,0,0,0,0,213,2500.0
0.85,EX1,3208,2,0,0,0,0,213,2500.0
0.85,EX1,3209,1,0,0,0,0,213,2500.0
0.85,EX1,3270,2,0,0,0,0,218,2500.0
0.85,EX1,3271,2,0,0,0,0,218,2500.0
0.85,EX1,3272,2,0,0,0,0,218,2500.0
0.85,EX1,3273,1,0,0,0,0,218,2500.0
0.85,EX1,3274,7,1,1,0,1,218,2500.0
0.85,EX1,3275,1,0,0,0,0,218,2500.0
0.85,EX1,3276,5,0,0,0,0,218,2500.0
0.85,EX1,3277,0,0,0,0,0,218,2500.0
0.85,EX1,3278,3,0,0,0,0,218,2500.0
0.85,EX1,3279,1,0,0,0,0,218,2500.0
0.85,EX1,3280,4,0,0,0,0,218,2500.0
0.85,EX1,3281,0,0,0,0,0,218,2500.0
0.85,EX1,3282,0,0,0,0,0,218,2500.0
0.85,EX1,3283,1,0,0,0,0,218,2500.0
0.85,EX1,3284,0,0,0,0,0,218,2500.0
0.85,EX1,3300,2,0,0,0,0,220,2500.0
0.85,EX1,3301,0,0,0,0,0,220,2500.0
0.85,EX1,3302,0,0,0,0,0,220,2500.0
0.85,EX1,3303,2,0,0,0,0,220,2500.0
0.85,EX1,3304,0,0,0,0,0,220,2500.0
0.85,EX1,3305,1,0,0,0,0,220,2500.0
0.85,EX1,3306,1,0,0,0,0,220,2500.0
0.85,EX1,3307,2,0,0,0,0,220,2500.0
0.85,EX1,3308,3,0,0,0,0,220,2500.0
0.85,EX1,3309,0,0,0,0,0,220,2500.0
0.85,EX1,3310,2,2,2,0,0,220,2500.0
0.85,EX1,3311,3,0,0,0,0,220,2500.0
0.85,EX1,3312,1,0,0,0,0,220,2500.0
0.85,EX1,3313,1,0,0,0,0,220,2500.0
0.85,EX1,3314,1,0,0,0,0,220,2500.0
0.85,EX1,3405,3,0,0,0,0,227,2500.0
0.85,EX1,3406,0,0,0,0,0,227,2500.0
0.85,EX1,3407,0,0,0,0,0,227,2500.0
0.85,EX1,3408,0,0,0,0,0,227,2500.0
0.85,EX1,3409,2,0,0,0,0,227,2500.0
0.85,EX1,3410,1,0,0,0,0,227,2500.0
0.85,EX1,3411,0,0,0,0,0,227,2500.0
0.85,EX1,3412,2,0,0,0,0,227,2500.0
0.85,EX1,3413,1,0,0,0,0,227,2500.0
0.85,EX1,3414,2,0,0,0,0,227,2500.0
0.85,EX1,3415,1,0,0,0,0,227,2500.0
0.85,EX1,3416,3,0,0,0,0,227,2500.0
0.85,EX1,3417,4,1,1,0,1,227,2500.0
0.85,EX1,3418,1,0,0,0,0,227,2500.0
0.85,EX1,3419,2,0,0,0,0,227,2500.0
0.85,EX1,3525,1,0,0,0,0,235,2500.0
0.85,EX1,3526,1,0,0,0,0,235,2500.0
0.85,EX1,3527,1,0,0,0,0,235,2500.0
0.85,EX1,3528,3,0,0,0,0,235,2500.0
0.85,EX1,3529,1,0,0,0,0,235,2500.0
0.85,EX1,3530,1,0,0,0,0,235,2500.0
0.85,EX1,3531,2,0,0,0,0,235,2500.0
0.85,EX1,3532,2,0,0,0,0,235,2500.0
0.85,EX1,3533,1,0,0,0,0,235,2500.0
0.85,EX1,3534,1,0,0,0,0,235,2500.0
0.85,EX1,3535,0,0,0,0,0,235,2500.0
0.85,EX1,3536,2,0,0,0,0,235,2500.0
0.85,EX1,3537,2,1,1,0,1,235,2500.0
0.85,EX1,3538,3,0,0,0,0,235,2500.0
0.85,EX1,3539,2,0,0,0,0,235,2500.0
0.85,EX1,3660,3,0,0,0,0,244,2500.0
0.85,EX1,3661,9,2,2,0,0,244,2500.0
0.85,EX1,3662,2,0,0,0,0,244,2500.0
0.85,EX1,3663,0,0,0,0,0,244,2500.0
0.85,EX1,3664,1,0,0,0,0,244,2500.0
0.85,EX1,3665,1,0,0,0,0,244,2500.0
0.85,EX1,3666,1,0,0,0,0,244,2500.0
0.85,EX1,3667,0,0,0,0,0,244,2500.0
0.85,EX1,3668,3,0,0,0,0,244,2500.0
0.85,EX1,3669,2,0,0,0,0,244,2500.0
0.85,EX1,3670,3,0,0,0,0,244,2500.0
0.85,EX1,3671,0,0,0,0,0,244,2500.0
0.85,EX1,3672,1,0,0,0,0,244,2500.0
0.85,EX1,3673,2,0,0,0,0,244,2500.0
0.85,EX1,3674,0,0,0,0,0,244,2500.0
0.85,EX1,3735,1,0,0,0,0,249,2500.0
0.85,EX1,3736,2,0,0,0,0,249,2500.0
0.85,EX1,3737,0,0,0,0,0,249,2500.0
0.85,EX1,3738,2,0,0,0,0,249,2500.0
0.85,EX1,3739,2,0,0,0,0,249,2500.0
0.85,EX1,3740,3,0,0,0,0,249,2500.0
0.85,EX1,3741,4,0,0,0,0,249,2500.0
0.85,EX1,3742,1,0,0,0,0,249,2500.0
0.85,EX1,3743,1,0,0,0,0,249,2500.0
0.85,EX1,3744,1,0,0,0,0,249,2500.0
0.85,EX1,3745,2,0,0,0,0,249,2500.0
0.85,EX1,3746,2,1,1,0,1,249,2500.0
0.85,EX1,3747,0,0,0,0,0,249,2500.0
0.85,EX1,3748,0,0,0,0,0,249,2500.0
0.85,EX1,3749,1,0,0,0,0,249,2500.0
0.85,EX1,3750,5,0,0,0,0,250,2500.0
0.85,EX1,3751,1,0,0,0,0,250,2500.0
0.85,EX1,3752,1,1,1,0,0,250,2500.0
0.85,EX1,3753,2,0,0,0,0,250,2500.0
0.85,EX1,3754,0,0,0,0,0,250,2500.0
0.85,EX1,3755,2,1,1,0,1,250,2500.0
0.85,EX1,3756,1,0,0,0,0,250,2500.0
0.85,EX1,3757,4,0,0,0,0,250,2500.0
0.85,EX1,3758,2,1,1,0,1,250,2500.0
0.85,EX1,3759,0,0,0,0,0,250,2500.0
0.85,EX1,3760,3,0,0,0,0,250,2500.0
0.85,EX1,3761,0,0,0,0,0,250,2500.0
0.85,EX1,3762,1,0,0,0,0,250,2500.0
0.85,EX1,3763,3,0,0,0,0,250,2500.0
0.85,EX1,3764,1,0,0,0,0,250,2500.0
0.85,EX1,3840,1,0,0,0,0,256,2500.0
0.85,EX1,3841,1,0,0,0,0,256,2500.0
0.85,EX1,3842,0,0,0,0,0,256,2500.0
0.85,EX1,3843,2,0,0,0,0,256,2500.0
0.85,EX1,3844,2,0,0,0,0,256,2500.0
0.85,EX1,3845,2,1,1,0,1,256,2500.0
0.85,EX1,3846,1,0,0,0,0,256,2500.0
0.85,EX1,3847,2,0,0,0,0,256,2500.0
0.85,EX1,3848,0,0,0,0,0,256,2500.0
0.85,EX1,3849,1,0,0,0,0,256,2500.0
0.85,EX1,3850,5,0,0,0,0,256,2500.0
0.85,EX1,3851,0,0,0,0,0,256,2500.0
0.85,EX1,3852,1,0,0,0,0,256,2500.0
0.85,EX1,3853,1,0,0,0,0,256,2500.0
0.85,EX1,3854,2,0,0,0,0,256,2500.0
0.85,EX1,3900,0,0,0,0,0,260,2500.0
0.85,EX1,3901,1,0,0,0,0,260,2500.0
0.85,EX1,3902,3,0,0,0,0,260,2500.0
0.85,EX1,3903,1,0,0,0,0,260,2500.0
0.85,EX1,3904,0,0,0,0,0,260,2500.0
0.85,EX1,3905,1,0,0,0,0,260,2500.0
0.85,EX1,3906,1,0,0,0,0,260,2500.0
0.85,EX1,3907,1,0,0,0,0,260,2500.0
0.85,EX1,3908,3,0,0,0,0,260,2500.0
0.85,EX1,3909,0,0,0,0,0,260,2500.0
0.85,EX1,3910,0,0,0,0,0,260,2500.0
0.85,EX1,3911,1,0,0,0,0,260,2500.0
0.85,EX1,3912,1,0,0,0,0,260,2500.0
0.85,EX1,3913,6,0,0,0,0,260,2500.0
0.85,EX1,3914,3,0,0,0,0,260,2500.0
0.85,EX1,4065,0,0,0,0,0,271,2500.0
0.85,EX1,4066,4,0,0,0,0,271,2500.0
0.85,EX1,4067,2,2,2,0,0,271,2500.0
0.85,EX1,4068,2,0,0,0,0,271,2500.0
0.85,EX1,4069,4,0,0,0,0,271,2500.0
0.85,EX1,4070,1,0,0,0,0,271,2500.0
0.85,EX1,4071,1,0,0,0,0,271,2500.0
0.85,EX1,4072,5,0,0,0,0,271,2500.0
0.85,EX1,4073,1,0,0,0,0,271,2500.0
0.85,EX1,4074,2,1,1,0,0,271,2500.0
0.85,EX1,4075,0,0,0,0,0,271,2500.0
0.85,EX1,4076,0,0,0,0,0,271,2500.0
0.85,EX1,4077,1,0,0,0,0,271,2500.0
0.85,EX1,4078,1,0,0,0,0,271,2500.0
0.85,EX1,4079,1,0,0,0,0,271,2500.0
0.85,EX1,4215,1,0,0,0,0,281,2500.0
0.85,EX1,4216,2,0,0,0,0,281,2500.0
0.85,EX1,4217,2,0,0,0,0,281,2500.0
0.85,EX1,4218,3,0,0,0,0,281,2500.0
0.85,EX1,4219,2,1,1,0,1,281,2500.0
0.85,EX1,4220,1,0,0,0,0,281,2500.0
0.85,EX1,4221,0,0,0,0,0,281,2500.0
0.85,EX1,4222,1,0,0,0,0,281,2500.0
0.85,EX1,4223,1,0,0,0,0,281,2500.0
0.85,EX1,4224,2,0,0,0,0,281,2500.0
0.85,EX1,4225,1,0,0,0,0,281,2500.0
0.85,EX1,4226,2,0,0,0,0,281,2500.0
0.85,EX1,4227,3,0,0,0,0,281,2500.0
0.85,EX1,4228,4,0,0,0,0,281,2500.0
0.85,EX1,4229,1,1,1,0,1,281,2500.0
0.85,EX1,4260,1,0,0,0,0,284,2500.0
0.85,EX1,4261,1,0,0,0,0,284,2500.0
0.85,EX1,4262,3,0,0,0,0,284,2500.0
0.85,EX1,4263,0,0,0,0,0,284,2500.0
0.85,EX1,4264,3,0,0,0,0,284,2500.0
0.85,EX1,4265,2,0,0,0,0,284,2500.0
0.85,EX1,4266,1,0,0,0,0,284,2500.0
0.85,EX1,4267,0,0,0,0,0,284,2500.0
0.85,EX1,4268,0,0,0,0,0,284,2500.0
0.85,EX1,4269,2,0,0,0,0,284,2500.0
0.85,EX1,4270,1,0,0,0,0,284,2500.0
0.85,EX1,4271,1,0,0,0,0,284,2500.0
0.85,EX1,4272,4,0,0,0,0,284,2500.0
0.85,EX1,4273,3,0,0,0,0,284,2500.0
0.85,EX1,4274,1,0,0,0,0,284,2500.0
0.85,EX1,4290,1,0,0,0,0,286,2500.0
0.85,EX1,4291,3,0,0,0,0,286,2500.0
0.85,EX1,4292,1,0,0,0,0,286,2500.0
0.85,EX1,4293,0,0,0,0,0,286,2500.0
0.85,EX1,4294,0,0,0,0,0,286,2500.0
0.85,EX1,4295,1,0,0,0,0,286,2500.0
0.85,EX1,4296,0,0,0,0,0,286,2500.0
0.85,EX1,4297,4,1,1,0,1,286,2500.0
0.85,EX1,4298,5,0,0,0,0,286,2500.0
0.85,EX1,4299,1,0,0,0,0,286,2500.0
0.85,EX1,4300,3,0,0,0,0,286,2500.0
0.85,EX1,4301,1,0,0,0,0,286,2500.0
0.85,EX1,4302,2,0,0,0,0,286,2500.0
0.85,EX1,4303,1,0,0,0,0,286,2500.0
0.85,EX1,4304,2,0,0,0,0,286,2500.0
0.85,EX1,4365,1,0,0,0,0,291,2500.0
0.85,EX1,4366,1,0,0,0,0,291,2500.0
0.85,EX1,4367,2,1,1,0,1,291,2500.0
0.85,EX1,4368,0,0,0,0,0,291,2500.0
0.85,EX1,4369,0,0,0,0,0,291,2500.0
0.85,EX1,4370,2,0,0,0,0,291,2500.0
0.85,EX1,4371,1,0,0,0,0,291,2500.0
0.85,EX1,4372,3,0,0,0,0,291,2500.0
0.85,EX1,4373,0,0,0,0,0,291,2500.0
0.85,EX1,4374,3,0,0,0,0,291,2500.0
0.85,EX1,4375,2,0,0,0,0,291,2500.0
0.85,EX1,4376,2,0,0,0,0,291,2500.0
0.85,EX1,4377,2,1,1,0,1,291,2500.0
0.85,EX1,4378,1,0,0,0,0,291,2500.0
0.85,EX1,4379,2,0,0,0,0,291,2500.0
0.85,EX1,4380,0,0,0,0,0,292,2500.0
0.85,EX1,4381,0,0,0,0,0,292,2500.0
0.85,EX1,4382,0,0,0,0,0,292,2500.0
0.85,EX1,4383,3,0,0,0,0,292,2500.0
0.85,EX1,4384,1,0,0,0,0,292,2500.0
0.85,EX1,4385,5,1,1,0,0,292,2500.0
0.85,EX1,4386,0,0,0,0,0,292,2500.0
0.85,EX1,4387,1,0,0,0,0,292,2500.0
0.85,EX1,4388,2,1,1,0,1,292,2500.0
0.85,EX1,4389,3,0,0,0,0,292,2500.0
0.85,EX1,4390,0,0,0,0,0,292,2500.0
0.85,EX1,4391,2,0,0,0,0,292,2500.0
0.85,EX1,4392,1,0,0,0,0,292,2500.0
0.85,EX1,4393,6,0,0,0,0,292,2500.0
0.85,EX1,4394,2,0,0,0,0,292,2500.0
0.85,EX1,4440,1,1,1,0,1,296,2500.0
0.85,EX1,4441,0,0,0,0,0,296,2500.0
0.85,EX1,4442,2,0,0,0,0,296,2500.0
0.85,EX1,4443,1,0,0,0,0,296,2500.0
0.85,EX1,4444,1,0,0,0,0,296,2500.0
0.85,EX1,4445,1,0,0,0,0,296,2500.0
0.85,EX1,4446,2,0,0,0,0,296,2500.0
0.85,EX1,4447,1,0,0,0,0,296,2500.0
0.85,EX1,4448,0,0,0,0,0,296,2500.0
0.85,EX1,4449,1,0,0,0,0,296,2500.0
0.85,EX1,4450,2,0,0,0,0,296,2500.0
0.85,EX1,4451,4,1,1,0,1,296,2500.0
0.85,EX1,4452,1,0,0,0,0,296,2500.0
0.85,EX1,4453,0,0,0,0,0,296,2500.0
0.85,EX1,4454,1,0,0,0,0,296,2500.0
0.85,EX1,4530,0,0,0,0,0,302,2500.0
0.85,EX1,4531,3,0,0,0,0,302,2500.0
0.85,EX1,4532,0,0,0,0,0,302,2500.0
0.85,EX1,4533,2,0,0,0,0,302,2500.0
0.85,EX1,4534,5,0,0,0,0,302,2500.0
0.85,EX1,4535,5,1,1,0,0,302,2500.0
0.85,EX1,4536,2,1,1,0,1,302,2500.0
0.85,EX1,4537,1,0,0,0,0,302,2500.0
0.85,EX1,4538,1,0,0,0,0,302,2500.0
0.85,EX1,4539,1,0,0,0,0,302,2500.0
0.85,EX1,4540,4,0,0,0,0,302,2500.0
0.85,EX1,4541,2,0,0,0,0,302,2500.0
0.85,EX1,4542,3,0,0,0,0,302,2500.0
0.85,EX1,4543,0,0,0,0,0,302,2500.0
0.85,EX1,4544,1,0,0,0,0,302,2500.0
0.85,EX1,4560,2,0,0,0,0,304,2500.0
0.85,EX1,4561,2,0,0,0,0,304,2500.0
0.85,EX1,4562,4,0,0,0,0,304,2500.0
0.85,EX1,4563,1,0,0,0,0,304,2500.0
0.85,EX1,4564,1,0,0,0,0,304,2500.0
0.85,EX1,4565,1,0,0,0,0,304,2500.0
0.85,EX1,4566,2,0,0,0,0,304,2500.0
0.85,EX1,4567,1,0,0,0,0,304,2500.0
0.85,EX1,4568,2,0,0,0,0,304,2500.0
0.85,EX1,4569,2,1,1,0,0,304,2500.0
0.85,EX1,4570,1,0,0,0,0,304,2500.0
0.85,EX1,4571,1,0,0,0,0,304,2500.0
0.85,EX1,4572,2,0,0,0,0,304,2500.0
0.85,EX1,4573,4,0,0,0,0,304,2500.0
0.85,EX1,4574,2,0,0,0,0,304,2500.0
0.85,EX1,4650,1,0,0,0,0,310,2500.0
0.85,EX1,4651,0,0,0,0,0,310,2500.0
0.85,EX1,4652,1,0,0,0,0,310,2500.0
0.85,EX1,4653,0,0,0,0,0,310,2500.0
0.85,EX1,4654,1,0,0,0,0,310,2500.0
0.85,EX1,4655,3,0,0,0,0,310,2500.0
0.85,EX1,4656,0,0,0,0,0,310,2500.0
0.85,EX1,4657,0,0,0,0,0,310,2500.0
0.85,EX1,4658,0,0,0,0,0,310,2500.0
0.85,EX1,4659,1,0,0,0,0,310,2500.0
0.85,EX1,4660,1,0,0,0,0,310,2500.0
0.85,EX1,4661,2,0,0,0,0,310,2500.0
0.85,EX1,4662,4,0,0,0,0,310,2500.0
0.85,EX1,4663,0,0,0,0,0,310,2500.0
0.85,EX1,4664,0,0,0,0,0,310,2500.0
0.85,EX1,4710,1,0,0,0,0,314,2500.0
0.85,EX1,4711,1,0,0,0,0,314,2500.0
0.85,EX1,4712,3,0,0,0,0,314,2500.0
0.85,EX1,4713,1,0,0,0,0,314,2500.0
0.85,EX1,4714,1,0,0,0,0,314,2500.0
0.85,EX1,4715,0,0,0,0,0,314,2500.0
0.85,EX1,4716,2,0,0,0,0,314,2500.0
0.85,EX1,4717,0,0,0,0,0,314,2500.0
0.85,EX1,4718,3,0,0,0,0,314,2500.0
0.85,EX1,4719,2,0,0,0,0,314,2500.0
0.85,EX1,4720,0,0,0,0,0,314,2500.0
0.85,EX1,4721,3,0,0,0,0,314,2500.0
0.85,EX1,4722,3,0,0,0,0,314,2500.0
0.85,EX1,4723,0,0,0,0,0,314,2500.0
0.85,EX1,4724,2,0,0,0,0,314,2500.0
0.85,EX1,4770,1,0,0,0,0,318,2500.0
0.85,EX1,4771,0,0,0,0,0,318,2500.0
0.85,EX1,4772,1,0,0,0,0,318,2500.0
0.85,EX1,4773,0,0,0,0,0,318,2500.0
0.85,EX1,4774,0,0,0,0,0,318,2500.0
0.85,EX1,4775,0,0,0,0,0,318,2500.0
0.85,EX1,4776,1,0,0,0,0,318,2500.0
0.85,EX1,4777,3,0,0,0,0,318,2500.0
0.85,EX1,4778,1,0,0,0,0,318,2500.0
0.85,EX1,4779,2,0,0,0,0,318,2500.0
0.85,EX1,4780,2,0,0,0,0,318,2500.0
0.85,EX1,4781,1,0,0,0,0,318,2500.0
0.85,EX1,4782,1,0,0,0,0,318,2500.0
0.85,EX1,4783,2,0,0,0,0,318,2500.0
0.85,EX1,4784,3,0,0,0,0,318,2500.0
0.85,EX1,4935,0,0,0,0,0,329,2500.0
0.85,EX1,4936,4,0,0,0,0,329,2500.0
0.85,EX1,4937,1,0,0,0,0,329,2500.0
0.85,EX1,4938,3,0,0,0,0,329,2500.0
0.85,EX1,4939,1,0,0,0,0,329,2500.0
0.85,EX1,4940,2,0,0,0,0,329,2500.0
0.85,EX1,4941,2,0,0,0,0,329,2500.0
0.85,EX1,4942,2,0,0,0,0,329,2500.0
0.85,EX1,4943,0,0,0,0,0,329,2500.0
0.85,EX1,4944,1,0,0,0,0,329,2500.0
0.85,EX1,4945,1,1,1,0,0,329,2500.0
0.85,EX1,4946,1,0,0,0,0,329,2500.0
0.85,EX1,4947,2,0,0,0,0,329,2500.0
0.85,EX1,4948,0,0,0,0,0,329,2500.0
0.85,EX1,4949,1,1,1,0,1,329,2500.0
0.85,EX1,4995,0,0,0,0,0,333,2500.0
0.85,EX1,4996,2,0,0,0,0,333,2500.0
0.85,EX1,4997,0,0,0,0,0,333,2500.0
0.85,EX1,4998,0,0,0,0,0,333,2500.0
0.85,EX1,4999,6,1,1,0,1,333,2500.0
0.85,EX1,5000,2,0,0,0,0,333,2500.0
0.85,EX1,5001,1,0,0,0,0,333,2500.0
0.85,EX1,5002,2,0,0,0,0,333,2500.0
0.85,EX1,5003,0,0,0,0,0,333,2500.0
0.85,EX1,5004,5,0,0,0,0,333,2500.0
0.85,EX1,5005,1,0,0,0,0,333,2500.0
0.85,EX1,5006,2,0,0,0,0,333,2500.0
0.85,EX1,5007,2,0,0,0,0,333,2500.0
0.85,EX1,5008,1,0,0,0,0,333,2500.0
0.85,EX1,5009,1,0,0,0,0,333,2500.0
0.85,EX1,5070,2,0,0,0,0,338,2500.0
0.85,EX1,5071,1,0,0,0,0,338,2500.0
0.85,EX1,5072,2,0,0,0,0,338,2500.0
0.85,EX1,5073,1,0,0,0,0,338,2500.0
0.85,EX1,5074,0,0,0,0,0,338,2500.0
0.85,EX1,5075,0,0,0,0,0,338,2500.0
0.85,EX1,5076,1,0,0,0,0,338,2500.0
0.85,EX1,5077,3,0,0,0,0,338,2500.0
0.85,EX1,5078,2,0,0,0,0,338,2500.0
0.85,EX1,5079,1,0,0,0,0,338,2500.0
0.85,EX1,5080,2,0,0,0,0,338,2500.0
0.85,EX1,5081,2,0,0,0,0,338,2500.0
0.85,EX1,5082,2,0,0,0,0,338,2500.0
0.85,EX1,5083,1,0,0,0,0,338,2500.0
0.85,EX1,5084,1,0,0,0,0,338,2500.0
0.85,EX1,5115,0,0,0,0,0,341,2500.0
0.85,EX1,5116,2,1,1,0,0,341,2500.0
0.85,EX1,5117,2,0,0,0,0,341,2500.0
0.85,EX1,5118,1,0,0,0,0,341,2500.0
0.85,EX1,5119,0,0,0,0,0,341,2500.0
0.85,EX1,5120,1,0,0,0,0,341,2500.0
0.85,EX1,5121,4,0,0,0,0,341,2500.0
0.85,EX1,5122,0,0,0,0,0,341,2500.0
0.85,EX1,5123,3,0,0,0,0,341,2500.0
0.85,EX1,5124,2,0,0,0,0,341,2500.0
0.85,EX1,5125,2,0,0,0,0,341,2500.0
0.85,EX1,5126,3,0,0,0,0,341,2500.0
0.85,EX1,5127,2,1,1,0,1,341,2500.0
0.85,EX1,5128,1,0,0,0,0,341,2500.0
0.85,EX1,5129,2,0,0,0,0,341,2500.0
0.85,EX1,5295,3,0,0,0,0,353,2500.0
0.85,EX1,5296,2,0,0,0,0,353,2500.0
0.85,EX1,5297,1,1,1,0,0,353,2500.0
0.85,EX1,5298,4,0,0,0,0,353,2500.0
0.85,EX1,5299,2,0,0,0,0,353,2500.0
0.85,EX1,5300,6,0,0,0,0,353,2500.0
0.85,EX1,5301,1,0,0,0,0,353,2500.0
0.85,EX1,5302,3,0,0,0,0,353,2500.0
0.85,EX1,5303,0,0,0,0,0,353,2500.0
0.85,EX1,5304,0,0,0,0,0,353,2500.0
0.85,EX1,5305,3,1,1,0,0,353,2500.0
0.85,EX1,5306,1,0,0,0,0,353,2500.0
0.85,EX1,5307,1,0,0,0,0,353,2500.0
0.85,EX1,5308,5,0,0,0,0,353,2500.0
0.85,EX1,5309,2,0,0,0,0,353,2500.0
0.85,EX1,5400,5,0,0,0,0,360,2500.0
0.85,EX1,5401,2,0,0,0,0,360,2500.0
0.85,EX1,5402,0,0,0,0,0,360,2500.0
0.85,EX1,5403,2,1,1,0,0,360,2500.0
0.85,EX1,5404,1,0,0,0,0,360,2500.0
0.85,EX1,5405,0,0,0,0,0,360,2500.0
0.85,EX1,5406,0,0,0,0,0,360,2500.0
0.85,EX1,5407,3,1,0,1,0,360,2500.0
0.85,EX1,5408,0,0,0,0,0,360,2500.0
0.85,EX1,5409,1,1,1,0,1,360,2500.0
0.85,EX1,5410,3,1,1,0,1,360,2500.0
0.85,EX1,5411,2,0,0,0,0,360,2500.0
0.85,EX1,5412,2,0,0,0,0,360,2500.0
0.85,EX1,5413,1,0,0,0,0,360,2500.0
0.85,EX1,5414,2,0,0,0,0,360,2500.0
0.85,EX1,5415,0,0,0,0,0,361,2500.0
0.85,EX1,5416,1,0,0,0,0,361,2500.0
0.85,EX1,5417,2,0,0,0,0,361,2500.0
0.85,EX1,5418,0,0,0,0,0,361,2500.0
0.85,EX1,5419,0,0,0,0,0,361,2500.0
0.85,EX1,5420,3,0,0,0,0,361,2500.0
0.85,EX1,5421,2,0,0,0,0,361,2500.0
0.85,EX1,5422,1,0,0,0,0,361,2500.0
0.85,EX1,5423,1,0,0,0,0,361,2500.0
0.85,EX1,5424,2,0,0,0,0,361,2500.0
0.85,EX1,5425,2,0,0,0,0,361,2500.0
0.85,EX1,5426,2,0,0,0,0,361,2500.0
0.85,EX1,5427,2,2,2,0,0,361,2500.0
0.85,EX1,5428,2,0,0,0,0,361,2500.0
0.85,EX1,5429,1,0,0,0,0,361,2500.0
0.85,EX1,5535,1,0,0,0,0,369,2500.0
0.85,EX1,5536,3,1,1,0,1,369,2500.0
0.85,EX1,5537,4,0,0,0,0,369,2500.0
0.85,EX1,5538,0,0,0,0,0,369,2500.0
0.85,EX1,5539,4,0,0,0,0,369,2500.0
0.85,EX1,5540,3,0,0,0,0,369,2500.0
0.85,EX1,5541,0,0,0,0,0,369,2500.0
0.85,EX1,5542,0,0,0,0,0,369,2500.0
0.85,EX1,5543,3,0,0,0,0,369,2500.0
0.85,EX1,5544,2,0,0,0,0,369,2500.0
0.85,EX1,5545,2,0,0,0,0,369,2500.0
0.85,EX1,5546,1,0,0,0,0,369,2500.0
0.85,EX1,5547,1,0,0,0,0,369,2500.0
0.85,EX1,5548,1,0,0,0,0,369,2500.0
0.85,EX1,5549,1,0,0,0,0,369,2500.0
0.85,EX1,5820,0,0,0,0,0,388,2500.0
0.85,EX1,5821,3,0,0,0,0,388,2500.0
0.85,EX1,5822,1,0,0,0,0,388,2500.0
0.85,EX1,5823,1,0,0,0,0,388,2500.0
0.85,EX1,5824,2,0,0,0,0,388,2500.0
0.85,EX1,5825,1,0,0,0,0,388,2500.0
0.85,EX1,5826,2,1,1,0,0,388,2500.0
0.85,EX1,5827,2,0,0,0,0,388,2500.0
0.85,EX1,5828,1,0,0,0,0,388,2500.0
0.85,EX1,5829,0,0,0,0,0,388,2500.0
0.85,EX1,5830,0,0,0,0,0,388,2500.0
0.85,EX1,5831,2,0,0,0,0,388,2500.0
0.85,EX1,5832,4,0,0,0,0,388,2500.0
0.85,EX1,5833,3,0,0,0,0,388,2500.0
0.85,EX1,5834,4,0,0,0,0,388,2500.0
0.85,EX1,5850,0,0,0,0,0,390,2500.0
0.85,EX1,5851,2,0,0,0,0,390,2500.0
0.85,EX1,5852,0,0,0,0,0,390,2500.0
0.85,EX1,5853,1,0,0,0,0,390,2500.0
0.85,EX1,5854,0,0,0,0,0,390,2500.0
0.85,EX1,5855,2,0,0,0,0,390,2500.0
0.85,EX1,5856,2,0,0,0,0,390,2500.0
0.85,EX1,5857,2,0,0,0,0,390,2500.0
0.85,EX1,5858,1,0,0,0,0,390,2500.0
0.85,EX1,5859,0,0,0,0,0,390,2500.0
0.85,EX1,5860,1,0,0,0,0,390,2500.0
0.85,EX1,5861,1,0,0,0,0,390,2500.0
0.85,EX1,5862,0,0,0,0,0,390,2500.0
0.85,EX1,5863,0,0,0,0,0,390,2500.0
0.85,EX1,5864,0,0,0,0,0,390,2500.0
0.85,EX1,5895,4,0,0,0,0,393,2500.0
0.85,EX1,5896,0,0,0,0,0,393,2500.0
0.85,EX1,5897,0,0,0,0,0,393,2500.0
0.85,EX1,5898,2,1,1,0,1,393,2500.0
0.85,EX1,5899,3,1,1,0,0,393,2500.0
0.85,EX1,5900,4,0,0,0,0,393,2500.0
0.85,EX1,5901,3,0,0,0,0,393,2500.0
0.85,EX1,5902,1,0,0,0,0,393,2500.0
0.85,EX1,5903,2,0,0,0,0,393,2500.0
0.85,EX1,5904,3,1,1,0,1,393,2500.0
0.85,EX1,5905,3,0,0,0,0,393,2500.0
0.85,EX1,5906,1,0,0,0,0,393,2500.0
0.85,EX1,5907,3,0,0,0,0,393,2500.0
0.85,EX1,5908,2,0,0,0,0,393,2500.0
0.85,EX1,5909,0,0,0,0,0,393,2500.0
0.85,EX1,5985,0,0,0,0,0,399,2500.0
0.85,EX1,5986,0,0,0,0,0,399,2500.0
0.85,EX1,5987,1,0,0,0,0,399,2500.0
0.85,EX1,5988,2,0,0,0,0,399,2500.0
0.85,EX1,5989,4,0,0,0,0,399,2500.0
0.85,EX1,5990,2,0,0,0,0,399,2500.0
0.85,EX1,5991,0,0,0,0,0,399,2500.0
0.85,EX1,5992,1,0,0,0,0,399,2500.0
0.85,EX1,5993,3,0,0,0,0,399,2500.0
0.85,EX1,5994,0,0,0,0,0,399,2500.0
0.85,EX1,5995,2,0,0,0,0,399,2500.0
0.85,EX1,5996,2,0,0,0,0,399,2500.0
0.85,EX1,5997,3,0,0,0,0,399,2500.0
0.85,EX1,5998,1,0,0,0,0,399,2500.0
0.85,EX1,5999,1,0,0,0,0,399,2500.0
0.85,EX1,6165,1,0,0,0,0,411,2500.0
0.85,EX1,6166,1,0,0,0,0,411,2500.0
0.85,EX1,6167,2,0,0,0,0,411,2500.0
0.85,EX1,6168,4,0,0,0,0,411,2500.0
0.85,EX1,6169,0,0,0,0,0,411,2500.0
0.85,EX1,6170,1,0,0,0,0,411,2500.0
0.85,EX1,6171,0,0,0,0,0,411,2500.0
0.85,EX1,6172,1,0,0,0,0,411,2500.0
0.85,EX1,6173,3,0,0,0,0,411,2500.0
0.85,EX1,6174,2,0,0,0,0,411,2500.0
0.85,EX1,6175,0,0,0,0,0,411,2500.0
0.85,EX1,6176,2,0,0,0,0,411,2500.0
0.85,EX1,6177,2,0,0,0,0,411,2500.0
0.85,EX1,6178,0,0,0,0,0,411,2500.0
0.85,EX1,6179,1,0,0,0,0,411,2500.0
0.85,EX1,6255,0,0,0,0,0,417,2500.0
0.85,EX1,6256,1,0,0,0,0,417,2500.0
0.85,EX1,6257,0,0,0,0,0,417,2500.0
0.85,EX1,6258,2,0,0,0,0,417,2500.0
0.85,EX1,6259,1,1,1,0,1,417,2500.0
0.85,EX1,6260,1,0,0,0,0,417,2500.0
0.85,EX1,6261,2,1,1,0,1,417,2500.0
0.85,EX1,6262,2,1,1,0,1,417,2500.0
0.85,EX1,6263,1,1,1,0,1,417,2500.0
0.85,EX1,6264,6,1,1,0,0,417,2500.0
0.85,EX1,6265,1,0,0,0,0,417,2500.0
0.85,EX1,6266,0,0,0,0,0,417,2500.0
0.85,EX1,6267,2,0,0,0,0,417,2500.0
0.85,EX1,6268,3,0,0,0,0,417,2500.0
0.85,EX1,6269,2,1,1,0,1,417,2500.0
0.85,EX1,6540,1,0,0,0,0,436,2500.0
0.85,EX1,6541,1,0,0,0,0,436,2500.0
0.85,EX1,6542,1,1,1,0,1,436,2500.0
0.85,EX1,6543,0,0,0,0,0,436,2500.0
0.85,EX1,6544,0,0,0,0,0,436,2500.0
0.85,EX1,6545,2,0,0,0,0,436,2500.0
0.85,EX1,6546,2,0,0,0,0,436,2500.0
0.85,EX1,6547,0,0,0,0,0,436,2500.0
0.85,EX1,6548,1,0,0,0,0,436,2500.0
0.85,EX1,6549,2,1,1,0,0,436,2500.0
0.85,EX1,6550,2,0,0,0,0,436,2500.0
0.85,EX1,6551,0,0,0,0,0,436,2500.0
0.85,EX1,6552,4,1,1,0,1,436,2500.0
0.85,EX1,6553,2,0,0,0,0,436,2500.0
0.85,EX1,6554,2,0,0,0,0,436,2500.0
0.85,EX1,6645,1,0,0,0,0,443,2500.0
0.85,EX1,6646,0,0,0,0,0,443,2500.0
0.85,EX1,6647,0,0,0,0,0,443,2500.0
0.85,EX1,6648,4,0,0,0,0,443,2500.0
0.85,EX1,6649,2,0,0,0,0,443,2500.0
0.85,EX1,6650,3,0,0,0,0,443,2500.0
0.85,EX1,6651,3,0,0,0,0,443,2500.0
0.85,EX1,6652,1,1,1,0,1,443,2500.0
0.85,EX1,6653,5,0,0,0,0,443,2500.0
0.85,EX1,6654,3,0,0,0,0,443,2500.0
0.85,EX1,6655,5,0,0,0,0,443,2500.0
0.85,EX1,6656,0,0,0,0,0,443,2500.0
0.85,EX1,6657,2,0,0,0,0,443,2500.0
0.85,EX1,6658,2,0,0,0,0,443,2500.0
0.85,EX1,6659,2,0,0,0,0,443,2500.0
0.85,EX1,6690,2,0,0,0,0,446,2500.0
0.85,EX1,6691,0,0,0,0,0,446,2500.0
0.85,EX1,6692,1,0,0,0,0,446,2500.0
0.85,EX1,6693,1,0,0,0,0,446,2500.0
0.85,EX1,6694,0,0,0,0,0,446,2500.0
0.85,EX1,6695,1,0,0,0,0,446,2500.0
0.85,EX1,6696,2,0,0,0,0,446,2500.0
0.85,EX1,6697,1,0,0,0,0,446,2500.0
0.85,EX1,6698,2,1,1,0,1,446,2500.0
0.85,EX1,6699,0,0,0,0,0,446,2500.0
0.85,EX1,6700,0,0,0,0,0,446,2500.0
0.85,EX1,6701,0,0,0,0,0,446,2500.0
0.85,EX1,6702,1,0,0,0,0,446,2500.0
0.85,EX1,6703,1,0,0,0,0,446,2500.0
0.85,EX1,6704,1,0,0,0,0,446,2500.0
0.85,EX1,6705,1,0,0,0,0,447,2500.0
0.85,EX1,6706,1,0,0,0,0,447,2500.0
0.85,EX1,6707,1,0,0,0,0,447,2500.0
0.85,EX1,6708,5,0,0,0,0,447,2500.0
0.85,EX1,6709,1,0,0,0,0,447,2500.0
0.85,EX1,6710,1,0,0,0,0,447,2500.0
0.85,EX1,6711,5,0,0,0,0,447,2500.0
0.85,EX1,6712,1,0,0,0,0,447,2500.0
0.85,EX1,6713,2,0,0,0,0,447,2500.0
0.85,EX1,6714,2,1,1,0,1,447,2500.0
0.85,EX1,6715,1,0,0,0,0,447,2500.0
0.85,EX1,6716,2,1,1,0,0,447,2500.0
0.85,EX1,6717,0,0,0,0,0,447,2500.0
0.85,EX1,6718,2,0,0,0,0,447,2500.0
0.85,EX1,6719,2,0,0,0,0,447,2500.0
0.85,EX1,6720,2,0,0,0,0,448,2500.0
0.85,EX1,6721,0,0,0,0,0,448,2500.0
0.85,EX1,6722,1,0,0,0,0,448,2500.0
0.85,EX1,6723,1,0,0,0,0,448,2500.0
0.85,EX1,6724,1,0,0,0,0,448,2500.0
0.85,EX1,6725,0,0,0,0,0,448,2500.0
0.85,EX1,6726,2,1,1,0,1,448,2500.0
0.85,EX1,6727,3,0,0,0,0,448,2500.0
0.85,EX1,6728,0,0,0,0,0,448,2500.0
0.85,EX1,6729,1,0,0,0,0,448,2500.0
0.85,EX1,6730,3,0,0,0,0,448,2500.0
0.85,EX1,6731,0,0,0,0,0,448,2500.0
0.85,EX1,6732,1,0,0,0,0,448,2500.0
0.85,EX1,6733,1,0,0,0,0,448,2500.0
0.85,EX1,6734,1,0,0,0,0,448,2500.0
0.85,EX1,6930,0,0,0,0,0,462,2500.0
0.85,EX1,6931,1,0,0,0,0,462,2500.0
0.85,EX1,6932,0,0,0,0,0,462,2500.0
0.85,EX1,6933,3,0,0,0,0,462,2500.0
0.85,EX1,6934,2,0,0,0,0,462,2500.0
0.85,EX1,6935,6,0,0,0,0,462,2500.0
0.85,EX1,6936,0,0,0,0,0,462,2500.0
0.85,EX1,6937,0,0,0,0,0,462,2500.0
0.85,EX1,6938,1,0,0,0,0,462,2500.0
0.85,EX1,6939,0,0,0,0,0,462,2500.0
0.85,EX1,6940,3,0,0,0,0,462,2500.0
0.85,EX1,6941,3,0,0,0,0,462,2500.0
0.85,EX1,6942,0,0,0,0,0,462,2500.0
0.85,EX1,6943,0,0,0,0,0,462,2500.0
0.85,EX1,6944,0,0,0,0,0,462,2500.0
0.85,EX1,6975,1,0,0,0,0,465,2500.0
0.85,EX1,6976,2,0,0,0,0,465,2500.0
0.85,EX1,6977,1,0,0,0,0,465,2500.0
0.85,EX1,6978,0,0,0,0,0,465,2500.0
0.85,EX1,6979,1,0,0,0,0,465,2500.0
0.85,EX1,6980,3,1,1,0,1,465,2500.0
0.85,EX1,6981,1,0,0,0,0,465,2500.0
0.85,EX1,6982,1,0,0,0,0,465,2500.0
0.85,EX1,6983,2,0,0,0,0,465,2500.0
0.85,EX1,6984,5,0,0,0,0,465,2500.0
0.85,EX1,6985,2,0,0,0,0,465,2500.0
0.85,EX1,6986,2,0,0,0,0,465,2500.0
0.85,EX1,6987,0,0,0,0,0,465,2500.0
0.85,EX1,6988,2,0,0,0,0,465,2500.0
0.85,EX1,6989,0,0,0,0,0,465,2500.0
0.85,EX1,7005,3,0,0,0,0,467,2500.0
0.85,EX1,7006,1,0,0,0,0,467,2500.0
0.85,EX1,7007,6,1,1,0,1,467,2500.0
0.85,EX1,7008,3,0,0,0,0,467,2500.0
0.85,EX1,7009,1,0,0,0,0,467,2500.0
0.85,EX1,7010,3,0,0,0,0,467,2500.0
0.85,EX1,7011,3,0,0,0,0,467,2500.0
0.85,EX1,7012,0,0,0,0,0,467,2500.0
0.85,EX1,7013,1,0,0,0,0,467,2500.0
0.85,EX1,7014,2,0,0,0,0,467,2500.0
0.85,EX1,7015,2,0,0,0,0,467,2500.0
0.85,EX1,7016,2,1,1,0,0,467,2500.0
0.85,EX1,7017,2,0,0,0,0,467,2500.0
0.85,EX1,7018,1,0,0,0,0,467,2500.0
0.85,EX1,7019,1,0,0,0,0,467,2500.0
0.85,EX1,7020,7,1,1,0,0,468,2500.0
0.85,EX1,7021,3,0,0,0,0,468,2500.0
0.85,EX1,7022,1,0,0,0,0,468,2500.0
0.85,EX1,7023,1,0,0,0,0,468,2500.0
0.85,EX1,7024,2,0,0,0,0,468,2500.0
0.85,EX1,7025,1,0,0,0,0,468,2500.0
0.85,EX1,7026,2,0,0,0,0,468,2500.0
0.85,EX1,7027,3,0,0,0,0,468,2500.0
0.85,EX1,7028,1,1,1,0,1,468,2500.0
0.85,EX1,7029,2,0,0,0,0,468,2500.0
0.85,EX1,7030,0,0,0,0,0,468,2500.0
0.85,EX1,7031,3,0,0,0,0,468,2500.0
0.85,EX1,7032,2,0,0,0,0,468,2500.0
0.85,EX1,7033,0,0,0,0,0,468,2500.0
0.85,EX1,7034,1,0,0,0,0,468,2500.0
0.85,EX1,7035,1,0,0,0,0,469,2500.0
0.85,EX1,7036,1,0,0,0,0,469,2500.0
0.85,EX1,7037,1,0,0,0,0,469,2500.0
0.85,EX1,7038,0,0,0,0,0,469,2500.0
0.85,EX1,7039,2,0,0,0,0,469,2500.0
0.85,EX1,7040,1,0,0,0,0,469,2500.0
0.85,EX1,7041,1,1,1,0,0,469,2500.0
0.85,EX1,7042,1,0,0,0,0,469,2500.0
0.85,EX1,7043,4,0,0,0,0,469,2500.0
0.85,EX1,7044,1,0,0,0,0,469,2500.0
0.85,EX1,7045,2,0,0,0,0,469,2500.0
0.85,EX1,7046,1,0,0,0,0,469,2500.0
0.85,EX1,7047,5,0,0,0,0,469,2500.0
0.85,EX1,7048,2,1,1,0,1,469,2500.0
0.85,EX1,7049,3,0,0,0,0,469,2500.0
0.85,EX1,7050,5,0,0,0,0,470,2500.0
0.85,EX1,7051,0,0,0,0,0,470,2500.0
0.85,EX1,7052,2,0,0,0,0,470,2500.0
0.85,EX1,7053,5,0,0,0,0,470,2500.0
0.85,EX1,7054,2,0,0,0,0,470,2500.0
0.85,EX1,7055,1,0,0,0,0,470,2500.0
0.85,EX1,7056,1,0,0,0,0,470,2500.0
0.85,EX1,7057,2,1,1,0,1,470,2500.0
0.85,EX1,7058,2,1,1,0,1,470,2500.0
0.85,EX1,7059,1,0,0,0,0,470,2500.0
0.85,EX1,7060,4,1,1,0,0,470,2500.0
0.85,EX1,7061,0,0,0,0,0,470,2500.0
0.85,EX1,7062,2,0,0,0,0,470,2500.0
0.85,EX1,7063,1,0,0,0,0,470,2500.0
0.85,EX1,7064,0,0,0,0,0,470,2500.0
0.85,EX1,7095,0,0,0,0,0,473,2500.0
0.85,EX1,7096,3,1,1,0,1,473,2500.0
0.85,EX1,7097,1,0,0,0,0,473,2500.0
0.85,EX1,7098,1,0,0,0,0,473,2500.0
0.85,EX1,7099,3,0,0,0,0,473,2500.0
0.85,EX1,7100,1,1,1,0,1,473,2500.0
0.85,EX1,7101,2,0,0,0,0,473,2500.0
0.85,EX1,7102,1,1,1,0,1,473,2500.0
0.85,EX1,7103,2,0,0,0,0,473,2500.0
0.85,EX1,7104,2,0,0,0,0,473,2500.0
0.85,EX1,7105,0,0,0,0,0,473,2500.0
0.85,EX1,7106,1,0,0,0,0,473,2500.0
0.85,EX1,7107,2,0,0,0,0,473,2500.0
0.85,EX1,7108,1,0,0,0,0,473,2500.0
0.85,EX1,7109,3,1,1,0,0,473,2500.0
0.85,EX1,7155,1,0,0,0,0,477,2500.0
0.85,EX1,7156,0,0,0,0,0,477,2500.0
0.85,EX1,7157,3,0,0,0,0,477,2500.0
0.85,EX1,7158,2,0,0,0,0,477,2500.0
0.85,EX1,7159,1,0,0,0,0,477,2500.0
0.85,EX1,7160,1,0,0,0,0,477,2500.0
0.85,EX1,7161,1,0,0,0,0,477,2500.0
0.85,EX1,7162,2,1,1,0,1,477,2500.0
0.85,EX1,7163,0,0,0,0,0,477,2500.0
0.85,EX1,7164,0,0,0,0,0,477,2500.0
0.85,EX1,7165,0,0,0,0,0,477,2500.0
0.85,EX1,7166,2,0,0,0,0,477,2500.0
0.85,EX1,7167,0,0,0,0,0,477,2500.0
0.85,EX1,7168,1,0,0,0,0,477,2500.0
0.85,EX1,7169,2,0,0,0,0,477,2500.0
0.85,EX1,7185,2,0,0,0,0,479,2500.0
0.85,EX1,7186,2,0,0,0,0,479,2500.0
0.85,EX1,7187,3,0,0,0,0,479,2500.0
0.85,EX1,7188,1,0,0,0,0,479,2500.0
0.85,EX1,7189,3,0,0,0,0,479,2500.0
0.85,EX1,7190,2,1,1,0,1,479,2500.0
0.85,EX1,7191,0,0,0,0,0,479,2500.0
0.85,EX1,7192,1,0,0,0,0,479,2500.0
0.85,EX1,7193,2,0,0,0,0,479,2500.0
0.85,EX1,7194,0,0,0,0,0,479,2500.0
0.85,EX1,7195,1,0,0,0,0,479,2500.0
0.85,EX1,7196,2,0,0,0,0,479,2500.0
0.85,EX1,7197,1,0,0,0,0,479,2500.0
0.85,EX1,7198,1,0,0,0,0,479,2500.0
0.85,EX1,7199,1,0,0,0,0,479,2500.0
0.85,EX1,7410,0,0,0,0,0,494,2500.0
0.85,EX1,7411,2,0,0,0,0,494,2500.0
0.85,EX1,7412,2,0,0,0,0,494,2500.0
0.85,EX1,7413,2,0,0,0,0,494,2500.0
0.85,EX1,7414,4,0,0,0,0,494,2500.0
0.85,EX1,7415,2,1,1,0,1,494,2500.0
0.85,EX1,7416,1,0,0,0,0,494,2500.0
0.85,EX1,7417,0,0,0,0,0,494,2500.0
0.85,EX1,7418,3,0,0,0,0,494,2500.0
0.85,EX1,7419,3,1,1,0,0,494,2500.0
0.85,EX1,7420,3,0,0,0,0,494,2500.0
0.85,EX1,7421,2,0,0,0,0,494,2500.0
0.85,EX1,7422,1,0,0,0,0,494,2500.0
0.85,EX1,7423,1,0,0,0,0,494,2500.0
0.85,EX1,7424,1,0,0,0,0,494,2500.0
0.85,EX1,7605,1,0,0,0,0,507,2500.0
0.85,EX1,7606,1,0,0,0,0,507,2500.0
0.85,EX1,7607,2,1,1,0,0,507,2500.0
0.85,EX1,7608,1,1,1,0,1,507,2500.0
0.85,EX1,7609,1,0,0,0,0,507,2500.0
0.85,EX1,7610,2,0,0,0,0,507,2500.0
0.85,EX1,7611,0,0,0,0,0,507,2500.0
0.85,EX1,7612,2,0,0,0,0,507,2500.0
0.85,EX1,7613,3,0,0,0,0,507,2500.0
0.85,EX1,7614,1,1,1,0,1,507,2500.0
0.85,EX1,7615,1,0,0,0,0,507,2500.0
0.85,EX1,7616,0,0,0,0,0,507,2500.0
0.85,EX1,7617,3,0,0,0,0,507,2500.0
0.85,EX1,7618,1,0,0,0,0,507,2500.0
0.85,EX1,7619,0,0,0,0,0,507,2500.0
0.85,EX1,7635,2,0,0,0,0,509,2500.0
0.85,EX1,7636,3,0,0,0,0,509,2500.0
0.85,EX1,7637,1,0,0,0,0,509,2500.0
0.85,EX1,7638,0,0,0,0,0,509,2500.0
0.85,EX1,7639,1,0,0,0,0,509,2500.0
0.85,EX1,7640,2,0,0,0,0,509,2500.0
0.85,EX1,7641,1,0,0,0,0,509,2500.0
0.85,EX1,7642,4,0,0,0,0,509,2500.0
0.85,EX1,7643,2,0,0,0,0,509,2500.0
0.85,EX1,7644,0,0,0,0,0,509,2500.0
0.85,EX1,7645,1,0,0,0,0,509,2500.0
0.85,EX1,7646,3,0,0,0,0,509,2500.0
0.85,EX1,7647,1,0,0,0,0,509,2500.0
0.85,EX1,7648,0,0,0,0,0,509,2500.0
0.85,EX1,7649,2,0,0,0,0,509,2500.0
0.85,EX1,7785,3,0,0,0,0,519,2500.0
0.85,EX1,7786,1,0,0,0,0,519,2500.0
0.85,EX1,7787,4,0,0,0,0,519,2500.0
0.85,EX1,7788,1,0,0,0,0,519,2500.0
0.85,EX1,7789,0,0,0,0,0,519,2500.0
0.85,EX1,7790,1,0,0,0,0,519,2500.0
0.85,EX1,7791,1,0,0,0,0,519,2500.0
0.85,EX1,7792,0,0,0,0,0,519,2500.0
0.85,EX1,7793,2,0,0,0,0,519,2500.0
0.85,EX1,7794,0,0,0,0,0,519,2500.0
0.85,EX1,7795,2,0,0,0,0,519,2500.0
0.85,EX1,7796,2,0,0,0,0,519,2500.0
0.85,EX1,7797,2,0,0,0,0,519,2500.0
0.85,EX1,7798,1,0,0,0,0,519,2500.0
0.85,EX1,7799,5,0,0,0,0,519,2500.0
0.85,EX1,7965,1,0,0,0,0,531,2500.0
0.85,EX1,7966,1,0,0,0,0,531,2500.0
0.85,EX1,7967,2,0,0,0,0,531,2500.0
0.85,EX1,7968,0,0,0,0,0,531,2500.0
0.85,EX1,7969,1,0,0,0,0,531,2500.0
0.85,EX1,7970,1,0,0,0,0,531,2500.0
0.85,EX1,7971,5,1,1,0,1,531,2500.0
0.85,EX1,7972,5,0,0,0,0,531,2500.0
0.85,EX1,7973,1,0,0,0,0,531,2500.0
0.85,EX1,7974,2,0,0,0,0,531,2500.0
0.85,EX1,7975,0,0,0,0,0,531,2500.0
0.85,EX1,7976,3,2,2,0,1,531,2500.0
0.85,EX1,7977,0,0,0,0,0,531,2500.0
0.85,EX1,7978,2,0,0,0,0,531,2500.0
0.85,EX1,7979,2,0,0,0,0,531,2500.0
0.85,EX1,7995,1,0,0,0,0,533,2500.0
0.85,EX1,7996,3,0,0,0,0,533,2500.0
0.85,EX1,7997,1,0,0,0,0,533,2500.0
0.85,EX1,7998,1,0,0,0,0,533,2500.0
0.85,EX1,7999,0,0,0,0,0,533,2500.0
0.85,EX1,8000,3,1,1,0,0,533,2500.0
0.85,EX1,8001,1,0,0,0,0,533,2500.0
0.85,EX1,8002,0,0,0,0,0,533,2500.0
0.85,EX1,8003,1,0,0,0,0,533,2500.0
0.85,EX1,8004,2,0,0,0,0,533,2500.0
0.85,EX1,8005,1,0,0,0,0,533,2500.0
0.85,EX1,8006,1,0,0,0,0,533,2500.0
0.85,EX1,8007,2,0,0,0,0,533,2500.0
0.85,EX1,8008,0,0,0,0,0,533,2500.0
0.85,EX1,8009,1,0,0,0,0,533,2500.0
0.85,EX1,8025,1,0,0,0,0,535,2500.0
0.85,EX1,8026,2,0,0,0,0,535,2500.0
0.85,EX1,8027,0,0,0,0,0,535,2500.0
0.85,EX1,8028,0,0,0,0,0,535,2500.0
0.85,EX1,8029,4,0,0,0,0,535,2500.0
0.85,EX1,8030,3,0,0,0,0,535,2500.0
0.85,EX1,8031,0,0,0,0,0,535,2500.0
0.85,EX1,8032,0,0,0,0,0,535,2500.0
0.85,EX1,8033,3,1,1,0,1,535,2500.0
0.85,EX1,8034,2,0,0,0,0,535,2500.0
0.85,EX1,8035,0,0,0,0,0,535,2500.0
0.85,EX1,8036,2,1,1,0,1,535,2500.0
0.85,EX1,8037,0,0,0,0,0,535,2500.0
0.85,EX1,8038,4,0,0,0,0,535,2500.0
0.85,EX1,8039,1,0,0,0,0,535,2500.0
0.85,EX1,8055,2,0,0,0,0,537,2500.0
0.85,EX1,8056,1,0,0,0,0,537,2500.0
0.85,EX1,8057,1,0,0,0,0,537,2500.0
0.85,EX1,8058,2,0,0,0,0,537,2500.0
0.85,EX1,8059,2,0,0,0,0,537,2500.0
0.85,EX1,8060,3,0,0,0,0,537,2500.0
0.85,EX1,8061,2,1,1,0,1,537,2500.0
0.85,EX1,8062,3,1,1,0,1,537,2500.0
0.85,EX1,8063,0,0,0,0,0,537,2500.0
0.85,EX1,8064,0,0,0,0,0,537,2500.0
0.85,EX1,8065,1,0,0,0,0,537,2500.0
0.85,EX1,8066,2,0,0,0,0,537,2500.0
0.85,EX1,8067,0,0,0,0,0,537,2500.0
0.85,EX1,8068,1,0,0,0,0,537,2500.0
0.85,EX1,8069,0,0,0,0,0,537,2500.0
0.85,EX1,8220,1,0,0,0,0,548,2500.0
0.85,EX1,8221,1,0,0,0,0,548,2500.0
0.85,EX1,8222,1,0,0,0,0,548,2500.0
0.85,EX1,8223,3,0,0,0,0,548,2500.0
0.85,EX1,8224,1,0,0,0,0,548,2500.0
0.85,EX1,8225,2,0,0,0,0,548,2500.0
0.85,EX1,8226,1,0,0,0,0,548,2500.0
0.85,EX1,8227,1,0,0,0,0,548,2500.0
0.85,EX1,8228,2,0,0,0,0,548,2500.0
0.85,EX1,8229,0,0,0,0,0,548,2500.0
0.85,EX1,8230,0,0,0,0,0,548,2500.0
0.85,EX1,8231,0,0,0,0,0,548,2500.0
0.85,EX1,8232,1,0,0,0,0,548,2500.0
0.85,EX1,8233,1,0,0,0,0,548,2500.0
0.85,EX1,8234,1,1,1,0,1,548,2500.0
0.85,EX1,8235,1,0,0,0,0,549,2500.0
0.85,EX1,8236,1,0,0,0,0,549,2500.0
0.85,EX1,8237,1,0,0,0,0,549,2500.0
0.85,EX1,8238,3,0,0,0,0,549,2500.0
0.85,EX1,8239,1,0,0,0,0,549,2500.0
0.85,EX1,8240,1,0,0,0,0,549,2500.0
0.85,EX1,8241,3,0,0,0,0,549,2500.0
0.85,EX1,8242,1,0,0,0,0,549,2500.0
0.85,EX1,8243,1,0,0,0,0,549,2500.0
0.85,EX1,8244,2,0,0,0,0,549,2500.0
0.85,EX1,8245,1,0,0,0,0,549,2500.0
0.85,EX1,8246,2,0,0,0,0,549,2500.0
0.85,EX1,8247,1,0,0,0,0,549,2500.0
0.85,EX1,8248,0,0,0,0,0,549,2500.0
0.85,EX1,8249,3,0,0,0,0,549,2500.0
0.85,EX1,8265,2,0,0,0,0,551,2500.0
0.85,EX1,8266,1,1,1,0,0,551,2500.0
0.85,EX1,8267,2,0,0,0,0,551,2500.0
0.85,EX1,8268,0,0,0,0,0,551,2500.0
0.85,EX1,8269,1,0,0,0,0,551,2500.0
0.85,EX1,8270,4,0,0,0,0,551,2500.0
0.85,EX1,8271,1,0,0,0,0,551,2500.0
0.85,EX1,8272,2,0,0,0,0,551,2500.0
0.85,EX1,8273,0,0,0,0,0,551,2500.0
0.85,EX1,8274,5,0,0,0,0,551,2500.0
0.85,EX1,8275,0,0,0,0,0,551,2500.0
0.85,EX1,8276,5,0,0,0,0,551,2500.0
0.85,EX1,8277,0,0,0,0,0,551,2500.0
0.85,EX1,8278,2,0,0,0,0,551,2500.0
0.85,EX1,8279,2,0,0,0,0,551,2500.0
0.85,EX1,8295,5,0,0,0,0,553,2500.0
0.85,EX1,8296,3,0,0,0,0,553,2500.0
0.85,EX1,8297,4,0,0,0,0,553,2500.0
0.85,EX1,8298,4,1,1,0,1,553,2500.0
0.85,EX1,8299,0,0,0,0,0,553,2500.0
0.85,EX1,8300,1,0,0,0,0,553,2500.0
0.85,EX1,8301,4,0,0,0,0,553,2500.0
0.85,EX1,8302,1,0,0,0,0,553,2500.0
0.85,EX1,8303,0,0,0,0,0,553,2500.0
0.85,EX1,8304,2,0,0,0,0,553,2500.0
0.85,EX1,8305,1,0,0,0,0,553,2500.0
0.85,EX1,8306,2,0,0,0,0,553,2500.0
0.85,EX1,8307,1,0,0,0,0,553,2500.0
0.85,EX1,8308,3,0,0,0,0,553,2500.0
0.85,EX1,8309,0,0,0,0,0,553,2500.0
0.85,EX1,8580,1,0,0,0,0,572,2500.0
0.85,EX1,8581,3,1,1,0,0,572,2500.0
0.85,EX1,8582,3,0,0,0,0,572,2500.0
0.85,EX1,8583,3,1,1,0,1,572,2500.0
0.85,EX1,8584,0,0,0,0,0,572,2500.0
0.85,EX1,8585,1,0,0,0,0,572,2500.0
0.85,EX1,8586,2,0,0,0,0,572,2500.0
0.85,EX1,8587,2,0,0,0,0,572,2500.0
0.85,EX1,8588,1,0,0,0,0,572,2500.0
0.85,EX1,8589,0,0,0,0,0,572,2500.0
0.85,EX1,8590,0,0,0,0,0,572,2500.0
0.85,EX1,8591,0,0,0,0,0,572,2500.0
0.85,EX1,8592,0,0,0,0,0,572,2500.0
0.85,EX1,8593,2,0,0,0,0,572,2500.0
0.85,EX1,8594,1,0,0,0,0,572,2500.0
0.85,EX1,8610,0,0,0,0,0,574,2500.0
0.85,EX1,8611,0,0,0,0,0,574,2500.0
0.85,EX1,8612,1,0,0,0,0,574,2500.0
0.85,EX1,8613,0,0,0,0,0,574,2500.0
0.85,EX1,8614,1,0,0,0,0,574,2500.0
0.85,EX1,8615,1,0,0,0,0,574,2500.0
0.85,EX1,8616,0,0,0,0,0,574,2500.0
0.85,EX1,8617,1,0,0,0,0,574,2500.0
0.85,EX1,8618,3,1,1,0,1,574,2500.0
0.85,EX1,8619,2,0,0,0,0,574,2500.0
0.85,EX1,8620,1,0,0,0,0,574,2500.0
0.85,EX1,8621,3,0,0,0,0,574,2500.0
0.85,EX1,8622,0,0,0,0,0,574,2500.0
0.85,EX1,8623,2,0,0,0,0,574,2500.0
0.85,EX1,8624,1,0,0,0,0,574,2500.0
0.85,EX1,8760,2,0,0,0,0,584,2500.0
0.85,EX1,8761,0,0,0,0,0,584,2500.0
0.85,EX1,8762,1,0,0,0,0,584,2500.0
0.85,EX1,8763,3,0,0,0,0,584,2500.0
0.85,EX1,8764,0,0,0,0,0,584,2500.0
0.85,EX1,8765,3,0,0,0,0,584,2500.0
0.85,EX1,8766,1,0,0,0,0,584,2500.0
0.85,EX1,8767,1,0,0,0,0,584,2500.0
0.85,EX1,8768,0,0,0,0,0,584,2500.0
0.85,EX1,8769,0,0,0,0,0,584,2500.0
0.85,EX1,8770,4,0,0,0,0,584,2500.0
0.85,EX1,8771,1,0,0,0,0,584,2500.0
0.85,EX1,8772,0,0,0,0,0,584,2500.0
0.85,EX1,8773,0,0,0,0,0,584,2500.0
0.85,EX1,8774,1,0,0,0,0,584,2500.0
0.85,EX1,8925,2,0,0,0,0,595,2500.0
0.85,EX1,8926,1,0,0,0,0,595,2500.0
0.85,EX1,8927,0,0,0,0,0,595,2500.0
0.85,EX1,8928,2,0,0,0,0,595,2500.0
0.85,EX1,8929,2,0,0,0,0,595,2500.0
0.85,EX1,8930,1,0,0,0,0,595,2500.0
0.85,EX1,8931,0,0,0,0,0,595,2500.0
0.85,EX1,8932,1,0,0,0,0,595,2500.0
0.85,EX1,8933,3,0,0,0,0,595,2500.0
0.85,EX1,8934,3,0,0,0,0,595,2500.0
0.85,EX1,8935,1,0,0,0,0,595,2500.0
0.85,EX1,8936,3,0,0,0,0,595,2500.0
0.85,EX1,8937,1,0,0,0,0,595,2500.0
0.85,EX1,8938,2,0,0,0,0,595,2500.0
0.85,EX1,8939,2,0,0,0,0,595,2500.0
0.85,EX1,8940,1,0,0,0,0,596,2500.0
0.85,EX1,8941,3,0,0,0,0,596,2500.0
0.85,EX1,8942,2,0,0,0,0,596,2500.0
0.85,EX1,8943,0,0,0,0,0,596,2500.0
0.85,EX1,8944,3,0,0,0,0,596,2500.0
0.85,EX1,8945,0,0,0,0,0,596,2500.0
0.85,EX1,8946,1,0,0,0,0,596,2500.0
0.85,EX1,8947,2,0,0,0,0,596,2500.0
0.85,EX1,8948,0,0,0,0,0,596,2500.0
0.85,EX1,8949,3,0,0,0,0,596,2500.0
0.85,EX1,8950,0,0,0,0,0,596,2500.0
0.85,EX1,8951,2,0,0,0,0,596,2500.0
0.85,EX1,8952,3,0,0,0,0,596,2500.0
0.85,EX1,8953,1,0,0,0,0,596,2500.0
0.85,EX1,8954,0,0,0,0,0,596,2500.0
0.85,EX1,9150,1,0,0,0,0,610,2500.0
0.85,EX1,9151,2,0,0,0,0,610,2500.0
0.85,EX1,9152,0,0,0,0,0,610,2500.0
0.85,EX1,9153,1,0,0,0,0,610,2500.0
0.85,EX1,9154,1,0,0,0,0,610,2500.0
0.85,EX1,9155,0,0,0,0,0,610,2500.0
0.85,EX1,9156,2,0,0,0,0,610,2500.0
0.85,EX1,9157,0,0,0,0,0,610,2500.0
0.85,EX1,9158,3,0,0,0,0,610,2500.0
0.85,EX1,9159,0,0,0,0,0,610,2500.0
0.85,EX1,9160,1,0,0,0,0,610,2500.0
0.85,EX1,9161,2,0,0,0,0,610,2500.0
0.85,EX1,9162,0,0,0,0,0,610,2500.0
0.85,EX1,9163,1,0,0,0,0,610,2500.0
0.85,EX1,9164,5,0,0,0,0,610,2500.0
0.85,EX1,9195,0,0,0,0,0,613,2500.0
0.85,EX1,9196,1,0,0,0,0,613,2500.0
0.85,EX1,9197,3,0,0,0,0,613,2500.0
0.85,EX1,9198,1,1,1,0,1,613,2500.0
0.85,EX1,9199,2,0,0,0,0,613,2500.0
0.85,EX1,9200,0,0,0,0,0,613,2500.0
0.85,EX1,9201,0,0,0,0,0,613,2500.0
0.85,EX1,9202,0,0,0,0,0,613,2500.0
0.85,EX1,9203,3,0,0,0,0,613,2500.0
0.85,EX1,9204,1,0,0,0,0,613,2500.0
0.85,EX1,9205,3,0,0,0,0,613,2500.0
0.85,EX1,9206,0,0,0,0,0,613,2500.0
0.85,EX1,9207,1,0,0,0,0,613,2500.0
0.85,EX1,9208,1,0,0,0,0,613,2500.0
0.85,EX1,9209,0,0,0,0,0,613,2500.0
0.85,EX1,9285,4,0,0,0,0,619,2500.0
0.85,EX1,9286,1,0,0,0,0,619,2500.0
0.85,EX1,9287,0,0,0,0,0,619,2500.0
0.85,EX1,9288,3,0,0,0,0,619,2500.0
0.85,EX1,9289,2,0,0,0,0,619,2500.0
0.85,EX1,9290,2,0,0,0,0,619,2500.0
0.85,EX1,9291,1,0,0,0,0,619,2500.0
0.85,EX1,9292,2,0,0,0,0,619,2500.0
0.85,EX1,9293,4,0,0,0,0,619,2500.0
0.85,EX1,9294,2,0,0,0,0,619,2500.0
0.85,EX1,9295,0,0,0,0,0,619,2500.0
0.85,EX1,9296,0,0,0,0,0,619,2500.0
0.85,EX1,9297,2,0,0,0,0,619,2500.0
0.85,EX1,9298,2,0,0,0,0,619,2500.0
0.85,EX1,9299,2,0,0,0,0,619,2500.0
0.85,EX1,9315,0,0,0,0,0,621,2500.0
0.85,EX1,9316,0,0,0,0,0,621,2500.0
0.85,EX1,9317,2,0,0,0,0,621,2500.0
0.85,EX1,9318,2,0,0,0,0,621,2500.0
0.85,EX1,9319,1,0,0,0,0,621,2500.0
0.85,EX1,9320,1,0,0,0,0,621,2500.0
0.85,EX1,9321,2,0,0,0,0,621,2500.0
0.85,EX1,9322,0,0,0,0,0,621,2500.0
0.85,EX1,9323,1,0,0,0,0,621,2500.0
0.85,EX1,9324,0,0,0,0,0,621,2500.0
0.85,EX1,9325,1,0,0,0,0,621,2500.0
0.85,EX1,9326,1,0,0,0,0,621,2500.0
0.85,EX1,9327,1,0,0,0,0,621,2500.0
0.85,EX1,9328,4,0,0,0,0,621,2500.0
0.85,EX1,9329,3,0,0,0,0,621,2500.0
0.85,EX1,9360,4,0,0,0,0,624,2500.0
0.85,EX1,9361,2,0,0,0,0,624,2500.0
0.85,EX1,9362,2,0,0,0,0,624,2500.0
0.85,EX1,9363,0,0,0,0,0,624,2500.0
0.85,EX1,9364,1,0,0,0,0,624,2500.0
0.85,EX1,9365,2,0,0,0,0,624,2500.0
0.85,EX1,9366,1,0,0,0,0,624,2500.0
0.85,EX1,9367,2,0,0,0,0,624,2500.0
0.85,EX1,9368,3,0,0,0,0,624,2500.0
0.85,EX1,9369,3,0,0,0,0,624,2500.0
0.85,EX1,9370,1,0,0,0,0,624,2500.0
0.85,EX1,9371,2,0,0,0,0,624,2500.0
0.85,EX1,9372,1,0,0,0,0,624,2500.0
0.85,EX1,9373,3,1,1,0,1,624,2500.0
0.85,EX1,9374,2,0,0,0,0,624,2500.0
0.85,EX1,9450,1,0,0,0,0,630,2500.0
0.85,EX1,9451,0,0,0,0,0,630,2500.0
0.85,EX1,9452,2,0,0,0,0,630,2500.0
0.85,EX1,9453,2,0,0,0,0,630,2500.0
0.85,EX1,9454,0,0,0,0,0,630,2500.0
0.85,EX1,9455,0,0,0,0,0,630,2500.0
0.85,EX1,9456,1,0,0,0,0,630,2500.0
0.85,EX1,9457,4,0,0,0,0,630,2500.0
0.85,EX1,9458,2,0,0,0,0,630,2500.0
0.85,EX1,9459,3,0,0,0,0,630,2500.0
0.85,EX1,9460,0,0,0,0,0,630,2500.0
0.85,EX1,9461,2,0,0,0,0,630,2500.0
0.85,EX1,9462,3,0,0,0,0,630,2500.0
0.85,EX1,9463,2,0,0,0,0,630,2500.0
0.85,EX1,9464,0,0,0,0,0,630,2500.0
0.85,EX1,9495,4,0,0,0,0,633,2500.0
0.85,EX1,9496,0,0,0,0,0,633,2500.0
0.85,EX1,9497,1,0,0,0,0,633,2500.0
0.85,EX1,9498,2,0,0,0,0,633,2500.0
0.85,EX1,9499,1,0,0,0,0,633,2500.0
0.85,EX1,9500,1,1,1,0,1,633,2500.0
0.85,EX1,9501,4,0,0,0,0,633,2500.0
0.85,EX1,9502,0,0,0,0,0,633,2500.0
0.85,EX1,9503,5,1,1,0,1,633,2500.0
0.85,EX1,9504,1,1,1,0,1,633,2500.0
0.85,EX1,9505,2,0,0,0,0,633,2500.0
0.85,EX1,9506,0,0,0,0,0,633,2500.0
0.85,EX1,9507,0,0,0,0,0,633,2500.0
0.85,EX1,9508,2,0,0,0,0,633,2500.0
0.85,EX1,9509,3,0,0,0,0,633,2500.0
0.85,EX1,9510,2,0,0,0,0,634,2500.0
0.85,EX1,9511,3,0,0,0,0,634,2500.0
0.85,EX1,9512,3,0,0,0,0,634,2500.0
0.85,EX1,9513,1,0,0,0,0,634,2500.0
0.85,EX1,9514,3,2,2,0,2,634,2500.0
0.85,EX1,9515,1,0,0,0,0,634,2500.0
0.85,EX1,9516,1,1,1,0,1,634,2500.0
0.85,EX1,9517,2,0,0,0,0,634,2500.0
0.85,EX1,9518,1,0,0,0,0,634,2500.0
0.85,EX1,9519,2,0,0,0,0,634,2500.0
0.85,EX1,9520,0,0,0,0,0,634,2500.0
0.85,EX1,9521,1,0,0,0,0,634,2500.0
0.85,EX1,9522,1,0,0,0,0,634,2500.0
0.85,EX1,9523,2,0,0,0,0,634,2500.0
0.85,EX1,9524,0,0,0,0,0,634,2500.0
0.85,EX1,9525,2,0,0,0,0,635,2500.0
0.85,EX1,9526,1,0,0,0,0,635,2500.0
0.85,EX1,9527,2,0,0,0,0,635,2500.0
0.85,EX1,9528,0,0,0,0,0,635,2500.0
0.85,EX1,9529,1,0,0,0,0,635,2500.0
0.85,EX1,9530,1,0,0,0,0,635,2500.0
0.85,EX1,9531,2,1,1,0,0,635,2500.0
0.85,EX1,9532,3,1,1,0,1,635,2500.0
0.85,EX1,9533,1,0,0,0,0,635,2500.0
0.85,EX1,9534,1,0,0,0,0,635,2500.0
0.85,EX1,9535,0,0,0,0,0,635,2500.0
0.85,EX1,9536,2,0,0,0,0,635,2500.0
0.85,EX1,9537,2,1,1,0,0,635,2500.0
0.85,EX1,9538,3,0,0,0,0,635,2500.0
0.85,EX1,9539,2,0,0,0,0,635,2500.0
0.85,EX1,9540,2,0,0,0,0,636,2500.0
0.85,EX1,9541,3,0,0,0,0,636,2500.0
0.85,EX1,9542,3,0,0,0,0,636,2500.0
0.85,EX1,9543,3,0,0,0,0,636,2500.0
0.85,EX1,9544,1,1,1,0,1,636,2500.0
0.85,EX1,9545,2,0,0,0,0,636,2500.0
0.85,EX1,9546,0,0,0,0,0,636,2500.0
0.85,EX1,9547,2,0,0,0,0,636,2500.0
0.85,EX1,9548,1,0,0,0,0,636,2500.0
0.85,EX1,9549,0,0,0,0,0,636,2500.0
0.85,EX1,9550,1,0,0,0,0,636,2500.0
0.85,EX1,9551,2,0,0,0,0,636,2500.0
0.85,EX1,9552,1,0,0,0,0,636,2500.0
0.85,EX1,9553,0,0,0,0,0,636,2500.0
0.85,EX1,9554,2,1,1,0,1,636,2500.0
0.85,EX1,9705,1,0,0,0,0,647,2500.0
0.85,EX1,9706,2,0,0,0,0,647,2500.0
0.85,EX1,9707,0,0,0,0,0,647,2500.0
0.85,EX1,9708,2,0,0,0,0,647,2500.0
0.85,EX1,9709,3,0,0,0,0,647,2500.0
0.85,EX1,9710,1,0,0,0,0,647,2500.0
0.85,EX1,9711,0,0,0,0,0,647,2500.0
0.85,EX1,9712,0,0,0,0,0,647,2500.0
0.85,EX1,9713,1,1,1,0,0,647,2500.0
0.85,EX1,9714,2,0,0,0,0,647,2500.0
0.85,EX1,9715,3,1,1,0,1,647,2500.0
0.85,EX1,9716,3,0,0,0,0,647,2500.0
0.85,EX1,9717,3,0,0,0,0,647,2500.0
0.85,EX1,9718,2,0,0,0,0,647,2500.0
0.85,EX1,9719,0,0,0,0,0,647,2500.0
0.85,EX1,9735,0,0,0,0,0,649,2500.0
0.85,EX1,9736,1,0,0,0,0,649,2500.0
0.85,EX1,9737,2,0,0,0,0,649,2500.0
0.85,EX1,9738,2,0,0,0,0,649,2500.0
0.85,EX1,9739,2,0,0,0,0,649,2500.0
0.85,EX1,9740,3,0,0,0,0,649,2500.0
0.85,EX1,9741,1,0,0,0,0,649,2500.0
0.85,EX1,9742,1,0,0,0,0,649,2500.0
0.85,EX1,9743,1,0,0,0,0,649,2500.0
0.85,EX1,9744,4,1,1,0,1,649,2500.0
0.85,EX1,9745,0,0,0,0,0,649,2500.0
0.85,EX1,9746,2,0,0,0,0,649,2500.0
0.85,EX1,9747,0,0,0,0,0,649,2500.0
0.85,EX1,9748,2,0,0,0,0,649,2500.0
0.85,EX1,9749,2,0,0,0,0,649,2500.0
0.85,EX1,9795,2,0,0,0,0,653,2500.0
0.85,EX1,9796,0,0,0,0,0,653,2500.0
0.85,EX1,9797,1,0,0,0,0,653,2500.0
0.85,EX1,9798,1,0,0,0,0,653,2500.0
0.85,EX1,9799,2,0,0,0,0,653,2500.0
0.85,EX1,9800,3,0,0,0,0,653,2500.0
0.85,EX1,9801,2,0,0,0,0,653,2500.0
0.85,EX1,9802,1,0,0,0,0,653,2500.0
0.85,EX1,9803,2,0,0,0,0,653,2500.0
0.85,EX1,9804,2,0,0,0,0,653,2500.0
0.85,EX1,9805,0,0,0,0,0,653,2500.0
0.85,EX1,9806,2,0,0,0,0,653,2500.0
0.85,EX1,9807,0,0,0,0,0,653,2500.0
0.85,EX1,9808,2,0,0,0,0,653,2500.0
0.85,EX1,9809,1,0,0,0,0,653,2500.0
0.85,EX1,9915,3,0,0,0,0,661,2500.0
0.85,EX1,9916,1,0,0,0,0,661,2500.0
0.85,EX1,9917,1,0,0,0,0,661,2500.0
0.85,EX1,9918,0,0,0,0,0,661,2500.0
0.85,EX1,9919,2,0,0,0,0,661,2500.0
0.85,EX1,9920,2,0,0,0,0,661,2500.0
0.85,EX1,9921,2,0,0,0,0,661,2500.0
0.85,EX1,9922,0,0,0,0,0,661,2500.0
0.85,EX1,9923,2,0,0,0,0,661,2500.0
0.85,EX1,9924,2,0,0,0,0,661,2500.0
0.85,EX1,9925,1,0,0,0,0,661,2500.0
0.85,EX1,9926,1,0,0,0,0,661,2500.0
0.85,EX1,9927,0,0,0,0,0,661,2500.0
0.85,EX1,9928,0,0,0,0,0,661,2500.0
0.85,EX1,9929,4,0,0,0,0,661,2500.0
0.85,EX1,9930,3,0,0,0,0,662,2500.0
0.85,EX1,9931,0,0,0,0,0,662,2500.0
0.85,EX1,9932,2,0,0,0,0,662,2500.0
0.85,EX1,9933,1,0,0,0,0,662,2500.0
0.85,EX1,9934,1,0,0,0,0,662,2500.0
0.85,EX1,9935,4,0,0,0,0,662,2500.0
0.85,EX1,9936,0,0,0,0,0,662,2500.0
0.85,EX1,9937,3,0,0,0,0,662,2500.0
0.85,EX1,9938,3,0,0,0,0,662,2500.0
0.85,EX1,9939,2,0,0,0,0,662,2500.0
0.85,EX1,9940,0,0,0,0,0,662,2500.0
0.85,EX1,9941,0,0,0,0,0,662,2500.0
0.85,EX1,9942,2,0,0,0,0,662,2500.0
0.85,EX1,9943,0,0,0,0,0,662,2500.0
0.85,EX1,9944,0,0,0,0,0,662,2500.0
0.85,EX2,30,0,0,0,0,0,2,2500.0
0.85,EX2,31,0,0,0,0,0,2,2500.0
0.85,EX2,32,1,0,0,0,0,2,2500.0
0.85,EX2,33,2,0,0,0,0,2,2500.0
0.85,EX2,34,0,0,0,0,0,2,2500.0
0.85,EX2,35,4,0,0,0,0,2,2500.0
0.85,EX2,36,2,0,0,0,0,2,2500.0
0.85,EX2,37,1,0,0,0,0,2,2500.0
0.85,EX2,38,0,0,0,0,0,2,2500.0
0.85,EX2,39,3,0,0,0,0,2,2500.0
0.85,EX2,40,1,0,0,0,0,2,2500.0
0.85,EX2,41,2,0,0,0,0,2,2500.0
0.85,EX2,42,4,0,0,0,0,2,2500.0
0.85,EX2,43,2,0,0,0,0,2,2500.0
0.85,EX2,44,3,0,0,0,0,2,2500.0
0.85,EX2,90,1,0,0,0,0,6,2500.0
0.85,EX2,91,1,0,0,0,0,6,2500.0
0.85,EX2,92,1,0,0,0,0,6,2500.0
0.85,EX2,93,1,0,0,0,0,6,2500.0
0.85,EX2,94,2,0,0,0,0,6,2500.0
0.85,EX2,95,3,0,0,0,0,6,2500.0
0.85,EX2,96,1,0,0,0,0,6,2500.0
0.85,EX2,97,0,0,0,0,0,6,2500.0
0.85,EX2,98,1,0,0,0,0,6,2500.0
0.85,EX2,99,2,0,0,0,0,6,2500.0
0.85,EX2,100,1,0,0,0,0,6,2500.0
0.85,EX2,101,0,0,0,0,0,6,2500.0
0.85,EX2,102,0,0,0,0,0,6,2500.0
0.85,EX2,103,2,0,0,0,0,6,2500.0
0.85,EX2,104,1,0,0,0,0,6,2500.0
0.85,EX2,150,0,0,0,0,0,10,2500.0
0.85,EX2,151,1,1,1,0,1,10,2500.0
0.85,EX2,152,0,0,0,0,0,10,2500.0
0.85,EX2,153,2,0,0,0,0,10,2500.0
0.85,EX2,154,0,0,0,0,0,10,2500.0
0.85,EX2,155,3,1,1,0,1,10,2500.0
0.85,EX2,156,3,0,0,0,0,10,2500.0
0.85,EX2,157,1,1,1,0,1,10,2500.0
0.85,EX2,158,1,0,0,0,0,10,2500.0
0.85,EX2,159,0,0,0,0,0,10,2500.0
0.85,EX2,160,2,0,0,0,0,10,2500.0
0.85,EX2,161,1,0,0,0,0,10,2500.0
0.85,EX2,162,1,0,0,0,0,10,2500.0
0.85,EX2,163,2,0,0,0,0,10,2500.0
0.85,EX2,164,1,0,0,0,0,10,2500.0
0.85,EX2,270,2,0,0,0,0,18,2500.0
0.85,EX2,271,3,0,0,0,0,18,2500.0
0.85,EX2,272,1,0,0,0,0,18,2500.0
0.85,EX2,273,0,0,0,0,0,18,2500.0
0.85,EX2,274,2,0,0,0,0,18,2500.0
0.85,EX2,275,0,0,0,0,0,18,2500.0
0.85,EX2,276,2,0,0,0,0,18,2500.0
0.85,EX2,277,0,0,0,0,0,18,2500.0
0.85,EX2,278,1,0,0,0,0,18,2500.0
0.85,EX2,279,0,0,0,0,0,18,2500.0
0.85,EX2,280,0,0,0,0,0,18,2500.0
0.85,EX2,281,3,0,0,0,0,18,2500.0
0.85,EX2,282,3,0,0,0,0,18,2500.0
0.85,EX2,283,2,0,0,0,0,18,2500.0
0.85,EX2,284,1,0,0,0,0,18,2500.0
0.85,EX2,360,0,0,0,0,0,24,2500.0
0.85,EX2,361,3,0,0,0,0,24,2500.0
0.85,EX2,362,1,0,0,0,0,24,2500.0
0.85,EX2,363,4,0,0,0,0,24,2500.0
0.85,EX2,364,3,0,0,0,0,24,2500.0
0.85,EX2,365,2,0,0,0,0,24,2500.0
0.85,EX2,366,2,0,0,0,0,24,2500.0
0.85,EX2,367,5,0,0,0,0,24,2500.0
0.85,EX2,368,0,0,0,0,0,24,2500.0
0.85,EX2,369,3,0,0,0,0,24,2500.0
0.85,EX2,370,2,0,0,0,0,24,2500.0
0.85,EX2,371,2,0,0,0,0,24,2500.0
0.85,EX2,372,0,0,0,0,0,24,2500.0
0.85,EX2,373,1,0,0,0,0,24,2500.0
0.85,EX2,374,2,1,1,0,0,24,2500.0
0.85,EX2,450,2,0,0,0,0,30,2500.0
0.85,EX2,451,2,0,0,0,0,30,2500.0
0.85,EX2,452,2,0,0,0,0,30,2500.0
0.85,EX2,453,0,0,0,0,0,30,2500.0
0.85,EX2,454,6,0,0,0,0,30,2500.0
0.85,EX2,455,2,0,0,0,0,30,2500.0
0.85,EX2,456,2,0,0,0,0,30,2500.0
0.85,EX2,457,0,0,0,0,0,30,2500.0
0.85,EX2,458,2,0,0,0,0,30,2500.0
0.85,EX2,459,1,0,0,0,0,30,2500.0
0.85,EX2,460,4,0,0,0,0,30,2500.0
0.85,EX2,461,0,0,0,0,0,30,2500.0
0.85,EX2,462,1,0,0,0,0,30,2500.0
0.85,EX2,463,0,0,0,0,0,30,2500.0
0.85,EX2,464,2,0,0,0,0,30,2500.0
0.85,EX2,465,2,0,0,0,0,31,2500.0
0.85,EX2,466,0,0,0,0,0,31,2500.0
0.85,EX2,467,1,0,0,0,0,31,2500.0
0.85,EX2,468,0,0,0,0,0,31,2500.0
0.85,EX2,469,1,0,0,0,0,31,2500.0
0.85,EX2,470,3,0,0,0,0,31,2500.0
0.85,EX2,471,2,0,0,0,0,31,2500.0
0.85,EX2,472,0,0,0,0,0,31,2500.0
0.85,EX2,473,0,0,0,0,0,31,2500.0
0.85,EX2,474,1,0,0,0,0,31,2500.0
0.85,EX2,475,0,0,0,0,0,31,2500.0
0.85,EX2,476,0,0,0,0,0,31,2500.0
0.85,EX2,477,2,0,0,0,0,31,2500.0
0.85,EX2,478,1,0,0,0,0,31,2500.0
0.85,EX2,479,0,0,0,0,0,31,2500.0
0.85,EX2,585,1,0,0,0,0,39,2500.0
0.85,EX2,586,0,0,0,0,0,39,2500.0
0.85,EX2,587,4,0,0,0,0,39,2500.0
0.85,EX2,588,1,0,0,0,0,39,2500.0
0.85,EX2,589,0,0,0,0,0,39,2500.0
0.85,EX2,590,1,0,0,0,0,39,2500.0
0.85,EX2,591,1,0,0,0,0,39,2500.0
0.85,EX2,592,0,0,0,0,0,39,2500.0
0.85,EX2,593,0,0,0,0,0,39,2500.0
0.85,EX2,594,0,0,0,0,0,39,2500.0
0.85,EX2,595,1,0,0,0,0,39,2500.0
0.85,EX2,596,2,0,0,0,0,39,2500.0
0.85,EX2,597,2,0,0,0,0,39,2500.0
0.85,EX2,598,2,0,0,0,0,39,2500.0
0.85,EX2,599,2,0,0,0,0,39,2500.0
0.85,EX2,615,0,0,0,0,0,41,2500.0
0.85,EX2,616,2,0,0,0,0,41,2500.0
0.85,EX2,617,1,0,0,0,0,41,2500.0
0.85,EX2,618,1,0,0,0,0,41,2500.0
0.85,EX2,619,1,0,0,0,0,41,2500.0
0.85,EX2,620,1,0,0,0,0,41,2500.0
0.85,EX2,621,1,0,0,0,0,41,2500.0
0.85,EX2,622,1,0,0,0,0,41,2500.0
0.85,EX2,623,1,0,0,0,0,41,2500.0
0.85,EX2,624,2,0,0,0,0,41,2500.0
0.85,EX2,625,0,0,0,0,0,41,2500.0
0.85,EX2,626,1,0,0,0,0,41,2500.0
0.85,EX2,627,0,0,0,0,0,41,2500.0
0.85,EX2,628,1,0,0,0,0,41,2500.0
0.85,EX2,629,0,0,0,0,0,41,2500.0
0.85,EX2,660,3,0,0,0,0,44,2500.0
0.85,EX2,661,1,0,0,0,0,44,2500.0
0.85,EX2,662,2,0,0,0,0,44,2500.0
0.85,EX2,663,1,0,0,0,0,44,2500.0
0.85,EX2,664,0,0,0,0,0,44,2500.0
0.85,EX2,665,2,0,0,0,0,44,2500.0
0.85,EX2,666,4,0,0,0,0,44,2500.0
0.85,EX2,667,1,0,0,0,0,44,2500.0
0.85,EX2,668,2,1,1,0,1,44,2500.0
0.85,EX2,669,2,0,0,0,0,44,2500.0
0.85,EX2,670,2,0,0,0,0,44,2500.0
0.85,EX2,671,1,0,0,0,0,44,2500.0
0.85,EX2,672,1,0,0,0,0,44,2500.0
0.85,EX2,673,2,0,0,0,0,44,2500.0
0.85,EX2,674,0,0,0,0,0,44,2500.0
0.85,EX2,735,3,0,0,0,0,49,2500.0
0.85,EX2,736,0,0,0,0,0,49,2500.0
0.85,EX2,737,1,0,0,0,0,49,2500.0
0.85,EX2,738,1,0,0,0,0,49,2500.0
0.85,EX2,739,2,0,0,0,0,49,2500.0
0.85,EX2,740,0,0,0,0,0,49,2500.0
0.85,EX2,741,0,0,0,0,0,49,2500.0
0.85,EX2,742,1,0,0,0,0,49,2500.0
0.85,EX2,743,5,1,1,0,1,49,2500.0
0.85,EX2,744,4,1,1,0,1,49,2500.0
0.85,EX2,745,0,0,0,0,0,49,2500.0
0.85,EX2,746,1,1,1,0,1,49,2500.0
0.85,EX2,747,1,0,0,0,0,49,2500.0
0.85,EX2,748,0,0,0,0,0,49,2500.0
0.85,EX2,749,0,0,0,0,0,49,2500.0
0.85,EX2,810,1,0,0,0,0,54,2500.0
0.85,EX2,811,2,0,0,0,0,54,2500.0
0.85,EX2,812,2,0,0,0,0,54,2500.0
0.85,EX2,813,3,0,0,0,0,54,2500.0
0.85,EX2,814,1,0,0,0,0,54,2500.0
0.85,EX2,815,1,0,0,0,0,54,2500.0
0.85,EX2,816,1,0,0,0,0,54,2500.0
0.85,EX2,817,1,0,0,0,0,54,2500.0
0.85,EX2,818,2,0,0,0,0,54,2500.0
0.85,EX2,819,3,0,0,0,0,54,2500.0
0.85,EX2,820,0,0,0,0,0,54,2500.0
0.85,EX2,821,1,0,0,0,0,54,2500.0
0.85,EX2,822,0,0,0,0,0,54,2500.0
0.85,EX2,823,1,0,0,0,0,54,2500.0
0.85,EX2,824,1,0,0,0,0,54,2500.0
0.85,EX2,825,1,0,0,0,0,55,2500.0
0.85,EX2,826,2,0,0,0,0,55,2500.0
0.85,EX2,827,0,0,0,0,0,55,2500.0
0.85,EX2,828,6,0,0,0,0,55,2500.0
0.85,EX2,829,6,0,0,0,0,55,2500.0
0.85,EX2,830,1,0,0,0,0,55,2500.0
0.85,EX2,831,0,0,0,0,0,55,2500.0
0.85,EX2,832,1,0,0,0,0,55,2500.0
0.85,EX2,833,2,0,0,0,0,55,2500.0
0.85,EX2,834,1,0,0,0,0,55,2500.0
0.85,EX2,835,0,0,0,0,0,55,2500.0
0.85,EX2,836,1,0,0,0,0,55,2500.0
0.85,EX2,837,1,0,0,0,0,55,2500.0
0.85,EX2,838,3,1,1,0,0,55,2500.0
0.85,EX2,839,4,0,0,0,0,55,2500.0
0.85,EX2,840,4,0,0,0,0,56,2500.0
0.85,EX2,841,4,0,0,0,0,56,2500.0
0.85,EX2,842,1,0,0,0,0,56,2500.0
0.85,EX2,843,4,0,0,0,0,56,2500.0
0.85,EX2,844,0,0,0,0,0,56,2500.0
0.85,EX2,845,1,0,0,0,0,56,2500.0
0.85,EX2,846,1,0,0,0,0,56,2500.0
0.85,EX2,847,0,0,0,0,0,56,2500.0
0.85,EX2,848,1,0,0,0,0,56,2500.0
0.85,EX2,849,2,0,0,0,0,56,2500.0
0.85,EX2,850,4,0,0,0,0,56,2500.0
0.85,EX2,851,2,0,0,0,0,56,2500.0
0.85,EX2,852,1,0,0,0,0,56,2500.0
0.85,EX2,853,0,0,0,0,0,56,2500.0
0.85,EX2,854,4,0,0,0,0,56,2500.0
0.85,EX2,900,0,0,0,0,0,60,2500.0
0.85,EX2,901,1,0,0,0,0,60,2500.0
0.85,EX2,902,3,1,1,0,1,60,2500.0
0.85,EX2,903,0,0,0,0,0,60,2500.0
0.85,EX2,904,1,0,0,0,0,60,2500.0
0.85,EX2,905,1,0,0,0,0,60,2500.0
0.85,EX2,906,2,0,0,0,0,60,2500.0
0.85,EX2,907,0,0,0,0,0,60,2500.0
0.85,EX2,908,0,0,0,0,0,60,2500.0
0.85,EX2,909,2,0,0,0,0,60,2500.0
0.85,EX2,910,3,0,0,0,0,60,2500.0
0.85,EX2,911,3,0,0,0,0,60,2500.0
0.85,EX2,912,1,0,0,0,0,60,2500.0
0.85,EX2,913,1,0,0,0,0,60,2500.0
0.85,EX2,914,1,1,1,0,0,60,2500.0
0.85,EX2,945,3,0,0,0,0,63,2500.0
0.85,EX2,946,2,0,0,0,0,63,2500.0
0.85,EX2,947,2,0,0,0,0,63,2500.0
0.85,EX2,948,2,0,0,0,0,63,2500.0
0.85,EX2,949,4,0,0,0,0,63,2500.0
0.85,EX2,950,1,0,0,0,0,63,2500.0
0.85,EX2,951,2,0,0,0,0,63,2500.0
0.85,EX2,952,2,0,0,0,0,63,2500.0
0.85,EX2,953,1,0,0,0,0,63,2500.0
0.85,EX2,954,4,0,0,0,0,63,2500.0
0.85,EX2,955,3,0,0,0,0,63,2500.0
0.85,EX2,956,1,0,0,0,0,63,2500.0
0.85,EX2,957,1,0,0,0,0,63,2500.0
0.85,EX2,958,1,0,0,0,0,63,2500.0
0.85,EX2,959,1,0,0,0,0,63,2500.0
0.85,EX2,975,2,0,0,0,0,65,2500.0
0.85,EX2,976,2,0,0,0,0,65,2500.0
0.85,EX2,977,1,0,0,0,0,65,2500.0
0.85,EX2,978,1,0,0,0,0,65,2500.0
0.85,EX2,979,0,0,0,0,0,65,2500.0
0.85,EX2,980,2,0,0,0,0,65,2500.0
0.85,EX2,981,1,0,0,0,0,65,2500.0
0.85,EX2,982,4,0,0,0,0,65,2500.0
0.85,EX2,983,3,2,2,0,2,65,2500.0
0.85,EX2,984,1,0,0,0,0,65,2500.0
0.85,EX2,985,3,0,0,0,0,65,2500.0
0.85,EX2,986,5,1,0,1,0,65,2500.0
0.85,EX2,987,1,0,0,0,0,65,2500.0
0.85,EX2,988,2,0,0,0,0,65,2500.0
0.85,EX2,989,0,0,0,0,0,65,2500.0
0.85,EX2,1035,3,0,0,0,0,69,2500.0
0.85,EX2,1036,0,0,0,0,0,69,2500.0
0.85,EX2,1037,0,0,0,0,0,69,2500.0
0.85,EX2,1038,1,0,0,0,0,69,2500.0
0.85,EX2,1039,1,0,0,0,0,69,2500.0
0.85,EX2,1040,1,0,0,0,0,69,2500.0
0.85,EX2,1041,0,0,0,0,0,69,2500.0
0.85,EX2,1042,0,0,0,0,0,69,2500.0
0.85,EX2,1043,2,0,0,0,0,69,2500.0
0.85,EX2,1044,1,0,0,0,0,69,2500.0
0.85,EX2,1045,2,0,0,0,0,69,2500.0
0.85,EX2,1046,1,0,0,0,0,69,2500.0
0.85,EX2,1047,4,1,1,0,0,69,2500.0
0.85,EX2,1048,0,0,0,0,0,69,2500.0
0.85,EX2,1049,1,0,0,0,0,69,2500.0
0.85,EX2,1050,1,0,0,0,0,70,2500.0
0.85,EX2,1051,1,0,0,0,0,70,2500.0
0.85,EX2,1052,2,0,0,0,0,70,2500.0
0.85,EX2,1053,1,0,0,0,0,70,2500.0
0.85,EX2,1054,2,1,1,0,0,70,2500.0
0.85,EX2,1055,2,0,0,0,0,70,2500.0
0.85,EX2,1056,1,0,0,0,0,70,2500.0
0.85,EX2,1057,1,1,1,0,0,70,2500.0
0.85,EX2,1058,0,0,0,0,0,70,2500.0
0.85,EX2,1059,1,0,0,0,0,70,2500.0
0.85,EX2,1060,0,0,0,0,0,70,2500.0
0.85,EX2,1061,4,0,0,0,0,70,2500.0
0.85,EX2,1062,1,0,0,0,0,70,2500.0
0.85,EX2,1063,1,0,0,0,0,70,2500.0
0.85,EX2,1064,1,0,0,0,0,70,2500.0
0.85,EX2,1080,1,0,0,0,0,72,2500.0
0.85,EX2,1081,2,0,0,0,0,72,2500.0
0.85,EX2,1082,2,0,0,0,0,72,2500.0
0.85,EX2,1083,4,0,0,0,0,72,2500.0
0.85,EX2,1084,0,0,0,0,0,72,2500.0
0.85,EX2,1085,0,0,0,0,0,72,2500.0
0.85,EX2,1086,4,0,0,0,0,72,2500.0
0.85,EX2,1087,4,0,0,0,0,72,2500.0
0.85,EX2,1088,0,0,0,0,0,72,2500.0
0.85,EX2,1089,0,0,0,0,0,72,2500.0
0.85,EX2,1090,0,0,0,0,0,72,2500.0
0.85,EX2,1091,2,0,0,0,0,72,2500.0
0.85,EX2,1092,1,0,0,0,0,72,2500.0
0.85,EX2,1093,0,0,0,0,0,72,2500.0
0.85,EX2,1094,2,0,0,0,0,72,2500.0
0.85,EX2,1140,0,0,0,0,0,76,2500.0
0.85,EX2,1141,3,0,0,0,0,76,2500.0
0.85,EX2,1142,2,0,0,0,0,76,2500.0
0.85,EX2,1143,2,0,0,0,0,76,2500.0
0.85,EX2,1144,3,0,0,0,0,76,2500.0
0.85,EX2,1145,0,0,0,0,0,76,2500.0
0.85,EX2,1146,3,0,0,0,0,76,2500.0
0.85,EX2,1147,1,0,0,0,0,76,2500.0
0.85,EX2,1148,1,0,0,0,0,76,2500.0
0.85,EX2,1149,1,0,0,0,0,76,2500.0
0.85,EX2,1150,3,1,1,0,1,76,2500.0
0.85,EX2,1151,1,0,0,0,0,76,2500.0
0.85,EX2,1152,2,0,0,0,0,76,2500.0
0.85,EX2,1153,1,0,0,0,0,76,2500.0
0.85,EX2,1154,0,0,0,0,0,76,2500.0
0.85,EX2,1155,1,0,0,0,0,77,2500.0
0.85,EX2,1156,0,0,0,0,0,77,2500.0
0.85,EX2,1157,2,0,0,0,0,77,2500.0
0.85,EX2,1158,0,0,0,0,0,77,2500.0
0.85,EX2,1159,1,0,0,0,0,77,2500.0
0.85,EX2,1160,0,0,0,0,0,77,2500.0
0.85,EX2,1161,4,1,1,0,1,77,2500.0
0.85,EX2,1162,2,0,0,0,0,77,2500.0
0.85,EX2,1163,2,0,0,0,0,77,2500.0
0.85,EX2,1164,1,0,0,0,0,77,2500.0
0.85,EX2,1165,2,0,0,0,0,77,2500.0
0.85,EX2,1166,3,0,0,0,0,77,2500.0
0.85,EX2,1167,2,0,0,0,0,77,2500.0
0.85,EX2,1168,2,0,0,0,0,77,2500.0
0.85,EX2,1169,0,0,0,0,0,77,2500.0
0.85,EX2,1170,0,0,0,0,0,78,2500.0
0.85,EX2,1171,2,0,0,0,0,78,2500.0
0.85,EX2,1172,0,0,0,0,0,78,2500.0
0.85,EX2,1173,3,1,1,0,0,78,2500.0
0.85,EX2,1174,3,0,0,0,0,78,2500.0
0.85,EX2,1175,1,0,0,0,0,78,2500.0
0.85,EX2,1176,1,0,0,0,0,78,2500.0
0.85,EX2,1177,6,1,1,0,0,78,2500.0
0.85,EX2,1178,3,0,0,0,0,78,2500.0
0.85,EX2,1179,2,0,0,0,0,78,2500.0
0.85,EX2,1180,1,0,0,0,0,78,2500.0
0.85,EX2,1181,0,0,0,0,0,78,2500.0
0.85,EX2,1182,6,1,1,0,1,78,2500.0
0.85,EX2,1183,1,0,0,0,0,78,2500.0
0.85,EX2,1184,2,1,1,0,1,78,2500.0
0.85,EX2,1215,2,1,1,0,0,81,2500.0
0.85,EX2,1216,0,0,0,0,0,81,2500.0
0.85,EX2,1217,2,0,0,0,0,81,2500.0
0.85,EX2,1218,0,0,0,0,0,81,2500.0
0.85,EX2,1219,2,0,0,0,0,81,2500.0
0.85,EX2,1220,1,0,0,0,0,81,2500.0
0.85,EX2,1221,2,0,0,0,0,81,2500.0
0.85,EX2,1222,1,0,0,0,0,81,2500.0
0.85,EX2,1223,0,0,0,0,0,81,2500.0
0.85,EX2,1224,0,0,0,0,0,81,2500.0
0.85,EX2,1225,1,0,0,0,0,81,2500.0
0.85,EX2,1226,4,0,0,0,0,81,2500.0
0.85,EX2,1227,1,0,0,0,0,81,2500.0
0.85,EX2,1228,3,0,0,0,0,81,2500.0
0.85,EX2,1229,2,0,0,0,0,81,2500.0
0.85,EX2,1230,1,0,0,0,0,82,2500.0
0.85,EX2,1231,1,0,0,0,0,82,2500.0
0.85,EX2,1232,1,0,0,0,0,82,2500.0
0.85,EX2,1233,1,0,0,0,0,82,2500.0
0.85,EX2,1234,0,0,0,0,0,82,2500.0
0.85,EX2,1235,2,0,0,0,0,82,2500.0
0.85,EX2,1236,3,1,1,0,0,82,2500.0
0.85,EX2,1237,1,0,0,0,0,82,2500.0
0.85,EX2,1238,0,0,0,0,0,82,2500.0
0.85,EX2,1239,1,0,0,0,0,82,2500.0
0.85,EX2,1240,1,0,0,0,0,82,2500.0
0.85,EX2,1241,3,0,0,0,0,82,2500.0
0.85,EX2,1242,1,0,0,0,0,82,2500.0
0.85,EX2,1243,3,0,0,0,0,82,2500.0
0.85,EX2,1244,2,0,0,0,0,82,2500.0
0.85,EX2,1290,3,0,0,0,0,86,2500.0
0.85,EX2,1291,1,0,0,0,0,86,2500.0
0.85,EX2,1292,1,0,0,0,0,86,2500.0
0.85,EX2,1293,2,0,0,0,0,86,2500.0
0.85,EX2,1294,2,0,0,0,0,86,2500.0
0.85,EX2,1295,3,0,0,0,0,86,2500.0
0.85,EX2,1296,1,0,0,0,0,86,2500.0
0.85,EX2,1297,2,0,0,0,0,86,2500.0
0.85,EX2,1298,2,0,0,0,0,86,2500.0
0.85,EX2,1299,2,0,0,0,0,86,2500.0
0.85,EX2,1300,2,0,0,0,0,86,2500.0
0.85,EX2,1301,1,0,0,0,0,86,2500.0
0.85,EX2,1302,3,1,1,0,1,86,2500.0
0.85,EX2,1303,1,0,0,0,0,86,2500.0
0.85,EX2,1304,3,0,0,0,0,86,2500.0
0.85,EX2,1350,2,1,1,0,1,90,2500.0
0.85,EX2,1351,3,0,0,0,0,90,2500.0
0.85,EX2,1352,1,0,0,0,0,90,2500.0
0.85,EX2,1353,3,0,0,0,0,90,2500.0
0.85,EX2,1354,3,0,0,0,0,90,2500.0
0.85,EX2,1355,0,0,0,0,0,90,2500.0
0.85,EX2,1356,1,0,0,0,0,90,2500.0
0.85,EX2,1357,1,0,0,0,0,90,2500.0
0.85,EX2,1358,2,0,0,0,0,90,2500.0
0.85,EX2,1359,0,0,0,0,0,90,2500.0
0.85,EX2,1360,2,0,0,0,0,90,2500.0
0.85,EX2,1361,2,0,0,0,0,90,2500.0
0.85,EX2,1362,2,0,0,0,0,90,2500.0
0.85,EX2,1363,1,0,0,0,0,90,2500.0
0.85,EX2,1364,1,0,0,0,0,90,2500.0
0.85,EX2,1515,2,0,0,0,0,101,2500.0
0.85,EX2,1516,1,0,0,0,0,101,2500.0
0.85,EX2,1517,3,0,0,0,0,101,2500.0
0.85,EX2,1518,1,0,0,0,0,101,2500.0
0.85,EX2,1519,1,0,0,0,0,101,2500.0
0.85,EX2,1520,1,0,0,0,0,101,2500.0
0.85,EX2,1521,1,0,0,0,0,101,2500.0
0.85,EX2,1522,0,0,0,0,0,101,2500.0
0.85,EX2,1523,2,0,0,0,0,101,2500.0
0.85,EX2,1524,1,0,0,0,0,101,2500.0
0.85,EX2,1525,3,0,0,0,0,101,2500.0
0.85,EX2,1526,5,0,0,0,0,101,2500.0
0.85,EX2,1527,1,0,0,0,0,101,2500.0
0.85,EX2,1528,0,0,0,0,0,101,2500.0
0.85,EX2,1529,0,0,0,0,0,101,2500.0
0.85,EX2,1620,0,0,0,0,0,108,2500.0
0.85,EX2,1621,1,0,0,0,0,108,2500.0
0.85,EX2,1622,1,0,0,0,0,108,2500.0
0.85,EX2,1623,3,0,0,0,0,108,2500.0
0.85,EX2,1624,2,0,0,0,0,108,2500.0
0.85,EX2,1625,0,0,0,0,0,108,2500.0
0.85,EX2,1626,3,0,0,0,0,108,2500.0
0.85,EX2,1627,5,0,0,0,0,108,2500.0
0.85,EX2,1628,1,0,0,0,0,108,2500.0
0.85,EX2,1629,3,0,0,0,0,108,2500.0
0.85,EX2,1630,1,0,0,0,0,108,2500.0
0.85,EX2,1631,1,0,0,0,0,108,2500.0
0.85,EX2,1632,3,0,0,0,0,108,2500.0
0.85,EX2,1633,0,0,0,0,0,108,2500.0
0.85,EX2,1634,0,0,0,0,0,108,2500.0
0.85,EX2,1635,1,0,0,0,0,109,2500.0
0.85,EX2,1636,1,0,0,0,0,109,2500.0
0.85,EX2,1637,1,0,0,0,0,109,2500.0
0.85,EX2,1638,1,0,0,0,0,109,2500.0
0.85,EX2,1639,1,0,0,0,0,109,2500.0
0.85,EX2,1640,1,0,0,0,0,109,2500.0
0.85,EX2,1641,1,0,0,0,0,109,2500.0
0.85,EX2,1642,3,0,0,0,0,109,2500.0
0.85,EX2,1643,2,0,0,0,0,109,2500.0
0.85,EX2,1644,1,0,0,0,0,109,2500.0
0.85,EX2,1645,4,1,1,0,0,109,2500.0
0.85,EX2,1646,1,0,0,0,0,109,2500.0
0.85,EX2,1647,2,0,0,0,0,109,2500.0
0.85,EX2,1648,0,0,0,0,0,109,2500.0
0.85,EX2,1649,0,0,0,0,0,109,2500.0
0.85,EX2,1650,3,0,0,0,0,110,2500.0
0.85,EX2,1651,1,0,0,0,0,110,2500.0
0.85,EX2,1652,1,0,0,0,0,110,2500.0
0.85,EX2,1653,1,0,0,0,0,110,2500.0
0.85,EX2,1654,1,1,1,0,1,110,2500.0
0.85,EX2,1655,0,0,0,0,0,110,2500.0
0.85,EX2,1656,0,0,0,0,0,110,2500.0
0.85,EX2,1657,4,0,0,0,0,110,2500.0
0.85,EX2,1658,1,0,0,0,0,110,2500.0
0.85,EX2,1659,0,0,0,0,0,110,2500.0
0.85,EX2,1660,0,0,0,0,0,110,2500.0
0.85,EX2,1661,1,0,0,0,0,110,2500.0
0.85,EX2,1662,1,0,0,0,0,110,2500.0
0.85,EX2,1663,1,0,0,0,0,110,2500.0
0.85,EX2,1664,2,0,0,0,0,110,2500.0
0.85,EX2,1770,0,0,0,0,0,118,2500.0
0.85,EX2,1771,1,0,0,0,0,118,2500.0
0.85,EX2,1772,4,1,1,0,1,118,2500.0
0.85,EX2,1773,2,0,0,0,0,118,2500.0
0.85,EX2,1774,1,0,0,0,0,118,2500.0
0.85,EX2,1775,3,0,0,0,0,118,2500.0
0.85,EX2,1776,1,0,0,0,0,118,2500.0
0.85,EX2,1777,2,1,1,0,0,118,2500.0
0.85,EX2,1778,2,0,0,0,0,118,2500.0
0.85,EX2,1779,0,0,0,0,0,118,2500.0
0.85,EX2,1780,2,0,0,0,0,118,2500.0
0.85,EX2,1781,2,0,0,0,0,118,2500.0
0.85,EX2,1782,1,0,0,0,0,118,2500.0
0.85,EX2,1783,1,0,0,0,0,118,2500.0
0.85,EX2,1784,4,0,0,0,0,118,2500.0
0.85,EX2,1800,1,0,0,0,0,120,2500.0
0.85,EX2,1801,1,0,0,0,0,120,2500.0
0.85,EX2,1802,0,0,0,0,0,120,2500.0
0.85,EX2,1803,2,0,0,0,0,120,2500.0
0.85,EX2,1804,2,0,0,0,0,120,2500.0
0.85,EX2,1805,1,0,0,0,0,120,2500.0
0.85,EX2,1806,3,0,0,0,0,120,2500.0
0.85,EX2,1807,0,0,0,0,0,120,2500.0
0.85,EX2,1808,4,0,0,0,0,120,2500.0
0.85,EX2,1809,0,0,0,0,0,120,2500.0
0.85,EX2,1810,0,0,0,0,0,120,2500.0
0.85,EX2,1811,0,0,0,0,0,120,2500.0
0.85,EX2,1812,3,0,0,0,0,120,2500.0
0.85,EX2,1813,2,1,1,0,1,120,2500.0
0.85,EX2,1814,2,0,0,0,0,120,2500.0
0.85,EX2,1965,2,1,1,0,1,131,2500.0
0.85,EX2,1966,1,0,0,0,0,131,2500.0
0.85,EX2,1967,1,0,0,0,0,131,2500.0
0.85,EX2,1968,1,0,0,0,0,131,2500.0
0.85,EX2,1969,2,0,0,0,0,131,2500.0
0.85,EX2,1970,1,0,0,0,0,131,2500.0
0.85,EX2,1971,3,0,0,0,0,131,2500.0
0.85,EX2,1972,3,0,0,0,0,131,2500.0
0.85,EX2,1973,0,0,0,0,0,131,2500.0
0.85,EX2,1974,2,0,0,0,0,131,2500.0
0.85,EX2,1975,1,0,0,0,0,131,2500.0
0.85,EX2,1976,2,0,0,0,0,131,2500.0
0.85,EX2,1977,2,0,0,0,0,131,2500.0
0.85,EX2,1978,3,0,0,0,0,131,2500.0
0.85,EX2,1979,3,0,0,0,0,131,2500.0
0.85,EX2,1980,2,0,0,0,0,132,2500.0
0.85,EX2,1981,2,0,0,0,0,132,2500.0
0.85,EX2,1982,0,0,0,0,0,132,2500.0
0.85,EX2,1983,1,0,0,0,0,132,2500.0
0.85,EX2,1984,0,0,0,0,0,132,2500.0
0.85,EX2,1985,0,0,0,0,0,132,2500.0
0.85,EX2,1986,1,0,0,0,0,132,2500.0
0.85,EX2,1987,1,0,0,0,0,132,2500.0
0.85,EX2,1988,1,0,0,0,0,132,2500.0
0.85,EX2,1989,2,0,0,0,0,132,2500.0
0.85,EX2,1990,1,0,0,0,0,132,2500.0
0.85,EX2,1991,3,1,1,0,1,132,2500.0
0.85,EX2,1992,0,0,0,0,0,132,2500.0
0.85,EX2,1993,1,0,0,0,0,132,2500.0
0.85,EX2,1994,1,0,0,0,0,132,2500.0
0.85,EX2,1995,0,0,0,0,0,133,2500.0
0.85,EX2,1996,0,0,0,0,0,133,2500.0
0.85,EX2,1997,1,0,0,0,0,133,2500.0
0.85,EX2,1998,1,0,0,0,0,133,2500.0
0.85,EX2,1999,2,0,0,0,0,133,2500.0
0.85,EX2,2000,2,0,0,0,0,133,2500.0
0.85,EX2,2001,2,0,0,0,0,133,2500.0
0.85,EX2,2002,0,0,0,0,0,133,2500.0
0.85,EX2,2003,2,0,0,0,0,133,2500.0
0.85,EX2,2004,0,0,0,0,0,133,2500.0
0.85,EX2,2005,1,0,0,0,0,133,2500.0
0.85,EX2,2006,1,0,0,0,0,133,2500.0
0.85,EX2,2007,0,0,0,0,0,133,2500.0
0.85,EX2,2008,1,0,0,0,0,133,2500.0
0.85,EX2,2009,8,0,0,0,0,133,2500.0
0.85,EX2,2025,1,0,0,0,0,135,2500.0
0.85,EX2,2026,1,0,0,0,0,135,2500.0
0.85,EX2,2027,1,0,0,0,0,135,2500.0
0.85,EX2,2028,2,0,0,0,0,135,2500.0
0.85,EX2,2029,0,0,0,0,0,135,2500.0
0.85,EX2,2030,1,1,1,0,1,135,2500.0
0.85,EX2,2031,1,0,0,0,0,135,2500.0
0.85,EX2,2032,2,0,0,0,0,135,2500.0
0.85,EX2,2033,1,0,0,0,0,135,2500.0
0.85,EX2,2034,1,0,0,0,0,135,2500.0
0.85,EX2,2035,2,0,0,0,0,135,2500.0
0.85,EX2,2036,1,0,0,0,0,135,2500.0
0.85,EX2,2037,2,0,0,0,0,135,2500.0
0.85,EX2,2038,2,1,1,0,1,135,2500.0
0.85,EX2,2039,3,1,1,0,0,135,2500.0
0.85,EX2,2040,2,0,0,0,0,136,2500.0
0.85,EX2,2041,1,1,1,0,0,136,2500.0
0.85,EX2,2042,2,1,1,0,1,136,2500.0
0.85,EX2,2043,0,0,0,0,0,136,2500.0
0.85,EX2,2044,4,0,0,0,0,136,2500.0
0.85,EX2,2045,1,0,0,0,0,136,2500.0
0.85,EX2,2046,0,0,0,0,0,136,2500.0
0.85,EX2,2047,0,0,0,0,0,136,2500.0
0.85,EX2,2048,2,0,0,0,0,136,2500.0
0.85,EX2,2049,0,0,0,0,0,136,2500.0
0.85,EX2,2050,2,0,0,0,0,136,2500.0
0.85,EX2,2051,4,0,0,0,0,136,2500.0
0.85,EX2,2052,1,0,0,0,0,136,2500.0
0.85,EX2,2053,5,0,0,0,0,136,2500.0
0.85,EX2,2054,0,0,0,0,0,136,2500.0
0.85,EX2,2220,2,0,0,0,0,148,2500.0
0.85,EX2,2221,1,0,0,0,0,148,2500.0
0.85,EX2,2222,5,0,0,0,0,148,2500.0
0.85,EX2,2223,0,0,0,0,0,148,2500.0
0.85,EX2,2224,4,0,0,0,0,148,2500.0
0.85,EX2,2225,3,0,0,0,0,148,2500.0
0.85,EX2,2226,0,0,0,0,0,148,2500.0
0.85,EX2,2227,3,0,0,0,0,148,2500.0
0.85,EX2,2228,1,0,0,0,0,148,2500.0
0.85,EX2,2229,3,0,0,0,0,148,2500.0
0.85,EX2,2230,2,0,0,0,0,148,2500.0
0.85,EX2,2231,2,0,0,0,0,148,2500.0
0.85,EX2,2232,4,0,0,0,0,148,2500.0
0.85,EX2,2233,1,0,0,0,0,148,2500.0
0.85,EX2,2234,1,0,0,0,0,148,2500.0
0.85,EX2,2325,0,0,0,0,0,155,2500.0
0.85,EX2,2326,0,0,0,0,0,155,2500.0
0.85,EX2,2327,1,0,0,0,0,155,2500.0
0.85,EX2,2328,1,0,0,0,0,155,2500.0
0.85,EX2,2329,2,0,0,0,0,155,2500.0
0.85,EX2,2330,4,0,0,0,0,155,2500.0
0.85,EX2,2331,0,0,0,0,0,155,2500.0
0.85,EX2,2332,0,0,0,0,0,155,2500.0
0.85,EX2,2333,1,0,0,0,0,155,2500.0
0.85,EX2,2334,0,0,0,0,0,155,2500.0
0.85,EX2,2335,1,0,0,0,0,155,2500.0
0.85,EX2,2336,1,0,0,0,0,155,2500.0
0.85,EX2,2337,1,0,0,0,0,155,2500.0
0.85,EX2,2338,2,0,0,0,0,155,2500.0
0.85,EX2,2339,3,0,0,0,0,155,2500.0
0.85,EX2,2370,1,0,0,0,0,158,2500.0
0.85,EX2,2371,3,0,0,0,0,158,2500.0
0.85,EX2,2372,2,0,0,0,0,158,2500.0
0.85,EX2,2373,0,0,0,0,0,158,2500.0
0.85,EX2,2374,0,0,0,0,0,158,2500.0
0.85,EX2,2375,5,0,0,0,0,158,2500.0
0.85,EX2,2376,0,0,0,0,0,158,2500.0
0.85,EX2,2377,2,0,0,0,0,158,2500.0
0.85,EX2,2378,1,0,0,0,0,158,2500.0
0.85,EX2,2379,2,0,0,0,0,158,2500.0
0.85,EX2,2380,2,0,0,0,0,158,2500.0
0.85,EX2,2381,1,0,0,0,0,158,2500.0
0.85,EX2,2382,1,0,0,0,0,158,2500.0
0.85,EX2,2383,2,0,0,0,0,158,2500.0
0.85,EX2,2384,3,0,0,0,0,158,2500.0
0.85,EX2,2460,0,0,0,0,0,164,2500.0
0.85,EX2,2461,1,0,0,0,0,164,2500.0
0.85,EX2,2462,2,0,0,0,0,164,2500.0
0.85,EX2,2463,3,1,1,0,0,164,2500.0
0.85,EX2,2464,1,0,0,0,0,164,2500.0
0.85,EX2,2465,0,0,0,0,0,164,2500.0
0.85,EX2,2466,0,0,0,0,0,164,2500.0
0.85,EX2,2467,2,0,0,0,0,164,2500.0
0.85,EX2,2468,2,0,0,0,0,164,2500.0
0.85,EX2,2469,2,1,1,0,1,164,2500.0
0.85,EX2,2470,0,0,0,0,0,164,2500.0
0.85,EX2,2471,1,0,0,0,0,164,2500.0
0.85,EX2,2472,2,1,1,0,1,164,2500.0
0.85,EX2,2473,1,0,0,0,0,164,2500.0
0.85,EX2,2474,1,0,0,0,0,164,2500.0
0.85,EX2,2475,0,0,0,0,0,165,2500.0
0.85,EX2,2476,1,0,0,0,0,165,2500.0
0.85,EX2,2477,2,0,0,0,0,165,2500.0
0.85,EX2,2478,1,0,0,0,0,165,2500.0
0.85,EX2,2479,4,1,1,0,0,165,2500.0
0.85,EX2,2480,2,1,1,0,0,165,2500.0
0.85,EX2,2481,0,0,0,0,0,165,2500.0
0.85,EX2,2482,1,0,0,0,0,165,2500.0
0.85,EX2,2483,2,0,0,0,0,165,2500.0
0.85,EX2,2484,4,1,1,0,0,165,2500.0
0.85,EX2,2485,0,0,0,0,0,165,2500.0
0.85,EX2,2486,2,0,0,0,0,165,2500.0
0.85,EX2,2487,0,0,0,0,0,165,2500.0
0.85,EX2,2488,2,0,0,0,0,165,2500.0
0.85,EX2,2489,2,0,0,0,0,165,2500.0
0.85,EX2,2640,1,0,0,0,0,176,2500.0
0.85,EX2,2641,1,0,0,0,0,176,2500.0
0.85,EX2,2642,2,0,0,0,0,176,2500.0
0.85,EX2,2643,2,0,0,0,0,176,2500.0
0.85,EX2,2644,3,1,1,0,1,176,2500.0
0.85,EX2,2645,4,0,0,0,0,176,2500.0
0.85,EX2,2646,4,1,1,0,1,176,2500.0
0.85,EX2,2647,2,0,0,0,0,176,2500.0
0.85,EX2,2648,1,1,1,0,1,176,2500.0
0.85,EX2,2649,4,0,0,0,0,176,2500.0
0.85,EX2,2650,2,0,0,0,0,176,2500.0
0.85,EX2,2651,5,0,0,0,0,176,2500.0
0.85,EX2,2652,1,0,0,0,0,176,2500.0
0.85,EX2,2653,2,0,0,0,0,176,2500.0
0.85,EX2,2654,2,0,0,0,0,176,2500.0
0.85,EX2,2715,0,0,0,0,0,181,2500.0
0.85,EX2,2716,1,0,0,0,0,181,2500.0
0.85,EX2,2717,0,0,0,0,0,181,2500.0
0.85,EX2,2718,3,0,0,0,0,181,2500.0
0.85,EX2,2719,2,0,0,0,0,181,2500.0
0.85,EX2,2720,4,0,0,0,0,181,2500.0
0.85,EX2,2721,2,0,0,0,0,181,2500.0
0.85,EX2,2722,1,0,0,0,0,181,2500.0
0.85,EX2,2723,0,0,0,0,0,181,2500.0
0.85,EX2,2724,1,0,0,0,0,181,2500.0
0.85,EX2,2725,1,0,0,0,0,181,2500.0
0.85,EX2,2726,0,0,0,0,0,181,2500.0
0.85,EX2,2727,2,0,0,0,0,181,2500.0
0.85,EX2,2728,0,0,0,0,0,181,2500.0
0.85,EX2,2729,0,0,0,0,0,181,2500.0
0.85,EX2,2730,1,0,0,0,0,182,2500.0
0.85,EX2,2731,1,0,0,0,0,182,2500.0
0.85,EX2,2732,3,0,0,0,0,182,2500.0
0.85,EX2,2733,1,0,0,0,0,182,2500.0
0.85,EX2,2734,1,0,0,0,0,182,2500.0
0.85,EX2,2735,1,0,0,0,0,182,2500.0
0.85,EX2,2736,1,0,0,0,0,182,2500.0
0.85,EX2,2737,2,1,1,0,1,182,2500.0
0.85,EX2,2738,1,0,0,0,0,182,2500.0
0.85,EX2,2739,0,0,0,0,0,182,2500.0
0.85,EX2,2740,1,0,0,0,0,182,2500.0
0.85,EX2,2741,5,0,0,0,0,182,2500.0
0.85,EX2,2742,0,0,0,0,0,182,2500.0
0.85,EX2,2743,3,1,1,0,1,182,2500.0
0.85,EX2,2744,1,0,0,0,0,182,2500.0
0.85,EX2,2880,1,0,0,0,0,192,2500.0
0.85,EX2,2881,2,0,0,0,0,192,2500.0
0.85,EX2,2882,1,0,0,0,0,192,2500.0
0.85,EX2,2883,1,0,0,0,0,192,2500.0
0.85,EX2,2884,0,0,0,0,0,192,2500.0
0.85,EX2,2885,1,0,0,0,0,192,2500.0
0.85,EX2,2886,0,0,0,0,0,192,2500.0
0.85,EX2,2887,1,0,0,0,0,192,2500.0
0.85,EX2,2888,3,0,0,0,0,192,2500.0
0.85,EX2,2889,1,0,0,0,0,192,2500.0
0.85,EX2,2890,3,0,0,0,0,192,2500.0
0.85,EX2,2891,4,0,0,0,0,192,2500.0
0.85,EX2,2892,1,0,0,0,0,192,2500.0
0.85,EX2,2893,2,0,0,0,0,192,2500.0
0.85,EX2,2894,1,0,0,0,0,192,2500.0
0.85,EX2,2985,2,0,0,0,0,199,2500.0
0.85,EX2,2986,1,0,0,0,0,199,2500.0
0.85,EX2,2987,2,0,0,0,0,199,2500.0
0.85,EX2,2988,1,0,0,0,0,199,2500.0
0.85,EX2,2989,1,0,0,0,0,199,2500.0
0.85,EX2,2990,0,0,0,0,0,199,2500.0
0.85,EX2,2991,0,0,0,0,0,199,2500.0
0.85,EX2,2992,2,0,0,0,0,199,2500.0
0.85,EX2,2993,1,0,0,0,0,199,2500.0
0.85,EX2,2994,2,0,0,0,0,199,2500.0
0.85,EX2,2995,2,0,0,0,0,199,2500.0
0.85,EX2,2996,1,0,0,0,0,199,2500.0
0.85,EX2,2997,1,1,1,0,0,199,2500.0
0.85,EX2,2998,3,0,0,0,0,199,2500.0
0.85,EX2,2999,1,0,0,0,0,199,2500.0
0.85,EX2,3060,0,0,0,0,0,204,2500.0
0.85,EX2,3061,0,0,0,0,0,204,2500.0
0.85,EX2,3062,2,0,0,0,0,204,2500.0
0.85,EX2,3063,3,1,1,0,0,204,2500.0
0.85,EX2,3064,2,0,0,0,0,204,2500.0
0.85,EX2,3065,2,0,0,0,0,204,2500.0
0.85,EX2,3066,2,0,0,0,0,204,2500.0
0.85,EX2,3067,2,0,0,0,0,204,2500.0
0.85,EX2,3068,2,0,0,0,0,204,2500.0
0.85,EX2,3069,1,1,1,0,1,204,2500.0
0.85,EX2,3070,1,0,0,0,0,204,2500.0
0.85,EX2,3071,0,0,0,0,0,204,2500.0
0.85,EX2,3072,3,0,0,0,0,204,2500.0
0.85,EX2,3073,1,0,0,0,0,204,2500.0
0.85,EX2,3074,2,0,0,0,0,204,2500.0
0.85,EX2,3135,2,1,1,0,1,209,2500.0
0.85,EX2,3136,3,0,0,0,0,209,2500.0
0.85,EX2,3137,0,0,0,0,0,209,2500.0
0.85,EX2,3138,2,0,0,0,0,209,2500.0
0.85,EX2,3139,4,2,2,0,2,209,2500.0
0.85,EX2,3140,2,0,0,0,0,209,2500.0
0.85,EX2,3141,4,0,0,0,0,209,2500.0
0.85,EX2,3142,1,0,0,0,0,209,2500.0
0.85,EX2,3143,0,0,0,0,0,209,2500.0
0.85,EX2,3144,3,0,0,0,0,209,2500.0
0.85,EX2,3145,3,1,1,0,1,209,2500.0
0.85,EX2,3146,1,1,1,0,0,209,2500.0
0.85,EX2,3147,3,0,0,0,0,209,2500.0
0.85,EX2,3148,3,0,0,0,0,209,2500.0
0.85,EX2,3149,0,0,0,0,0,209,2500.0
0.85,EX2,3150,2,0,0,0,0,210,2500.0
0.85,EX2,3151,2,0,0,0,0,210,2500.0
0.85,EX2,3152,0,0,0,0,0,210,2500.0
0.85,EX2,3153,3,0,0,0,0,210,2500.0
0.85,EX2,3154,1,0,0,0,0,210,2500.0
0.85,EX2,3155,1,1,1,0,1,210,2500.0
0.85,EX2,3156,1,0,0,0,0,210,2500.0
0.85,EX2,3157,2,0,0,0,0,210,2500.0
0.85,EX2,3158,1,0,0,0,0,210,2500.0
0.85,EX2,3159,1,0,0,0,0,210,2500.0
0.85,EX2,3160,4,0,0,0,0,210,2500.0
0.85,EX2,3161,0,0,0,0,0,210,2500.0
0.85,EX2,3162,1,0,0,0,0,210,2500.0
0.85,EX2,3163,5,0,0,0,0,210,2500.0
0.85,EX2,3164,1,0,0,0,0,210,2500.0
0.85,EX2,3165,4,0,0,0,0,211,2500.0
0.85,EX2,3166,0,0,0,0,0,211,2500.0
0.85,EX2,3167,2,0,0,0,0,211,2500.0
0.85,EX2,3168,1,0,0,0,0,211,2500.0
0.85,EX2,3169,2,0,0,0,0,211,2500.0
0.85,EX2,3170,4,0,0,0,0,211,2500.0
0.85,EX2,3171,4,0,0,0,0,211,2500.0
0.85,EX2,3172,2,0,0,0,0,211,2500.0
0.85,EX2,3173,1,0,0,0,0,211,2500.0
0.85,EX2,3174,2,0,0,0,0,211,2500.0
0.85,EX2,3175,1,1,1,0,1,211,2500.0
0.85,EX2,3176,0,0,0,0,0,211,2500.0
0.85,EX2,3177,2,0,0,0,0,211,2500.0
0.85,EX2,3178,3,0,0,0,0,211,2500.0
0.85,EX2,3179,0,0,0,0,0,211,2500.0
0.85,EX2,3195,0,0,0,0,0,213,2500.0
0.85,EX2,3196,3,0,0,0,0,213,2500.0
0.85,EX2,3197,0,0,0,0,0,213,2500.0
0.85,EX2,3198,1,0,0,0,0,213,2500.0
0.85,EX2,3199,3,0,0,0,0,213,2500.0
0.85,EX2,3200,0,0,0,0,0,213,2500.0
0.85,EX2,3201,1,0,0,0,0,213,2500.0
0.85,EX2,3202,0,0,0,0,0,213,2500.0
0.85,EX2,3203,1,0,0,0,0,213,2500.0
0.85,EX2,3204,1,0,0,0,0,213,2500.0
0.85,EX2,3205,5,1,1,0,1,213,2500.0
0.85,EX2,3206,2,0,0,0,0,213,2500.0
0.85,EX2,3207,0,0,0,0,0,213,2500.0
0.85,EX2,3208,2,0,0,0,0,213,2500.0
0.85,EX2,3209,1,0,0,0,0,213,2500.0
0.85,EX2,3270,2,0,0,0,0,218,2500.0
0.85,EX2,3271,3,0,0,0,0,218,2500.0
0.85,EX2,3272,2,0,0,0,0,218,2500.0
0.85,EX2,3273,1,0,0,0,0,218,2500.0
0.85,EX2,3274,6,0,0,0,0,218,2500.0
0.85,EX2,3275,1,0,0,0,0,218,2500.0
0.85,EX2,3276,5,0,0,0,0,218,2500.0
0.85,EX2,3277,0,0,0,0,0,218,2500.0
0.85,EX2,3278,3,0,0,0,0,218,2500.0
0.85,EX2,3279,1,0,0,0,0,218,2500.0
0.85,EX2,3280,3,0,0,0,0,218,2500.0
0.85,EX2,3281,0,0,0,0,0,218,2500.0
0.85,EX2,3282,1,1,1,0,1,218,2500.0
0.85,EX2,3283,1,0,0,0,0,218,2500.0
0.85,EX2,3284,0,0,0,0,0,218,2500.0
0.85,EX2,3300,2,0,0,0,0,220,2500.0
0.85,EX2,3301,0,0,0,0,0,220,2500.0
0.85,EX2,3302,0,0,0,0,0,220,2500.0
0.85,EX2,3303,3,1,1,0,1,220,2500.0
0.85,EX2,3304,0,0,0,0,0,220,2500.0
0.85,EX2,3305,2,2,2,0,1,220,2500.0
0.85,EX2,3306,0,0,0,0,0,220,2500.0
0.85,EX2,3307,1,0,0,0,0,220,2500.0
0.85,EX2,3308,3,0,0,0,0,220,2500.0
0.85,EX2,3309,0,0,0,0,0,220,2500.0
0.85,EX2,3310,1,0,0,0,0,220,2500.0
0.85,EX2,3311,3,0,0,0,0,220,2500.0
0.85,EX2,3312,1,0,0,0,0,220,2500.0
0.85,EX2,3313,1,0,0,0,0,220,2500.0
0.85,EX2,3314,1,0,0,0,0,220,2500.0
0.85,EX2,3405,3,0,0,0,0,227,2500.0
0.85,EX2,3406,3,0,0,0,0,227,2500.0
0.85,EX2,3407,0,0,0,0,0,227,2500.0
0.85,EX2,3408,0,0,0,0,0,227,2500.0
0.85,EX2,3409,2,0,0,0,0,227,2500.0
0.85,EX2,3410,2,0,0,0,0,227,2500.0
0.85,EX2,3411,1,0,0,0,0,227,2500.0
0.85,EX2,3412,2,0,0,0,0,227,2500.0
0.85,EX2,3413,1,0,0,0,0,227,2500.0
0.85,EX2,3414,2,0,0,0,0,227,2500.0
0.85,EX2,3415,2,0,0,0,0,227,2500.0
0.85,EX2,3416,3,0,0,0,0,227,2500.0
0.85,EX2,3417,3,0,0,0,0,227,2500.0
0.85,EX2,3418,1,0,0,0,0,227,2500.0
0.85,EX2,3419,2,0,0,0,0,227,2500.0
0.85,EX2,3525,2,0,0,0,0,235,2500.0
0.85,EX2,3526,1,0,0,0,0,235,2500.0
0.85,EX2,3527,2,0,0,0,0,235,2500.0
0.85,EX2,3528,3,0,0,0,0,235,2500.0
0.85,EX2,3529,2,0,0,0,0,235,2500.0
0.85,EX2,3530,1,0,0,0,0,235,2500.0
0.85,EX2,3531,1,0,0,0,0,235,2500.0
0.85,EX2,3532,2,0,0,0,0,235,2500.0
0.85,EX2,3533,1,0,0,0,0,235,2500.0
0.85,EX2,3534,1,0,0,0,0,235,2500.0
0.85,EX2,3535,2,1,1,0,0,235,2500.0
0.85,EX2,3536,1,0,0,0,0,235,2500.0
0.85,EX2,3537,1,0,0,0,0,235,2500.0
0.85,EX2,3538,2,0,0,0,0,235,2500.0
0.85,EX2,3539,2,0,0,0,0,235,2500.0
0.85,EX2,3660,3,0,0,0,0,244,2500.0
0.85,EX2,3661,8,0,0,0,0,244,2500.0
0.85,EX2,3662,2,0,0,0,0,244,2500.0
0.85,EX2,3663,0,0,0,0,0,244,2500.0
0.85,EX2,3664,1,0,0,0,0,244,2500.0
0.85,EX2,3665,1,1,1,0,0,244,2500.0
0.85,EX2,3666,1,0,0,0,0,244,2500.0
0.85,EX2,3667,0,0,0,0,0,244,2500.0
0.85,EX2,3668,3,0,0,0,0,244,2500.0
0.85,EX2,3669,2,0,0,0,0,244,2500.0
0.85,EX2,3670,3,0,0,0,0,244,2500.0
0.85,EX2,3671,0,0,0,0,0,244,2500.0
0.85,EX2,3672,1,0,0,0,0,244,2500.0
0.85,EX2,3673,2,0,0,0,0,244,2500.0
0.85,EX2,3674,1,1,1,0,1,244,2500.0
0.85,EX2,3735,2,0,0,0,0,249,2500.0
0.85,EX2,3736,2,0,0,0,0,249,2500.0
0.85,EX2,3737,0,0,0,0,0,249,2500.0
0.85,EX2,3738,3,0,0,0,0,249,2500.0
0.85,EX2,3739,2,0,0,0,0,249,2500.0
0.85,EX2,3740,1,0,0,0,0,249,2500.0
0.85,EX2,3741,4,0,0,0,0,249,2500.0
0.85,EX2,3742,1,0,0,0,0,249,2500.0
0.85,EX2,3743,1,0,0,0,0,249,2500.0
0.85,EX2,3744,1,0,0,0,0,249,2500.0
0.85,EX2,3745,2,0,0,0,0,249,2500.0
0.85,EX2,3746,1,0,0,0,0,249,2500.0
0.85,EX2,3747,0,0,0,0,0,249,2500.0
0.85,EX2,3748,0,0,0,0,0,249,2500.0
0.85,EX2,3749,2,0,0,0,0,249,2500.0
0.85,EX2,3750,2,0,0,0,0,250,2500.0
0.85,EX2,3751,3,1,1,0,1,250,2500.0
0.85,EX2,3752,1,0,0,0,0,250,2500.0
0.85,EX2,3753,2,0,0,0,0,250,2500.0
0.85,EX2,3754,0,0,0,0,0,250,2500.0
0.85,EX2,3755,2,1,1,0,1,250,2500.0
0.85,EX2,3756,1,0,0,0,0,250,2500.0
0.85,EX2,3757,4,0,0,0,0,250,2500.0
0.85,EX2,3758,0,0,0,0,0,250,2500.0
0.85,EX2,3759,1,0,0,0,0,250,2500.0
0.85,EX2,3760,3,0,0,0,0,250,2500.0
0.85,EX2,3761,0,0,0,0,0,250,2500.0
0.85,EX2,3762,1,0,0,0,0,250,2500.0
0.85,EX2,3763,3,0,0,0,0,250,2500.0
0.85,EX2,3764,1,0,0,0,0,250,2500.0
0.85,EX2,3840,1,0,0,0,0,256,2500.0
0.85,EX2,3841,1,0,0,0,0,256,2500.0
0.85,EX2,3842,0,0,0,0,0,256,2500.0
0.85,EX2,3843,1,0,0,0,0,256,2500.0
0.85,EX2,3844,2,0,0,0,0,256,2500.0
0.85,EX2,3845,1,0,0,0,0,256,2500.0
0.85,EX2,3846,1,0,0,0,0,256,2500.0
0.85,EX2,3847,2,0,0,0,0,256,2500.0
0.85,EX2,3848,2,0,0,0,0,256,2500.0
0.85,EX2,3849,1,0,0,0,0,256,2500.0
0.85,EX2,3850,4,0,0,0,0,256,2500.0
0.85,EX2,3851,0,0,0,0,0,256,2500.0
0.85,EX2,3852,1,0,0,0,0,256,2500.0
0.85,EX2,3853,1,0,0,0,0,256,2500.0
0.85,EX2,3854,4,0,0,0,0,256,2500.0
0.85,EX2,3900,0,0,0,0,0,260,2500.0
0.85,EX2,3901,1,0,0,0,0,260,2500.0
0.85,EX2,3902,1,0,0,0,0,260,2500.0
0.85,EX2,3903,0,0,0,0,0,260,2500.0
0.85,EX2,3904,0,0,0,0,0,260,2500.0
0.85,EX2,3905,2,0,0,0,0,260,2500.0
0.85,EX2,3906,1,0,0,0,0,260,2500.0
0.85,EX2,3907,1,0,0,0,0,260,2500.0
0.85,EX2,3908,3,0,0,0,0,260,2500.0
0.85,EX2,3909,0,0,0,0,0,260,2500.0
0.85,EX2,3910,0,0,0,0,0,260,2500.0
0.85,EX2,3911,2,0,0,0,0,260,2500.0
0.85,EX2,3912,1,0,0,0,0,260,2500.0
0.85,EX2,3913,6,0,0,0,0,260,2500.0
0.85,EX2,3914,4,0,0,0,0,260,2500.0
0.85,EX2,4065,1,1,1,0,1,271,2500.0
0.85,EX2,4066,5,0,0,0,0,271,2500.0
0.85,EX2,4067,1,0,0,0,0,271,2500.0
0.85,EX2,4068,2,0,0,0,0,271,2500.0
0.85,EX2,4069,3,0,0,0,0,271,2500.0
0.85,EX2,4070,1,0,0,0,0,271,2500.0
0.85,EX2,4071,1,0,0,0,0,271,2500.0
0.85,EX2,4072,6,1,1,0,0,271,2500.0
0.85,EX2,4073,1,0,0,0,0,271,2500.0
0.85,EX2,4074,3,1,1,0,0,271,2500.0
0.85,EX2,4075,0,0,0,0,0,271,2500.0
0.85,EX2,4076,0,0,0,0,0,271,2500.0
0.85,EX2,4077,0,0,0,0,0,271,2500.0
0.85,EX2,4078,2,1,1,0,1,271,2500.0
0.85,EX2,4079,1,0,0,0,0,271,2500.0
0.85,EX2,4215,1,0,0,0,0,281,2500.0
0.85,EX2,4216,3,0,0,0,0,281,2500.0
0.85,EX2,4217,2,0,0,0,0,281,2500.0
0.85,EX2,4218,3,0,0,0,0,281,2500.0
0.85,EX2,4219,1,0,0,0,0,281,2500.0
0.85,EX2,4220,1,0,0,0,0,281,2500.0
0.85,EX2,4221,0,0,0,0,0,281,2500.0
0.85,EX2,4222,3,1,1,0,0,281,2500.0
0.85,EX2,4223,1,0,0,0,0,281,2500.0
0.85,EX2,4224,2,0,0,0,0,281,2500.0
0.85,EX2,4225,1,0,0,0,0,281,2500.0
0.85,EX2,4226,2,0,0,0,0,281,2500.0
0.85,EX2,4227,3,0,0,0,0,281,2500.0
0.85,EX2,4228,4,0,0,0,0,281,2500.0
0.85,EX2,4229,0,0,0,0,0,281,2500.0
0.85,EX2,4260,1,0,0,0,0,284,2500.0
0.85,EX2,4261,1,0,0,0,0,284,2500.0
0.85,EX2,4262,3,0,0,0,0,284,2500.0
0.85,EX2,4263,0,0,0,0,0,284,2500.0
0.85,EX2,4264,3,0,0,0,0,284,2500.0
0.85,EX2,4265,4,0,0,0,0,284,2500.0
0.85,EX2,4266,1,0,0,0,0,284,2500.0
0.85,EX2,4267,0,0,0,0,0,284,2500.0
0.85,EX2,4268,0,0,0,0,0,284,2500.0
0.85,EX2,4269,2,0,0,0,0,284,2500.0
0.85,EX2,4270,1,0,0,0,0,284,2500.0
0.85,EX2,4271,1,0,0,0,0,284,2500.0
0.85,EX2,4272,4,0,0,0,0,284,2500.0
0.85,EX2,4273,4,1,1,0,1,284,2500.0
0.85,EX2,4274,0,0,0,0,0,284,2500.0
0.85,EX2,4290,1,0,0,0,0,286,2500.0
0.85,EX2,4291,3,0,0,0,0,286,2500.0
0.85,EX2,4292,1,0,0,0,0,286,2500.0
0.85,EX2,4293,0,0,0,0,0,286,2500.0
0.85,EX2,4294,0,0,0,0,0,286,2500.0
0.85,EX2,4295,1,0,0,0,0,286,2500.0
0.85,EX2,4296,1,0,0,0,0,286,2500.0
0.85,EX2,4297,3,0,0,0,0,286,2500.0
0.85,EX2,4298,5,0,0,0,0,286,2500.0
0.85,EX2,4299,1,0,0,0,0,286,2500.0
0.85,EX2,4300,4,1,1,0,0,286,2500.0
0.85,EX2,4301,1,0,0,0,0,286,2500.0
0.85,EX2,4302,2,0,0,0,0,286,2500.0
0.85,EX2,4303,1,0,0,0,0,286,2500.0
0.85,EX2,4304,2,0,0,0,0,286,2500.0
0.85,EX2,4365,2,0,0,0,0,291,2500.0
0.85,EX2,4366,0,0,0,0,0,291,2500.0
0.85,EX2,4367,1,0,0,0,0,291,2500.0
0.85,EX2,4368,0,0,0,0,0,291,2500.0
0.85,EX2,4369,0,0,0,0,0,291,2500.0
0.85,EX2,4370,2,0,0,0,0,291,2500.0
0.85,EX2,4371,1,0,0,0,0,291,2500.0
0.85,EX2,4372,3,0,0,0,0,291,2500.0
0.85,EX2,4373,1,1,1,0,0,291,2500.0
0.85,EX2,4374,3,0,0,0,0,291,2500.0
0.85,EX2,4375,2,0,0,0,0,291,2500.0
0.85,EX2,4376,2,0,0,0,0,291,2500.0
0.85,EX2,4377,0,0,0,0,0,291,2500.0
0.85,EX2,4378,1,0,0,0,0,291,2500.0
0.85,EX2,4379,2,0,0,0,0,291,2500.0
0.85,EX2,4380,0,0,0,0,0,292,2500.0
0.85,EX2,4381,0,0,0,0,0,292,2500.0
0.85,EX2,4382,0,0,0,0,0,292,2500.0
0.85,EX2,4383,4,0,0,0,0,292,2500.0
0.85,EX2,4384,1,0,0,0,0,292,2500.0
0.85,EX2,4385,3,0,0,0,0,292,2500.0
0.85,EX2,4386,0,0,0,0,0,292,2500.0
0.85,EX2,4387,0,0,0,0,0,292,2500.0
0.85,EX2,4388,1,0,0,0,0,292,2500.0
0.85,EX2,4389,3,0,0,0,0,292,2500.0
0.85,EX2,4390,0,0,0,0,0,292,2500.0
0.85,EX2,4391,2,0,0,0,0,292,2500.0
0.85,EX2,4392,2,0,0,0,0,292,2500.0
0.85,EX2,4393,6,0,0,0,0,292,2500.0
0.85,EX2,4394,1,0,0,0,0,292,2500.0
0.85,EX2,4440,1,1,1,0,1,296,2500.0
0.85,EX2,4441,1,0,0,0,0,296,2500.0
0.85,EX2,4442,2,0,0,0,0,296,2500.0
0.85,EX2,4443,0,0,0,0,0,296,2500.0
0.85,EX2,4444,1,0,0,0,0,296,2500.0
0.85,EX2,4445,0,0,0,0,0,296,2500.0
0.85,EX2,4446,3,0,0,0,0,296,2500.0
0.85,EX2,4447,1,0,0,0,0,296,2500.0
0.85,EX2,4448,0,0,0,0,0,296,2500.0
0.85,EX2,4449,1,0,0,0,0,296,2500.0
0.85,EX2,4450,1,0,0,0,0,296,2500.0
0.85,EX2,4451,4,0,0,0,0,296,2500.0
0.85,EX2,4452,0,0,0,0,0,296,2500.0
0.85,EX2,4453,0,0,0,0,0,296,2500.0
0.85,EX2,4454,0,0,0,0,0,296,2500.0
0.85,EX2,4530,1,0,0,0,0,302,2500.0
0.85,EX2,4531,3,0,0,0,0,302,2500.0
0.85,EX2,4532,0,0,0,0,0,302,2500.0
0.85,EX2,4533,2,0,0,0,0,302,2500.0
0.85,EX2,4534,5,0,0,0,0,302,2500.0
0.85,EX2,4535,4,0,0,0,0,302,2500.0
0.85,EX2,4536,0,0,0,0,0,302,2500.0
0.85,EX2,4537,2,0,0,0,0,302,2500.0
0.85,EX2,4538,0,0,0,0,0,302,2500.0
0.85,EX2,4539,2,0,0,0,0,302,2500.0
0.85,EX2,4540,5,0,0,0,0,302,2500.0
0.85,EX2,4541,2,0,0,0,0,302,2500.0
0.85,EX2,4542,3,0,0,0,0,302,2500.0
0.85,EX2,4543,0,0,0,0,0,302,2500.0
0.85,EX2,4544,3,0,0,0,0,302,2500.0
0.85,EX2,4560,2,0,0,0,0,304,2500.0
0.85,EX2,4561,2,0,0,0,0,304,2500.0
0.85,EX2,4562,2,0,0,0,0,304,2500.0
0.85,EX2,4563,1,0,0,0,0,304,2500.0
0.85,EX2,4564,1,0,0,0,0,304,2500.0
0.85,EX2,4565,1,0,0,0,0,304,2500.0
0.85,EX2,4566,2,0,0,0,0,304,2500.0
0.85,EX2,4567,1,0,0,0,0,304,2500.0
0.85,EX2,4568,1,0,0,0,0,304,2500.0
0.85,EX2,4569,2,0,0,0,0,304,2500.0
0.85,EX2,4570,0,0,0,0,0,304,2500.0
0.85,EX2,4571,1,0,0,0,0,304,2500.0
0.85,EX2,4572,2,0,0,0,0,304,2500.0
0.85,EX2,4573,3,0,0,0,0,304,2500.0
0.85,EX2,4574,2,0,0,0,0,304,2500.0
0.85,EX2,4650,1,0,0,0,0,310,2500.0
0.85,EX2,4651,0,0,0,0,0,310,2500.0
0.85,EX2,4652,1,0,0,0,0,310,2500.0
0.85,EX2,4653,0,0,0,0,0,310,2500.0
0.85,EX2,4654,2,0,0,0,0,310,2500.0
0.85,EX2,4655,3,0,0,0,0,310,2500.0
0.85,EX2,4656,1,0,0,0,0,310,2500.0
0.85,EX2,4657,1,0,0,0,0,310,2500.0
0.85,EX2,4658,1,0,0,0,0,310,2500.0
0.85,EX2,4659,1,0,0,0,0,310,2500.0
0.85,EX2,4660,1,0,0,0,0,310,2500.0
0.85,EX2,4661,3,0,0,0,0,310,2500.0
0.85,EX2,4662,3,0,0,0,0,310,2500.0
0.85,EX2,4663,0,0,0,0,0,310,2500.0
0.85,EX2,4664,0,0,0,0,0,310,2500.0
0.85,EX2,4710,1,0,0,0,0,314,2500.0
0.85,EX2,4711,1,0,0,0,0,314,2500.0
0.85,EX2,4712,3,0,0,0,0,314,2500.0
0.85,EX2,4713,0,0,0,0,0,314,2500.0
0.85,EX2,4714,2,1,1,0,1,314,2500.0
0.85,EX2,4715,0,0,0,0,0,314,2500.0
0.85,EX2,4716,3,1,1,0,0,314,2500.0
0.85,EX2,4717,0,0,0,0,0,314,2500.0
0.85,EX2,4718,2,0,0,0,0,314,2500.0
0.85,EX2,4719,1,0,0,0,0,314,2500.0
0.85,EX2,4720,0,0,0,0,0,314,2500.0
0.85,EX2,4721,3,0,0,0,0,314,2500.0
0.85,EX2,4722,2,0,0,0,0,314,2500.0
0.85,EX2,4723,0,0,0,0,0,314,2500.0
0.85,EX2,4724,3,0,0,0,0,314,2500.0
0.85,EX2,4770,1,0,0,0,0,318,2500.0
0.85,EX2,4771,0,0,0,0,0,318,2500.0
0.85,EX2,4772,1,0,0,0,0,318,2500.0
0.85,EX2,4773,0,0,0,0,0,318,2500.0
0.85,EX2,4774,0,0,0,0,0,318,2500.0
0.85,EX2,4775,0,0,0,0,0,318,2500.0
0.85,EX2,4776,2,0,0,0,0,318,2500.0
0.85,EX2,4777,3,0,0,0,0,318,2500.0
0.85,EX2,4778,1,0,0,0,0,318,2500.0
0.85,EX2,4779,2,0,0,0,0,318,2500.0
0.85,EX2,4780,2,0,0,0,0,318,2500.0
0.85,EX2,4781,1,0,0,0,0,318,2500.0
0.85,EX2,4782,1,0,0,0,0,318,2500.0
0.85,EX2,4783,2,0,0,0,0,318,2500.0
0.85,EX2,4784,3,0,0,0,0,318,2500.0
0.85,EX2,4935,2,0,0,0,0,329,2500.0
0.85,EX2,4936,4,0,0,0,0,329,2500.0
0.85,EX2,4937,1,0,0,0,0,329,2500.0
0.85,EX2,4938,4,0,0,0,0,329,2500.0
0.85,EX2,4939,2,0,0,0,0,329,2500.0
0.85,EX2,4940,2,0,0,0,0,329,2500.0
0.85,EX2,4941,2,0,0,0,0,329,2500.0
0.85,EX2,4942,2,0,0,0,0,329,2500.0
0.85,EX2,4943,0,0,0,0,0,329,2500.0
0.85,EX2,4944,2,0,0,0,0,329,2500.0
0.85,EX2,4945,2,1,1,0,1,329,2500.0
0.85,EX2,4946,2,0,0,0,0,329,2500.0
0.85,EX2,4947,2,0,0,0,0,329,2500.0
0.85,EX2,4948,1,0,0,0,0,329,2500.0
0.85,EX2,4949,0,0,0,0,0,329,2500.0
0.85,EX2,4995,0,0,0,0,0,333,2500.0
0.85,EX2,4996,2,0,0,0,0,333,2500.0
0.85,EX2,4997,0,0,0,0,0,333,2500.0
0.85,EX2,4998,0,0,0,0,0,333,2500.0
0.85,EX2,4999,5,0,0,0,0,333,2500.0
0.85,EX2,5000,2,0,0,0,0,333,2500.0
0.85,EX2,5001,2,0,0,0,0,333,2500.0
0.85,EX2,5002,2,0,0,0,0,333,2500.0
0.85,EX2,5003,0,0,0,0,0,333,2500.0
0.85,EX2,5004,4,0,0,0,0,333,2500.0
0.85,EX2,5005,1,0,0,0,0,333,2500.0
0.85,EX2,5006,2,0,0,0,0,333,2500.0
0.85,EX2,5007,3,1,1,0,1,333,2500.0
0.85,EX2,5008,1,0,0,0,0,333,2500.0
0.85,EX2,5009,2,0,0,0,0,333,2500.0
0.85,EX2,5070,2,0,0,0,0,338,2500.0
0.85,EX2,5071,2,0,0,0,0,338,2500.0
0.85,EX2,5072,1,0,0,0,0,338,2500.0
0.85,EX2,5073,0,0,0,0,0,338,2500.0
0.85,EX2,5074,1,0,0,0,0,338,2500.0
0.85,EX2,5075,0,0,0,0,0,338,2500.0
0.85,EX2,5076,1,0,0,0,0,338,2500.0
0.85,EX2,5077,3,0,0,0,0,338,2500.0
0.85,EX2,5078,2,0,0,0,0,338,2500.0
0.85,EX2,5079,2,0,0,0,0,338,2500.0
0.85,EX2,5080,1,0,0,0,0,338,2500.0
0.85,EX2,5081,2,0,0,0,0,338,2500.0
0.85,EX2,5082,4,0,0,0,0,338,2500.0
0.85,EX2,5083,1,0,0,0,0,338,2500.0
0.85,EX2,5084,1,0,0,0,0,338,2500.0
0.85,EX2,5115,0,0,0,0,0,341,2500.0
0.85,EX2,5116,4,1,1,0,1,341,2500.0
0.85,EX2,5117,2,0,0,0,0,341,2500.0
0.85,EX2,5118,1,0,0,0,0,341,2500.0
0.85,EX2,5119,2,0,0,0,0,341,2500.0
0.85,EX2,5120,1,0,0,0,0,341,2500.0
0.85,EX2,5121,4,0,0,0,0,341,2500.0
0.85,EX2,5122,0,0,0,0,0,341,2500.0
0.85,EX2,5123,3,0,0,0,0,341,2500.0
0.85,EX2,5124,2,1,1,0,1,341,2500.0
0.85,EX2,5125,3,0,0,0,0,341,2500.0
0.85,EX2,5126,4,2,2,0,0,341,2500.0
0.85,EX2,5127,1,0,0,0,0,341,2500.0
0.85,EX2,5128,2,0,0,0,0,341,2500.0
0.85,EX2,5129,2,0,0,0,0,341,2500.0
0.85,EX2,5295,3,0,0,0,0,353,2500.0
0.85,EX2,5296,1,0,0,0,0,353,2500.0
0.85,EX2,5297,1,0,0,0,0,353,2500.0
0.85,EX2,5298,5,0,0,0,0,353,2500.0
0.85,EX2,5299,2,0,0,0,0,353,2500.0
0.85,EX2,5300,4,0,0,0,0,353,2500.0
0.85,EX2,5301,1,0,0,0,0,353,2500.0
0.85,EX2,5302,4,0,0,0,0,353,2500.0
0.85,EX2,5303,0,0,0,0,0,353,2500.0
0.85,EX2,5304,2,1,1,0,1,353,2500.0
0.85,EX2,5305,2,0,0,0,0,353,2500.0
0.85,EX2,5306,2,0,0,0,0,353,2500.0
0.85,EX2,5307,3,1,1,0,1,353,2500.0
0.85,EX2,5308,6,0,0,0,0,353,2500.0
0.85,EX2,5309,2,0,0,0,0,353,2500.0
0.85,EX2,5400,5,0,0,0,0,360,2500.0
0.85,EX2,5401,3,0,0,0,0,360,2500.0
0.85,EX2,5402,0,0,0,0,0,360,2500.0
0.85,EX2,5403,1,0,0,0,0,360,2500.0
0.85,EX2,5404,1,0,0,0,0,360,2500.0
0.85,EX2,5405,0,0,0,0,0,360,2500.0
0.85,EX2,5406,0,0,0,0,0,360,2500.0
0.85,EX2,5407,2,0,0,0,0,360,2500.0
0.85,EX2,5408,0,0,0,0,0,360,2500.0
0.85,EX2,5409,2,0,0,0,0,360,2500.0
0.85,EX2,5410,3,1,1,0,1,360,2500.0
0.85,EX2,5411,2,0,0,0,0,360,2500.0
0.85,EX2,5412,2,0,0,0,0,360,2500.0
0.85,EX2,5413,1,0,0,0,0,360,2500.0
0.85,EX2,5414,1,0,0,0,0,360,2500.0
0.85,EX2,5415,1,0,0,0,0,361,2500.0
0.85,EX2,5416,1,0,0,0,0,361,2500.0
0.85,EX2,5417,2,0,0,0,0,361,2500.0
0.85,EX2,5418,0,0,0,0,0,361,2500.0
0.85,EX2,5419,0,0,0,0,0,361,2500.0
0.85,EX2,5420,3,0,0,0,0,361,2500.0
0.85,EX2,5421,3,1,1,0,1,361,2500.0
0.85,EX2,5422,1,0,0,0,0,361,2500.0
0.85,EX2,5423,2,0,0,0,0,361,2500.0
0.85,EX2,5424,2,0,0,0,0,361,2500.0
0.85,EX2,5425,2,0,0,0,0,361,2500.0
0.85,EX2,5426,2,0,0,0,0,361,2500.0
0.85,EX2,5427,1,1,1,0,0,361,2500.0
0.85,EX2,5428,2,0,0,0,0,361,2500.0
0.85,EX2,5429,0,0,0,0,0,361,2500.0
0.85,EX2,5535,1,0,0,0,0,369,2500.0
0.85,EX2,5536,3,0,0,0,0,369,2500.0
0.85,EX2,5537,4,0,0,0,0,369,2500.0
0.85,EX2,5538,0,0,0,0,0,369,2500.0
0.85,EX2,5539,2,0,0,0,0,369,2500.0
0.85,EX2,5540,3,0,0,0,0,369,2500.0
0.85,EX2,5541,0,0,0,0,0,369,2500.0
0.85,EX2,5542,0,0,0,0,0,369,2500.0
0.85,EX2,5543,3,0,0,0,0,369,2500.0
0.85,EX2,5544,2,0,0,0,0,369,2500.0
0.85,EX2,5545,1,0,0,0,0,369,2500.0
0.85,EX2,5546,1,0,0,0,0,369,2500.0
0.85,EX2,5547,1,0,0,0,0,369,2500.0
0.85,EX2,5548,1,0,0,0,0,369,2500.0
0.85,EX2,5549,0,0,0,0,0,369,2500.0
0.85,EX2,5820,0,0,0,0,0,388,2500.0
0.85,EX2,5821,3,0,0,0,0,388,2500.0
0.85,EX2,5822,1,0,0,0,0,388,2500.0
0.85,EX2,5823,1,0,0,0,0,388,2500.0
0.85,EX2,5824,2,0,0,0,0,388,2500.0
0.85,EX2,5825,1,0,0,0,0,388,2500.0
0.85,EX2,5826,2,0,0,0,0,388,2500.0
0.85,EX2,5827,2,0,0,0,0,388,2500.0
0.85,EX2,5828,1,0,0,0,0,388,2500.0
0.85,EX2,5829,1,0,0,0,0,388,2500.0
0.85,EX2,5830,0,0,0,0,0,388,2500.0
0.85,EX2,5831,4,0,0,0,0,388,2500.0
0.85,EX2,5832,4,0,0,0,0,388,2500.0
0.85,EX2,5833,3,0,0,0,0,388,2500.0
0.85,EX2,5834,3,0,0,0,0,388,2500.0
0.85,EX2,5850,0,0,0,0,0,390,2500.0
0.85,EX2,5851,2,0,0,0,0,390,2500.0
0.85,EX2,5852,0,0,0,0,0,390,2500.0
0.85,EX2,5853,0,0,0,0,0,390,2500.0
0.85,EX2,5854,1,0,0,0,0,390,2500.0
0.85,EX2,5855,2,0,0,0,0,390,2500.0
0.85,EX2,5856,2,0,0,0,0,390,2500.0
0.85,EX2,5857,2,0,0,0,0,390,2500.0
0.85,EX2,5858,1,0,0,0,0,390,2500.0
0.85,EX2,5859,0,0,0,0,0,390,2500.0
0.85,EX2,5860,2,1,1,0,1,390,2500.0
0.85,EX2,5861,1,0,0,0,0,390,2500.0
0.85,EX2,5862,0,0,0,0,0,390,2500.0
0.85,EX2,5863,1,0,0,0,0,390,2500.0
0.85,EX2,5864,1,0,0,0,0,390,2500.0
0.85,EX2,5895,4,0,0,0,0,393,2500.0
0.85,EX2,5896,0,0,0,0,0,393,2500.0
0.85,EX2,5897,0,0,0,0,0,393,2500.0
0.85,EX2,5898,0,0,0,0,0,393,2500.0
0.85,EX2,5899,3,0,0,0,0,393,2500.0
0.85,EX2,5900,3,0,0,0,0,393,2500.0
0.85,EX2,5901,3,0,0,0,0,393,2500.0
0.85,EX2,5902,1,0,0,0,0,393,2500.0
0.85,EX2,5903,1,0,0,0,0,393,2500.0
0.85,EX2,5904,3,0,0,0,0,393,2500.0
0.85,EX2,5905,4,1,1,0,0,393,2500.0
0.85,EX2,5906,1,0,0,0,0,393,2500.0
0.85,EX2,5907,3,0,0,0,0,393,2500.0
0.85,EX2,5908,2,0,0,0,0,393,2500.0
0.85,EX2,5909,0,0,0,0,0,393,2500.0
0.85,EX2,5985,1,0,0,0,0,399,2500.0
0.85,EX2,5986,0,0,0,0,0,399,2500.0
0.85,EX2,5987,1,0,0,0,0,399,2500.0
0.85,EX2,5988,2,0,0,0,0,399,2500.0
0.85,EX2,5989,4,0,0,0,0,399,2500.0
0.85,EX2,5990,2,0,0,0,0,399,2500.0
0.85,EX2,5991,0,0,0,0,0,399,2500.0
0.85,EX2,5992,1,0,0,0,0,399,2500.0
0.85,EX2,5993,3,0,0,0,0,399,2500.0
0.85,EX2,5994,0,0,0,0,0,399,2500.0
0.85,EX2,5995,2,0,0,0,0,399,2500.0
0.85,EX2,5996,2,0,0,0,0,399,2500.0
0.85,EX2,5997,3,0,0,0,0,399,2500.0
0.85,EX2,5998,1,0,0,0,0,399,2500.0
0.85,EX2,5999,1,0,0,0,0,399,2500.0
0.85,EX2,6165,1,0,0,0,0,411,2500.0
0.85,EX2,6166,1,0,0,0,0,411,2500.0
0.85,EX2,6167,2,0,0,0,0,411,2500.0
0.85,EX2,6168,4,0,0,0,0,411,2500.0
0.85,EX2,6169,0,0,0,0,0,411,2500.0
0.85,EX2,6170,1,0,0,0,0,411,2500.0
0.85,EX2,6171,0,0,0,0,0,411,2500.0
0.85,EX2,6172,0,0,0,0,0,411,2500.0
0.85,EX2,6173,3,0,0,0,0,411,2500.0
0.85,EX2,6174,1,0,0,0,0,411,2500.0
0.85,EX2,6175,0,0,0,0,0,411,2500.0
0.85,EX2,6176,3,0,0,0,0,411,2500.0
0.85,EX2,6177,2,0,0,0,0,411,2500.0
0.85,EX2,6178,0,0,0,0,0,411,2500.0
0.85,EX2,6179,1,0,0,0,0,411,2500.0
0.85,EX2,6255,0,0,0,0,0,417,2500.0
0.85,EX2,6256,1,0,0,0,0,417,2500.0
0.85,EX2,6257,1,1,1,0,1,417,2500.0
0.85,EX2,6258,1,0,0,0,0,417,2500.0
0.85,EX2,6259,0,0,0,0,0,417,2500.0
0.85,EX2,6260,1,0,0,0,0,417,2500.0
0.85,EX2,6261,2,0,0,0,0,417,2500.0
0.85,EX2,6262,2,0,0,0,0,417,2500.0
0.85,EX2,6263,1,0,0,0,0,417,2500.0
0.85,EX2,6264,5,0,0,0,0,417,2500.0
0.85,EX2,6265,1,0,0,0,0,417,2500.0
0.85,EX2,6266,0,0,0,0,0,417,2500.0
0.85,EX2,6267,3,0,0,0,0,417,2500.0
0.85,EX2,6268,3,0,0,0,0,417,2500.0
0.85,EX2,6269,2,0,0,0,0,417,2500.0
0.85,EX2,6540,1,0,0,0,0,436,2500.0
0.85,EX2,6541,1,0,0,0,0,436,2500.0
0.85,EX2,6542,0,0,0,0,0,436,2500.0
0.85,EX2,6543,0,0,0,0,0,436,2500.0
0.85,EX2,6544,0,0,0,0,0,436,2500.0
0.85,EX2,6545,2,0,0,0,0,436,2500.0
0.85,EX2,6546,2,0,0,0,0,436,2500.0
0.85,EX2,6547,0,0,0,0,0,436,2500.0
0.85,EX2,6548,1,0,0,0,0,436,2500.0
0.85,EX2,6549,1,0,0,0,0,436,2500.0
0.85,EX2,6550,2,0,0,0,0,436,2500.0
0.85,EX2,6551,0,0,0,0,0,436,2500.0
0.85,EX2,6552,2,0,0,0,0,436,2500.0
0.85,EX2,6553,2,0,0,0,0,436,2500.0
0.85,EX2,6554,1,0,0,0,0,436,2500.0
0.85,EX2,6645,1,0,0,0,0,443,2500.0
0.85,EX2,6646,0,0,0,0,0,443,2500.0
0.85,EX2,6647,1,0,0,0,0,443,2500.0
0.85,EX2,6648,4,0,0,0,0,443,2500.0
0.85,EX2,6649,3,0,0,0,0,443,2500.0
0.85,EX2,6650,3,0,0,0,0,443,2500.0
0.85,EX2,6651,3,0,0,0,0,443,2500.0
0.85,EX2,6652,0,0,0,0,0,443,2500.0
0.85,EX2,6653,5,0,0,0,0,443,2500.0
0.85,EX2,6654,3,0,0,0,0,443,2500.0
0.85,EX2,6655,5,0,0,0,0,443,2500.0
0.85,EX2,6656,0,0,0,0,0,443,2500.0
0.85,EX2,6657,2,0,0,0,0,443,2500.0
0.85,EX2,6658,2,0,0,0,0,443,2500.0
0.85,EX2,6659,2,0,0,0,0,443,2500.0
0.85,EX2,6690,3,0,0,0,0,446,2500.0
0.85,EX2,6691,1,0,0,0,0,446,2500.0
0.85,EX2,6692,1,1,1,0,0,446,2500.0
0.85,EX2,6693,1,0,0,0,0,446,2500.0
0.85,EX2,6694,0,0,0,0,0,446,2500.0
0.85,EX2,6695,1,0,0,0,0,446,2500.0
0.85,EX2,6696,2,0,0,0,0,446,2500.0
0.85,EX2,6697,2,0,0,0,0,446,2500.0
0.85,EX2,6698,1,0,0,0,0,446,2500.0
0.85,EX2,6699,0,0,0,0,0,446,2500.0
0.85,EX2,6700,1,0,0,0,0,446,2500.0
0.85,EX2,6701,0,0,0,0,0,446,2500.0
0.85,EX2,6702,0,0,0,0,0,446,2500.0
0.85,EX2,6703,1,0,0,0,0,446,2500.0
0.85,EX2,6704,1,0,0,0,0,446,2500.0
0.85,EX2,6705,1,0,0,0,0,447,2500.0
0.85,EX2,6706,0,0,0,0,0,447,2500.0
0.85,EX2,6707,1,0,0,0,0,447,2500.0
0.85,EX2,6708,5,0,0,0,0,447,2500.0
0.85,EX2,6709,1,0,0,0,0,447,2500.0
0.85,EX2,6710,1,0,0,0,0,447,2500.0
0.85,EX2,6711,4,0,0,0,0,447,2500.0
0.85,EX2,6712,1,0,0,0,0,447,2500.0
0.85,EX2,6713,0,0,0,0,0,447,2500.0
0.85,EX2,6714,1,0,0,0,0,447,2500.0
0.85,EX2,6715,1,0,0,0,0,447,2500.0
0.85,EX2,6716,2,1,1,0,1,447,2500.0
0.85,EX2,6717,0,0,0,0,0,447,2500.0
0.85,EX2,6718,1,0,0,0,0,447,2500.0
0.85,EX2,6719,2,0,0,0,0,447,2500.0
0.85,EX2,6720,2,0,0,0,0,448,2500.0
0.85,EX2,6721,0,0,0,0,0,448,2500.0
0.85,EX2,6722,2,0,0,0,0,448,2500.0
0.85,EX2,6723,1,0,0,0,0,448,2500.0
0.85,EX2,6724,2,1,1,0,1,448,2500.0
0.85,EX2,6725,0,0,0,0,0,448,2500.0
0.85,EX2,6726,1,0,0,0,0,448,2500.0
0.85,EX2,6727,2,0,0,0,0,448,2500.0
0.85,EX2,6728,0,0,0,0,0,448,2500.0
0.85,EX2,6729,1,0,0,0,0,448,2500.0
0.85,EX2,6730,3,1,1,0,1,448,2500.0
0.85,EX2,6731,1,1,1,0,1,448,2500.0
0.85,EX2,6732,1,0,0,0,0,448,2500.0
0.85,EX2,6733,1,0,0,0,0,448,2500.0
0.85,EX2,6734,1,0,0,0,0,448,2500.0
0.85,EX2,6930,1,1,1,0,0,462,2500.0
0.85,EX2,6931,1,0,0,0,0,462,2500.0
0.85,EX2,6932,0,0,0,0,0,462,2500.0
0.85,EX2,6933,2,0,0,0,0,462,2500.0
0.85,EX2,6934,2,0,0,0,0,462,2500.0
0.85,EX2,6935,5,0,0,0,0,462,2500.0
0.85,EX2,6936,0,0,0,0,0,462,2500.0
0.85,EX2,6937,2,1,1,0,1,462,2500.0
0.85,EX2,6938,1,0,0,0,0,462,2500.0
0.85,EX2,6939,0,0,0,0,0,462,2500.0
0.85,EX2,6940,3,0,0,0,0,462,2500.0
0.85,EX2,6941,3,0,0,0,0,462,2500.0
0.85,EX2,6942,1,0,0,0,0,462,2500.0
0.85,EX2,6943,0,0,0,0,0,462,2500.0
0.85,EX2,6944,0,0,0,0,0,462,2500.0
0.85,EX2,6975,1,0,0,0,0,465,2500.0
0.85,EX2,6976,2,0,0,0,0,465,2500.0
0.85,EX2,6977,1,0,0,0,0,465,2500.0
0.85,EX2,6978,0,0,0,0,0,465,2500.0
0.85,EX2,6979,1,0,0,0,0,465,2500.0
0.85,EX2,6980,2,0,0,0,0,465,2500.0
0.85,EX2,6981,2,0,0,0,0,465,2500.0
0.85,EX2,6982,2,0,0,0,0,465,2500.0
0.85,EX2,6983,2,0,0,0,0,465,2500.0
0.85,EX2,6984,4,0,0,0,0,465,2500.0
0.85,EX2,6985,3,0,0,0,0,465,2500.0
0.85,EX2,6986,2,0,0,0,0,465,2500.0
0.85,EX2,6987,0,0,0,0,0,465,2500.0
0.85,EX2,6988,1,0,0,0,0,465,2500.0
0.85,EX2,6989,0,0,0,0,0,465,2500.0
0.85,EX2,7005,3,0,0,0,0,467,2500.0
0.85,EX2,7006,1,1,1,0,1,467,2500.0
0.85,EX2,7007,4,0,0,0,0,467,2500.0
0.85,EX2,7008,2,0,0,0,0,467,2500.0
0.85,EX2,7009,1,0,0,0,0,467,2500.0
0.85,EX2,7010,3,0,0,0,0,467,2500.0
0.85,EX2,7011,3,1,1,0,1,467,2500.0
0.85,EX2,7012,0,0,0,0,0,467,2500.0
0.85,EX2,7013,0,0,0,0,0,467,2500.0
0.85,EX2,7014,2,0,0,0,0,467,2500.0
0.85,EX2,7015,1,0,0,0,0,467,2500.0
0.85,EX2,7016,2,0,0,0,0,467,2500.0
0.85,EX2,7017,2,0,0,0,0,467,2500.0
0.85,EX2,7018,1,1,1,0,0,467,2500.0
0.85,EX2,7019,1,0,0,0,0,467,2500.0
0.85,EX2,7020,7,1,1,0,0,468,2500.0
0.85,EX2,7021,4,0,0,0,0,468,2500.0
0.85,EX2,7022,1,0,0,0,0,468,2500.0
0.85,EX2,7023,1,0,0,0,0,468,2500.0
0.85,EX2,7024,3,0,0,0,0,468,2500.0
0.85,EX2,7025,1,0,0,0,0,468,2500.0
0.85,EX2,7026,2,0,0,0,0,468,2500.0
0.85,EX2,7027,3,0,0,0,0,468,2500.0
0.85,EX2,7028,0,0,0,0,0,468,2500.0
0.85,EX2,7029,5,2,2,0,0,468,2500.0
0.85,EX2,7030,1,0,0,0,0,468,2500.0
0.85,EX2,7031,3,0,0,0,0,468,2500.0
0.85,EX2,7032,2,0,0,0,0,468,2500.0
0.85,EX2,7033,0,0,0,0,0,468,2500.0
0.85,EX2,7034,1,0,0,0,0,468,2500.0
0.85,EX2,7035,0,0,0,0,0,469,2500.0
0.85,EX2,7036,1,0,0,0,0,469,2500.0
0.85,EX2,7037,1,0,0,0,0,469,2500.0
0.85,EX2,7038,0,0,0,0,0,469,2500.0
0.85,EX2,7039,2,0,0,0,0,469,2500.0
0.85,EX2,7040,2,0,0,0,0,469,2500.0
0.85,EX2,7041,0,0,0,0,0,469,2500.0
0.85,EX2,7042,1,0,0,0,0,469,2500.0
0.85,EX2,7043,3,0,0,0,0,469,2500.0
0.85,EX2,7044,3,0,0,0,0,469,2500.0
0.85,EX2,7045,2,0,0,0,0,469,2500.0
0.85,EX2,7046,1,0,0,0,0,469,2500.0
0.85,EX2,7047,4,0,0,0,0,469,2500.0
0.85,EX2,7048,2,0,0,0,0,469,2500.0
0.85,EX2,7049,3,0,0,0,0,469,2500.0
0.85,EX2,7050,4,0,0,0,0,470,2500.0
0.85,EX2,7051,2,0,0,0,0,470,2500.0
0.85,EX2,7052,2,0,0,0,0,470,2500.0
0.85,EX2,7053,5,0,0,0,0,470,2500.0
0.85,EX2,7054,2,0,0,0,0,470,2500.0
0.85,EX2,7055,1,0,0,0,0,470,2500.0
0.85,EX2,7056,1,0,0,0,0,470,2500.0
0.85,EX2,7057,2,0,0,0,0,470,2500.0
0.85,EX2,7058,1,0,0,0,0,470,2500.0
0.85,EX2,7059,1,0,0,0,0,470,2500.0
0.85,EX2,7060,3,0,0,0,0,470,2500.0
0.85,EX2,7061,1,1,1,0,1,470,2500.0
0.85,EX2,7062,2,0,0,0,0,470,2500.0
0.85,EX2,7063,1,0,0,0,0,470,2500.0
0.85,EX2,7064,1,0,0,0,0,470,2500.0
0.85,EX2,7095,0,0,0,0,0,473,2500.0
0.85,EX2,7096,2,0,0,0,0,473,2500.0
0.85,EX2,7097,1,0,0,0,0,473,2500.0
0.85,EX2,7098,1,0,0,0,0,473,2500.0
0.85,EX2,7099,3,0,0,0,0,473,2500.0
0.85,EX2,7100,0,0,0,0,0,473,2500.0
0.85,EX2,7101,3,1,1,0,0,473,2500.0
0.85,EX2,7102,1,0,0,0,0,473,2500.0
0.85,EX2,7103,2,0,0,0,0,473,2500.0
0.85,EX2,7104,2,0,0,0,0,473,2500.0
0.85,EX2,7105,0,0,0,0,0,473,2500.0
0.85,EX2,7106,0,0,0,0,0,473,2500.0
0.85,EX2,7107,2,0,0,0,0,473,2500.0
0.85,EX2,7108,1,0,0,0,0,473,2500.0
0.85,EX2,7109,1,0,0,0,0,473,2500.0
0.85,EX2,7155,3,1,1,0,1,477,2500.0
0.85,EX2,7156,0,0,0,0,0,477,2500.0
0.85,EX2,7157,2,0,0,0,0,477,2500.0
0.85,EX2,7158,2,0,0,0,0,477,2500.0
0.85,EX2,7159,1,0,0,0,0,477,2500.0
0.85,EX2,7160,1,0,0,0,0,477,2500.0
0.85,EX2,7161,1,0,0,0,0,477,2500.0
0.85,EX2,7162,1,0,0,0,0,477,2500.0
0.85,EX2,7163,0,0,0,0,0,477,2500.0
0.85,EX2,7164,1,0,0,0,0,477,2500.0
0.85,EX2,7165,0,0,0,0,0,477,2500.0
0.85,EX2,7166,1,0,0,0,0,477,2500.0
0.85,EX2,7167,1,0,0,0,0,477,2500.0
0.85,EX2,7168,3,0,0,0,0,477,2500.0
0.85,EX2,7169,3,0,0,0,0,477,2500.0
0.85,EX2,7185,2,0,0,0,0,479,2500.0
0.85,EX2,7186,2,0,0,0,0,479,2500.0
0.85,EX2,7187,3,0,0,0,0,479,2500.0
0.85,EX2,7188,2,0,0,0,0,479,2500.0
0.85,EX2,7189,3,0,0,0,0,479,2500.0
0.85,EX2,7190,1,0,0,0,0,479,2500.0
0.85,EX2,7191,0,0,0,0,0,479,2500.0
0.85,EX2,7192,1,0,0,0,0,479,2500.0
0.85,EX2,7193,2,0,0,0,0,479,2500.0
0.85,EX2,7194,0,0,0,0,0,479,2500.0
0.85,EX2,7195,0,0,0,0,0,479,2500.0
0.85,EX2,7196,1,0,0,0,0,479,2500.0
0.85,EX2,7197,1,0,0,0,0,479,2500.0
0.85,EX2,7198,0,0,0,0,0,479,2500.0
0.85,EX2,7199,0,0,0,0,0,479,2500.0
0.85,EX2,7410,1,0,0,0,0,494,2500.0
0.85,EX2,7411,2,0,0,0,0,494,2500.0
0.85,EX2,7412,3,0,0,0,0,494,2500.0
0.85,EX2,7413,2,0,0,0,0,494,2500.0
0.85,EX2,7414,3,0,0,0,0,494,2500.0
0.85,EX2,7415,1,0,0,0,0,494,2500.0
0.85,EX2,7416,1,0,0,0,0,494,2500.0
0.85,EX2,7417,0,0,0,0,0,494,2500.0
0.85,EX2,7418,3,0,0,0,0,494,2500.0
0.85,EX2,7419,2,0,0,0,0,494,2500.0
0.85,EX2,7420,3,0,0,0,0,494,2500.0
0.85,EX2,7421,2,0,0,0,0,494,2500.0
0.85,EX2,7422,1,0,0,0,0,494,2500.0
0.85,EX2,7423,2,0,0,0,0,494,2500.0
0.85,EX2,7424,1,0,0,0,0,494,2500.0
0.85,EX2,7605,1,0,0,0,0,507,2500.0
0.85,EX2,7606,3,1,1,0,0,507,2500.0
0.85,EX2,7607,1,0,0,0,0,507,2500.0
0.85,EX2,7608,0,0,0,0,0,507,2500.0
0.85,EX2,7609,0,0,0,0,0,507,2500.0
0.85,EX2,7610,2,0,0,0,0,507,2500.0
0.85,EX2,7611,0,0,0,0,0,507,2500.0
0.85,EX2,7612,2,0,0,0,0,507,2500.0
0.85,EX2,7613,6,0,0,0,0,507,2500.0
0.85,EX2,7614,0,0,0,0,0,507,2500.0
0.85,EX2,7615,2,1,1,0,1,507,2500.0
0.85,EX2,7616,0,0,0,0,0,507,2500.0
0.85,EX2,7617,4,0,0,0,0,507,2500.0
0.85,EX2,7618,1,0,0,0,0,507,2500.0
0.85,EX2,7619,0,0,0,0,0,507,2500.0
0.85,EX2,7635,2,0,0,0,0,509,2500.0
0.85,EX2,7636,2,0,0,0,0,509,2500.0
0.85,EX2,7637,1,0,0,0,0,509,2500.0
0.85,EX2,7638,0,0,0,0,0,509,2500.0
0.85,EX2,7639,1,0,0,0,0,509,2500.0
0.85,EX2,7640,2,0,0,0,0,509,2500.0
0.85,EX2,7641,1,0,0,0,0,509,2500.0
0.85,EX2,7642,3,0,0,0,0,509,2500.0
0.85,EX2,7643,2,0,0,0,0,509,2500.0
0.85,EX2,7644,0,0,0,0,0,509,2500.0
0.85,EX2,7645,1,0,0,0,0,509,2500.0
0.85,EX2,7646,2,0,0,0,0,509,2500.0
0.85,EX2,7647,1,0,0,0,0,509,2500.0
0.85,EX2,7648,1,0,0,0,0,509,2500.0
0.85,EX2,7649,2,0,0,0,0,509,2500.0
0.85,EX2,7785,3,0,0,0,0,519,2500.0
0.85,EX2,7786,1,0,0,0,0,519,2500.0
0.85,EX2,7787,3,0,0,0,0,519,2500.0
0.85,EX2,7788,1,0,0,0,0,519,2500.0
0.85,EX2,7789,0,0,0,0,0,519,2500.0
0.85,EX2,7790,1,0,0,0,0,519,2500.0
0.85,EX2,7791,2,0,0,0,0,519,2500.0
0.85,EX2,7792,0,0,0,0,0,519,2500.0
0.85,EX2,7793,2,0,0,0,0,519,2500.0
0.85,EX2,7794,0,0,0,0,0,519,2500.0
0.85,EX2,7795,2,0,0,0,0,519,2500.0
0.85,EX2,7796,1,0,0,0,0,519,2500.0
0.85,EX2,7797,4,0,0,0,0,519,2500.0
0.85,EX2,7798,1,0,0,0,0,519,2500.0
0.85,EX2,7799,5,0,0,0,0,519,2500.0
0.85,EX2,7965,2,0,0,0,0,531,2500.0
0.85,EX2,7966,1,0,0,0,0,531,2500.0
0.85,EX2,7967,2,0,0,0,0,531,2500.0
0.85,EX2,7968,0,0,0,0,0,531,2500.0
0.85,EX2,7969,1,0,0,0,0,531,2500.0
0.85,EX2,7970,1,0,0,0,0,531,2500.0
0.85,EX2,7971,3,0,0,0,0,531,2500.0
0.85,EX2,7972,5,0,0,0,0,531,2500.0
0.85,EX2,7973,1,1,1,0,1,531,2500.0
0.85,EX2,7974,2,0,0,0,0,531,2500.0
0.85,EX2,7975,1,0,0,0,0,531,2500.0
0.85,EX2,7976,2,0,0,0,0,531,2500.0
0.85,EX2,7977,0,0,0,0,0,531,2500.0
0.85,EX2,7978,2,0,0,0,0,531,2500.0
0.85,EX2,7979,1,0,0,0,0,531,2500.0
0.85,EX2,7995,1,0,0,0,0,533,2500.0
0.85,EX2,7996,3,0,0,0,0,533,2500.0
0.85,EX2,7997,2,0,0,0,0,533,2500.0
0.85,EX2,7998,1,0,0,0,0,533,2500.0
0.85,EX2,7999,0,0,0,0,0,533,2500.0
0.85,EX2,8000,4,0,0,0,0,533,2500.0
0.85,EX2,8001,1,0,0,0,0,533,2500.0
0.85,EX2,8002,0,0,0,0,0,533,2500.0
0.85,EX2,8003,1,0,0,0,0,533,2500.0
0.85,EX2,8004,2,0,0,0,0,533,2500.0
0.85,EX2,8005,1,0,0,0,0,533,2500.0
0.85,EX2,8006,1,0,0,0,0,533,2500.0
0.85,EX2,8007,2,0,0,0,0,533,2500.0
0.85,EX2,8008,0,0,0,0,0,533,2500.0
0.85,EX2,8009,0,0,0,0,0,533,2500.0
0.85,EX2,8025,1,0,0,0,0,535,2500.0
0.85,EX2,8026,2,0,0,0,0,535,2500.0
0.85,EX2,8027,1,0,0,0,0,535,2500.0
0.85,EX2,8028,0,0,0,0,0,535,2500.0
0.85,EX2,8029,4,0,0,0,0,535,2500.0
0.85,EX2,8030,4,0,0,0,0,535,2500.0
0.85,EX2,8031,0,0,0,0,0,535,2500.0
0.85,EX2,8032,0,0,0,0,0,535,2500.0
0.85,EX2,8033,2,0,0,0,0,535,2500.0
0.85,EX2,8034,2,0,0,0,0,535,2500.0
0.85,EX2,8035,0,0,0,0,0,535,2500.0
0.85,EX2,8036,1,0,0,0,0,535,2500.0
0.85,EX2,8037,1,0,0,0,0,535,2500.0
0.85,EX2,8038,4,0,0,0,0,535,2500.0
0.85,EX2,8039,1,0,0,0,0,535,2500.0
0.85,EX2,8055,5,0,0,0,0,537,2500.0
0.85,EX2,8056,1,0,0,0,0,537,2500.0
0.85,EX2,8057,2,0,0,0,0,537,2500.0
0.85,EX2,8058,2,0,0,0,0,537,2500.0
0.85,EX2,8059,2,0,0,0,0,537,2500.0
0.85,EX2,8060,3,0,0,0,0,537,2500.0
0.85,EX2,8061,2,0,0,0,0,537,2500.0
0.85,EX2,8062,2,0,0,0,0,537,2500.0
0.85,EX2,8063,0,0,0,0,0,537,2500.0
0.85,EX2,8064,0,0,0,0,0,537,2500.0
0.85,EX2,8065,3,1,1,0,1,537,2500.0
0.85,EX2,8066,2,0,0,0,0,537,2500.0
0.85,EX2,8067,1,0,0,0,0,537,2500.0
0.85,EX2,8068,1,0,0,0,0,537,2500.0
0.85,EX2,8069,0,0,0,0,0,537,2500.0
0.85,EX2,8220,1,0,0,0,0,548,2500.0
0.85,EX2,8221,1,0,0,0,0,548,2500.0
0.85,EX2,8222,2,0,0,0,0,548,2500.0
0.85,EX2,8223,3,0,0,0,0,548,2500.0
0.85,EX2,8224,1,0,0,0,0,548,2500.0
0.85,EX2,8225,2,0,0,0,0,548,2500.0
0.85,EX2,8226,1,0,0,0,0,548,2500.0
0.85,EX2,8227,1,0,0,0,0,548,2500.0
0.85,EX2,8228,2,0,0,0,0,548,2500.0
0.85,EX2,8229,0,0,0,0,0,548,2500.0
0.85,EX2,8230,0,0,0,0,0,548,2500.0
0.85,EX2,8231,0,0,0,0,0,548,2500.0
0.85,EX2,8232,2,1,1,0,1,548,2500.0
0.85,EX2,8233,1,0,0,0,0,548,2500.0
0.85,EX2,8234,0,0,0,0,0,548,2500.0
0.85,EX2,8235,1,0,0,0,0,549,2500.0
0.85,EX2,8236,1,0,0,0,0,549,2500.0
0.85,EX2,8237,1,0,0,0,0,549,2500.0
0.85,EX2,8238,3,0,0,0,0,549,2500.0
0.85,EX2,8239,1,0,0,0,0,549,2500.0
0.85,EX2,8240,2,0,0,0,0,549,2500.0
0.85,EX2,8241,3,0,0,0,0,549,2500.0
0.85,EX2,8242,1,0,0,0,0,549,2500.0
0.85,EX2,8243,1,0,0,0,0,549,2500.0
0.85,EX2,8244,2,0,0,0,0,549,2500.0
0.85,EX2,8245,1,0,0,0,0,549,2500.0
0.85,EX2,8246,2,0,0,0,0,549,2500.0
0.85,EX2,8247,1,0,0,0,0,549,2500.0
0.85,EX2,8248,0,0,0,0,0,549,2500.0
0.85,EX2,8249,3,0,0,0,0,549,2500.0
0.85,EX2,8265,1,0,0,0,0,551,2500.0
0.85,EX2,8266,0,0,0,0,0,551,2500.0
0.85,EX2,8267,3,0,0,0,0,551,2500.0
0.85,EX2,8268,0,0,0,0,0,551,2500.0
0.85,EX2,8269,1,0,0,0,0,551,2500.0
0.85,EX2,8270,4,0,0,0,0,551,2500.0
0.85,EX2,8271,1,0,0,0,0,551,2500.0
0.85,EX2,8272,1,0,0,0,0,551,2500.0
0.85,EX2,8273,0,0,0,0,0,551,2500.0
0.85,EX2,8274,5,0,0,0,0,551,2500.0
0.85,EX2,8275,0,0,0,0,0,551,2500.0
0.85,EX2,8276,4,0,0,0,0,551,2500.0
0.85,EX2,8277,0,0,0,0,0,551,2500.0
0.85,EX2,8278,2,0,0,0,0,551,2500.0
0.85,EX2,8279,1,0,0,0,0,551,2500.0
0.85,EX2,8295,6,1,1,0,1,553,2500.0
0.85,EX2,8296,3,0,0,0,0,553,2500.0
0.85,EX2,8297,4,1,1,0,0,553,2500.0
0.85,EX2,8298,2,0,0,0,0,553,2500.0
0.85,EX2,8299,0,0,0,0,0,553,2500.0
0.85,EX2,8300,1,0,0,0,0,553,2500.0
0.85,EX2,8301,4,0,0,0,0,553,2500.0
0.85,EX2,8302,1,0,0,0,0,553,2500.0
0.85,EX2,8303,0,0,0,0,0,553,2500.0
0.85,EX2,8304,2,0,0,0,0,553,2500.0
0.85,EX2,8305,0,0,0,0,0,553,2500.0
0.85,EX2,8306,2,0,0,0,0,553,2500.0
0.85,EX2,8307,1,0,0,0,0,553,2500.0
0.85,EX2,8308,3,0,0,0,0,553,2500.0
0.85,EX2,8309,1,0,0,0,0,553,2500.0
0.85,EX2,8580,1,0,0,0,0,572,2500.0
0.85,EX2,8581,2,1,1,0,0,572,2500.0
0.85,EX2,8582,2,0,0,0,0,572,2500.0
0.85,EX2,8583,2,0,0,0,0,572,2500.0
0.85,EX2,8584,0,0,0,0,0,572,2500.0
0.85,EX2,8585,1,0,0,0,0,572,2500.0
0.85,EX2,8586,3,0,0,0,0,572,2500.0
0.85,EX2,8587,2,0,0,0,0,572,2500.0
0.85,EX2,8588,1,0,0,0,0,572,2500.0
0.85,EX2,8589,0,0,0,0,0,572,2500.0
0.85,EX2,8590,1,1,1,0,1,572,2500.0
0.85,EX2,8591,0,0,0,0,0,572,2500.0
0.85,EX2,8592,0,0,0,0,0,572,2500.0
0.85,EX2,8593,2,0,0,0,0,572,2500.0
0.85,EX2,8594,0,0,0,0,0,572,2500.0
0.85,EX2,8610,1,0,0,0,0,574,2500.0
0.85,EX2,8611,0,0,0,0,0,574,2500.0
0.85,EX2,8612,1,0,0,0,0,574,2500.0
0.85,EX2,8613,0,0,0,0,0,574,2500.0
0.85,EX2,8614,1,0,0,0,0,574,2500.0
0.85,EX2,8615,1,0,0,0,0,574,2500.0
0.85,EX2,8616,0,0,0,0,0,574,2500.0
0.85,EX2,8617,1,0,0,0,0,574,2500.0
0.85,EX2,8618,1,0,0,0,0,574,2500.0
0.85,EX2,8619,2,0,0,0,0,574,2500.0
0.85,EX2,8620,1,0,0,0,0,574,2500.0
0.85,EX2,8621,3,0,0,0,0,574,2500.0
0.85,EX2,8622,0,0,0,0,0,574,2500.0
0.85,EX2,8623,1,0,0,0,0,574,2500.0
0.85,EX2,8624,2,1,1,0,1,574,2500.0
0.85,EX2,8760,2,0,0,0,0,584,2500.0
0.85,EX2,8761,0,0,0,0,0,584,2500.0
0.85,EX2,8762,0,0,0,0,0,584,2500.0
0.85,EX2,8763,3,0,0,0,0,584,2500.0
0.85,EX2,8764,0,0,0,0,0,584,2500.0
0.85,EX2,8765,2,0,0,0,0,584,2500.0
0.85,EX2,8766,1,0,0,0,0,584,2500.0
0.85,EX2,8767,1,0,0,0,0,584,2500.0
0.85,EX2,8768,0,0,0,0,0,584,2500.0
0.85,EX2,8769,0,0,0,0,0,584,2500.0
0.85,EX2,8770,4,0,0,0,0,584,2500.0
0.85,EX2,8771,1,0,0,0,0,584,2500.0
0.85,EX2,8772,0,0,0,0,0,584,2500.0
0.85,EX2,8773,0,0,0,0,0,584,2500.0
0.85,EX2,8774,1,0,0,0,0,584,2500.0
0.85,EX2,8925,3,0,0,0,0,595,2500.0
0.85,EX2,8926,1,0,0,0,0,595,2500.0
0.85,EX2,8927,0,0,0,0,0,595,2500.0
0.85,EX2,8928,3,0,0,0,0,595,2500.0
0.85,EX2,8929,2,0,0,0,0,595,2500.0
0.85,EX2,8930,1,0,0,0,0,595,2500.0
0.85,EX2,8931,1,0,0,0,0,595,2500.0
0.85,EX2,8932,1,0,0,0,0,595,2500.0
0.85,EX2,8933,3,0,0,0,0,595,2500.0
0.85,EX2,8934,3,0,0,0,0,595,2500.0
0.85,EX2,8935,1,0,0,0,0,595,2500.0
0.85,EX2,8936,3,0,0,0,0,595,2500.0
0.85,EX2,8937,1,0,0,0,0,595,2500.0
0.85,EX2,8938,2,0,0,0,0,595,2500.0
0.85,EX2,8939,2,0,0,0,0,595,2500.0
0.85,EX2,8940,1,0,0,0,0,596,2500.0
0.85,EX2,8941,4,1,1,0,1,596,2500.0
0.85,EX2,8942,1,0,0,0,0,596,2500.0
0.85,EX2,8943,0,0,0,0,0,596,2500.0
0.85,EX2,8944,3,0,0,0,0,596,2500.0
0.85,EX2,8945,1,0,0,0,0,596,2500.0
0.85,EX2,8946,1,0,0,0,0,596,2500.0
0.85,EX2,8947,1,0,0,0,0,596,2500.0
0.85,EX2,8948,0,0,0,0,0,596,2500.0
0.85,EX2,8949,3,0,0,0,0,596,2500.0
0.85,EX2,8950,0,0,0,0,0,596,2500.0
0.85,EX2,8951,1,0,0,0,0,596,2500.0
0.85,EX2,8952,3,0,0,0,0,596,2500.0
0.85,EX2,8953,2,1,1,0,0,596,2500.0
0.85,EX2,8954,1,0,0,0,0,596,2500.0
0.85,EX2,9150,1,0,0,0,0,610,2500.0
0.85,EX2,9151,2,0,0,0,0,610,2500.0
0.85,EX2,9152,0,0,0,0,0,610,2500.0
0.85,EX2,9153,1,0,0,0,0,610,2500.0
0.85,EX2,9154,2,0,0,0,0,610,2500.0
0.85,EX2,9155,1,0,0,0,0,610,2500.0
0.85,EX2,9156,2,0,0,0,0,610,2500.0
0.85,EX2,9157,1,0,0,0,0,610,2500.0
0.85,EX2,9158,3,0,0,0,0,610,2500.0
0.85,EX2,9159,0,0,0,0,0,610,2500.0
0.85,EX2,9160,1,0,0,0,0,610,2500.0
0.85,EX2,9161,1,0,0,0,0,610,2500.0
0.85,EX2,9162,0,0,0,0,0,610,2500.0
0.85,EX2,9163,1,0,0,0,0,610,2500.0
0.85,EX2,9164,5,0,0,0,0,610,2500.0
0.85,EX2,9195,1,0,0,0,0,613,2500.0
0.85,EX2,9196,1,0,0,0,0,613,2500.0
0.85,EX2,9197,1,0,0,0,0,613,2500.0
0.85,EX2,9198,2,0,0,0,0,613,2500.0
0.85,EX2,9199,2,0,0,0,0,613,2500.0
0.85,EX2,9200,0,0,0,0,0,613,2500.0
0.85,EX2,9201,0,0,0,0,0,613,2500.0
0.85,EX2,9202,0,0,0,0,0,613,2500.0
0.85,EX2,9203,3,0,0,0,0,613,2500.0
0.85,EX2,9204,3,1,1,0,1,613,2500.0
0.85,EX2,9205,3,0,0,0,0,613,2500.0
0.85,EX2,9206,0,0,0,0,0,613,2500.0
0.85,EX2,9207,1,0,0,0,0,613,2500.0
0.85,EX2,9208,2,0,0,0,0,613,2500.0
0.85,EX2,9209,1,1,1,0,1,613,2500.0
0.85,EX2,9285,3,0,0,0,0,619,2500.0
0.85,EX2,9286,0,0,0,0,0,619,2500.0
0.85,EX2,9287,0,0,0,0,0,619,2500.0
0.85,EX2,9288,2,0,0,0,0,619,2500.0
0.85,EX2,9289,2,0,0,0,0,619,2500.0
0.85,EX2,9290,3,0,0,0,0,619,2500.0
0.85,EX2,9291,1,0,0,0,0,619,2500.0
0.85,EX2,9292,1,0,0,0,0,619,2500.0
0.85,EX2,9293,4,0,0,0,0,619,2500.0
0.85,EX2,9294,2,0,0,0,0,619,2500.0
0.85,EX2,9295,1,0,0,0,0,619,2500.0
0.85,EX2,9296,0,0,0,0,0,619,2500.0
0.85,EX2,9297,3,1,1,0,1,619,2500.0
0.85,EX2,9298,2,0,0,0,0,619,2500.0
0.85,EX2,9299,2,0,0,0,0,619,2500.0
0.85,EX2,9315,0,0,0,0,0,621,2500.0
0.85,EX2,9316,0,0,0,0,0,621,2500.0
0.85,EX2,9317,2,0,0,0,0,621,2500.0
0.85,EX2,9318,2,0,0,0,0,621,2500.0
0.85,EX2,9319,1,0,0,0,0,621,2500.0
0.85,EX2,9320,2,0,0,0,0,621,2500.0
0.85,EX2,9321,1,0,0,0,0,621,2500.0
0.85,EX2,9322,0,0,0,0,0,621,2500.0
0.85,EX2,9323,2,0,0,0,0,621,2500.0
0.85,EX2,9324,0,0,0,0,0,621,2500.0
0.85,EX2,9325,2,1,1,0,1,621,2500.0
0.85,EX2,9326,1,0,0,0,0,621,2500.0
0.85,EX2,9327,1,0,0,0,0,621,2500.0
0.85,EX2,9328,5,1,1,0,0,621,2500.0
0.85,EX2,9329,4,0,0,0,0,621,2500.0
0.85,EX2,9360,4,1,1,0,1,624,2500.0
0.85,EX2,9361,3,1,1,0,0,624,2500.0
0.85,EX2,9362,3,0,0,0,0,624,2500.0
0.85,EX2,9363,0,0,0,0,0,624,2500.0
0.85,EX2,9364,1,0,0,0,0,624,2500.0
0.85,EX2,9365,2,0,0,0,0,624,2500.0
0.85,EX2,9366,1,1,1,0,1,624,2500.0
0.85,EX2,9367,2,0,0,0,0,624,2500.0
0.85,EX2,9368,3,0,0,0,0,624,2500.0
0.85,EX2,9369,2,0,0,0,0,624,2500.0
0.85,EX2,9370,1,0,0,0,0,624,2500.0
0.85,EX2,9371,3,0,0,0,0,624,2500.0
0.85,EX2,9372,0,0,0,0,0,624,2500.0
0.85,EX2,9373,1,0,0,0,0,624,2500.0
0.85,EX2,9374,3,0,0,0,0,624,2500.0
0.85,EX2,9450,1,0,0,0,0,630,2500.0
0.85,EX2,9451,0,0,0,0,0,630,2500.0
0.85,EX2,9452,2,0,0,0,0,630,2500.0
0.85,EX2,9453,3,0,0,0,0,630,2500.0
0.85,EX2,9454,0,0,0,0,0,630,2500.0
0.85,EX2,9455,2,0,0,0,0,630,2500.0
0.85,EX2,9456,2,0,0,0,0,630,2500.0
0.85,EX2,9457,4,0,0,0,0,630,2500.0
0.85,EX2,9458,3,0,0,0,0,630,2500.0
0.85,EX2,9459,2,0,0,0,0,630,2500.0
0.85,EX2,9460,1,1,1,0,1,630,2500.0
0.85,EX2,9461,3,0,0,0,0,630,2500.0
0.85,EX2,9462,4,0,0,0,0,630,2500.0
0.85,EX2,9463,1,0,0,0,0,630,2500.0
0.85,EX2,9464,0,0,0,0,0,630,2500.0
0.85,EX2,9495,4,0,0,0,0,633,2500.0
0.85,EX2,9496,0,0,0,0,0,633,2500.0
0.85,EX2,9497,1,0,0,0,0,633,2500.0
0.85,EX2,9498,2,0,0,0,0,633,2500.0
0.85,EX2,9499,2,0,0,0,0,633,2500.0
0.85,EX2,9500,0,0,0,0,0,633,2500.0
0.85,EX2,9501,4,0,0,0,0,633,2500.0
0.85,EX2,9502,0,0,0,0,0,633,2500.0
0.85,EX2,9503,4,0,0,0,0,633,2500.0
0.85,EX2,9504,0,0,0,0,0,633,2500.0
0.85,EX2,9505,1,0,0,0,0,633,2500.0
0.85,EX2,9506,1,0,0,0,0,633,2500.0
0.85,EX2,9507,1,0,0,0,0,633,2500.0
0.85,EX2,9508,2,0,0,0,0,633,2500.0
0.85,EX2,9509,2,0,0,0,0,633,2500.0
0.85,EX2,9510,1,0,0,0,0,634,2500.0
0.85,EX2,9511,4,0,0,0,0,634,2500.0
0.85,EX2,9512,2,0,0,0,0,634,2500.0
0.85,EX2,9513,1,0,0,0,0,634,2500.0
0.85,EX2,9514,1,0,0,0,0,634,2500.0
0.85,EX2,9515,0,0,0,0,0,634,2500.0
0.85,EX2,9516,2,1,1,0,1,634,2500.0
0.85,EX2,9517,2,0,0,0,0,634,2500.0
0.85,EX2,9518,2,0,0,0,0,634,2500.0
0.85,EX2,9519,2,0,0,0,0,634,2500.0
0.85,EX2,9520,0,0,0,0,0,634,2500.0
0.85,EX2,9521,1,0,0,0,0,634,2500.0
0.85,EX2,9522,2,1,1,0,1,634,2500.0
0.85,EX2,9523,2,0,0,0,0,634,2500.0
0.85,EX2,9524,0,0,0,0,0,634,2500.0
0.85,EX2,9525,2,0,0,0,0,635,2500.0
0.85,EX2,9526,2,0,0,0,0,635,2500.0
0.85,EX2,9527,2,0,0,0,0,635,2500.0
0.85,EX2,9528,0,0,0,0,0,635,2500.0
0.85,EX2,9529,2,1,1,0,1,635,2500.0
0.85,EX2,9530,2,1,1,0,1,635,2500.0
0.85,EX2,9531,2,0,0,0,0,635,2500.0
0.85,EX2,9532,3,1,1,0,1,635,2500.0
0.85,EX2,9533,2,0,0,0,0,635,2500.0
0.85,EX2,9534,1,0,0,0,0,635,2500.0
0.85,EX2,9535,0,0,0,0,0,635,2500.0
0.85,EX2,9536,1,0,0,0,0,635,2500.0
0.85,EX2,9537,0,0,0,0,0,635,2500.0
0.85,EX2,9538,2,0,0,0,0,635,2500.0
0.85,EX2,9539,2,0,0,0,0,635,2500.0
0.85,EX2,9540,1,0,0,0,0,636,2500.0
0.85,EX2,9541,2,0,0,0,0,636,2500.0
0.85,EX2,9542,2,0,0,0,0,636,2500.0
0.85,EX2,9543,3,0,0,0,0,636,2500.0
0.85,EX2,9544,0,0,0,0,0,636,2500.0
0.85,EX2,9545,2,0,0,0,0,636,2500.0
0.85,EX2,9546,0,0,0,0,0,636,2500.0
0.85,EX2,9547,2,0,0,0,0,636,2500.0
0.85,EX2,9548,1,0,0,0,0,636,2500.0
0.85,EX2,9549,0,0,0,0,0,636,2500.0
0.85,EX2,9550,1,0,0,0,0,636,2500.0
0.85,EX2,9551,2,0,0,0,0,636,2500.0
0.85,EX2,9552,1,0,0,0,0,636,2500.0
0.85,EX2,9553,0,0,0,0,0,636,2500.0
0.85,EX2,9554,2,0,0,0,0,636,2500.0
0.85,EX2,9705,1,0,0,0,0,647,2500.0
0.85,EX2,9706,1,0,0,0,0,647,2500.0
0.85,EX2,9707,2,1,1,0,1,647,2500.0
0.85,EX2,9708,2,0,0,0,0,647,2500.0
0.85,EX2,9709,4,0,0,0,0,647,2500.0
0.85,EX2,9710,1,0,0,0,0,647,2500.0
0.85,EX2,9711,0,0,0,0,0,647,2500.0
0.85,EX2,9712,1,0,0,0,0,647,2500.0
0.85,EX2,9713,1,0,0,0,0,647,2500.0
0.85,EX2,9714,2,0,0,0,0,647,2500.0
0.85,EX2,9715,1,0,0,0,0,647,2500.0
0.85,EX2,9716,3,0,0,0,0,647,2500.0
0.85,EX2,9717,2,0,0,0,0,647,2500.0
0.85,EX2,9718,2,0,0,0,0,647,2500.0
0.85,EX2,9719,0,0,0,0,0,647,2500.0
0.85,EX2,9735,0,0,0,0,0,649,2500.0
0.85,EX2,9736,1,0,0,0,0,649,2500.0
0.85,EX2,9737,3,0,0,0,0,649,2500.0
0.85,EX2,9738,2,0,0,0,0,649,2500.0
0.85,EX2,9739,3,1,1,0,0,649,2500.0
0.85,EX2,9740,3,0,0,0,0,649,2500.0
0.85,EX2,9741,0,0,0,0,0,649,2500.0
0.85,EX2,9742,2,0,0,0,0,649,2500.0
0.85,EX2,9743,1,0,0,0,0,649,2500.0
0.85,EX2,9744,3,0,0,0,0,649,2500.0
0.85,EX2,9745,0,0,0,0,0,649,2500.0
0.85,EX2,9746,2,0,0,0,0,649,2500.0
0.85,EX2,9747,1,1,1,0,0,649,2500.0
0.85,EX2,9748,1,0,0,0,0,649,2500.0
0.85,EX2,9749,2,0,0,0,0,649,2500.0
0.85,EX2,9795,2,0,0,0,0,653,2500.0
0.85,EX2,9796,0,0,0,0,0,653,2500.0
0.85,EX2,9797,1,0,0,0,0,653,2500.0
0.85,EX2,9798,1,0,0,0,0,653,2500.0
0.85,EX2,9799,2,0,0,0,0,653,2500.0
0.85,EX2,9800,4,0,0,0,0,653,2500.0
0.85,EX2,9801,2,0,0,0,0,653,2500.0
0.85,EX2,9802,1,0,0,0,0,653,2500.0
0.85,EX2,9803,2,0,0,0,0,653,2500.0
0.85,EX2,9804,2,0,0,0,0,653,2500.0
0.85,EX2,9805,0,0,0,0,0,653,2500.0
0.85,EX2,9806,2,0,0,0,0,653,2500.0
0.85,EX2,9807,0,0,0,0,0,653,2500.0
0.85,EX2,9808,3,0,0,0,0,653,2500.0
0.85,EX2,9809,1,0,0,0,0,653,2500.0
0.85,EX2,9915,2,0,0,0,0,661,2500.0
0.85,EX2,9916,1,0,0,0,0,661,2500.0
0.85,EX2,9917,1,0,0,0,0,661,2500.0
0.85,EX2,9918,0,0,0,0,0,661,2500.0
0.85,EX2,9919,2,0,0,0,0,661,2500.0
0.85,EX2,9920,1,0,0,0,0,661,2500.0
0.85,EX2,9921,2,0,0,0,0,661,2500.0
0.85,EX2,9922,0,0,0,0,0,661,2500.0
0.85,EX2,9923,2,0,0,0,0,661,2500.0
0.85,EX2,9924,2,0,0,0,0,661,2500.0
0.85,EX2,9925,1,0,0,0,0,661,2500.0
0.85,EX2,9926,2,0,0,0,0,661,2500.0
0.85,EX2,9927,0,0,0,0,0,661,2500.0
0.85,EX2,9928,0,0,0,0,0,661,2500.0
0.85,EX2,9929,4,0,0,0,0,661,2500.0
0.85,EX2,9930,3,0,0,0,0,662,2500.0
0.85,EX2,9931,1,0,0,0,0,662,2500.0
0.85,EX2,9932,2,0,0,0,0,662,2500.0
0.85,EX2,9933,1,0,0,0,0,662,2500.0
0.85,EX2,9934,1,0,0,0,0,662,2500.0
0.85,EX2,9935,4,0,0,0,0,662,2500.0
0.85,EX2,9936,0,0,0,0,0,662,2500.0
0.85,EX2,9937,3,0,0,0,0,662,2500.0
0.85,EX2,9938,3,0,0,0,0,662,2500.0
0.85,EX2,9939,2,0,0,0,0,662,2500.0
0.85,EX2,9940,0,0,0,0,0,662,2500.0
0.85,EX2,9941,0,0,0,0,0,662,2500.0
0.85,EX2,9942,2,0,0,0,0,662,2500.0
0.85,EX2,9943,0,0,0,0,0,662,2500.0
0.85,EX2,9944,0,0,0,0,0,662,2500.0
0.85,EX3,30,0,0,0,0,0,2,2500.0
0.85,EX3,31,0,0,0,0,0,2,2500.0
0.85,EX3,32,2,0,0,0,0,2,2500.0
0.85,EX3,33,3,1,1,0,0,2,2500.0
0.85,EX3,34,0,0,0,0,0,2,2500.0
0.85,EX3,35,4,0,0,0,0,2,2500.0
0.85,EX3,36,2,0,0,0,0,2,2500.0
0.85,EX3,37,1,0,0,0,0,2,2500.0
0.85,EX3,38,0,0,0,0,0,2,2500.0
0.85,EX3,39,2,0,0,0,0,2,2500.0
0.85,EX3,40,2,1,1,0,1,2,2500.0
0.85,EX3,41,1,0,0,0,0,2,2500.0
0.85,EX3,42,3,0,0,0,0,2,2500.0
0.85,EX3,43,2,0,0,0,0,2,2500.0
0.85,EX3,44,2,0,0,0,0,2,2500.0
0.85,EX3,90,1,0,0,0,0,6,2500.0
0.85,EX3,91,2,0,0,0,0,6,2500.0
0.85,EX3,92,1,0,0,0,0,6,2500.0
0.85,EX3,93,2,0,0,0,0,6,2500.0
0.85,EX3,94,2,0,0,0,0,6,2500.0
0.85,EX3,95,4,0,0,0,0,6,2500.0
0.85,EX3,96,1,0,0,0,0,6,2500.0
0.85,EX3,97,0,0,0,0,0,6,2500.0
0.85,EX3,98,1,0,0,0,0,6,2500.0
0.85,EX3,99,2,0,0,0,0,6,2500.0
0.85,EX3,100,1,0,0,0,0,6,2500.0
0.85,EX3,101,0,0,0,0,0,6,2500.0
0.85,EX3,102,1,1,1,0,1,6,2500.0
0.85,EX3,103,2,0,0,0,0,6,2500.0
0.85,EX3,104,1,0,0,0,0,6,2500.0
0.85,EX3,150,0,0,0,0,0,10,2500.0
0.85,EX3,151,0,0,0,0,0,10,2500.0
0.85,EX3,152,0,0,0,0,0,10,2500.0
0.85,EX3,153,2,0,0,0,0,10,2500.0
0.85,EX3,154,0,0,0,0,0,10,2500.0
0.85,EX3,155,3,2,2,0,0,10,2500.0
0.85,EX3,156,5,1,1,0,0,10,2500.0
0.85,EX3,157,0,0,0,0,0,10,2500.0
0.85,EX3,158,3,1,1,0,1,10,2500.0
0.85,EX3,159,2,2,2,0,1,10,2500.0
0.85,EX3,160,3,0,0,0,0,10,2500.0
0.85,EX3,161,3,2,2,0,2,10,2500.0
0.85,EX3,162,1,0,0,0,0,10,2500.0
0.85,EX3,163,4,1,1,0,1,10,2500.0
0.85,EX3,164,1,0,0,0,0,10,2500.0
0.85,EX3,270,3,1,1,0,1,18,2500.0
0.85,EX3,271,3,0,0,0,0,18,2500.0
0.85,EX3,272,1,0,0,0,0,18,2500.0
0.85,EX3,273,0,0,0,0,0,18,2500.0
0.85,EX3,274,2,0,0,0,0,18,2500.0
0.85,EX3,275,0,0,0,0,0,18,2500.0
0.85,EX3,276,2,0,0,0,0,18,2500.0
0.85,EX3,277,1,1,1,0,1,18,2500.0
0.85,EX3,278,1,0,0,0,0,18,2500.0
0.85,EX3,279,0,0,0,0,0,18,2500.0
0.85,EX3,280,0,0,0,0,0,18,2500.0
0.85,EX3,281,3,0,0,0,0,18,2500.0
0.85,EX3,282,2,0,0,0,0,18,2500.0
0.85,EX3,283,1,0,0,0,0,18,2500.0
0.85,EX3,284,1,0,0,0,0,18,2500.0
0.85,EX3,360,0,0,0,0,0,24,2500.0
0.85,EX3,361,4,1,1,0,1,24,2500.0
0.85,EX3,362,3,2,2,0,2,24,2500.0
0.85,EX3,363,4,0,0,0,0,24,2500.0
0.85,EX3,364,4,1,1,0,0,24,2500.0
0.85,EX3,365,2,0,0,0,0,24,2500.0
0.85,EX3,366,2,0,0,0,0,24,2500.0
0.85,EX3,367,6,2,2,0,1,24,2500.0
0.85,EX3,368,0,0,0,0,0,24,2500.0
0.85,EX3,369,2,0,0,0,0,24,2500.0
0.85,EX3,370,2,0,0,0,0,24,2500.0
0.85,EX3,371,1,0,0,0,0,24,2500.0
0.85,EX3,372,1,1,1,0,1,24,2500.0
0.85,EX3,373,1,0,0,0,0,24,2500.0
0.85,EX3,374,2,1,1,0,0,24,2500.0
0.85,EX3,450,2,0,0,0,0,30,2500.0
0.85,EX3,451,3,0,0,0,0,30,2500.0
0.85,EX3,452,2,0,0,0,0,30,2500.0
0.85,EX3,453,0,0,0,0,0,30,2500.0
0.85,EX3,454,6,0,0,0,0,30,2500.0
0.85,EX3,455,2,0,0,0,0,30,2500.0
0.85,EX3,456,1,0,0,0,0,30,2500.0
0.85,EX3,457,0,0,0,0,0,30,2500.0
0.85,EX3,458,2,0,0,0,0,30,2500.0
0.85,EX3,459,1,0,0,0,0,30,2500.0
0.85,EX3,460,4,0,0,0,0,30,2500.0
0.85,EX3,461,0,0,0,0,0,30,2500.0
0.85,EX3,462,1,0,0,0,0,30,2500.0
0.85,EX3,463,0,0,0,0,0,30,2500.0
0.85,EX3,464,1,0,0,0,0,30,2500.0
0.85,EX3,465,1,0,0,0,0,31,2500.0
0.85,EX3,466,0,0,0,0,0,31,2500.0
0.85,EX3,467,1,0,0,0,0,31,2500.0
0.85,EX3,468,0,0,0,0,0,31,2500.0
0.85,EX3,469,1,0,0,0,0,31,2500.0
0.85,EX3,470,3,0,0,0,0,31,2500.0
0.85,EX3,471,2,0,0,0,0,31,2500.0
0.85,EX3,472,3,1,1,0,1,31,2500.0
0.85,EX3,473,0,0,0,0,0,31,2500.0
0.85,EX3,474,1,0,0,0,0,31,2500.0
0.85,EX3,475,1,1,1,0,1,31,2500.0
0.85,EX3,476,1,0,0,0,0,31,2500.0
0.85,EX3,477,1,0,0,0,0,31,2500.0
0.85,EX3,478,1,0,0,0,0,31,2500.0
0.85,EX3,479,1,0,0,0,0,31,2500.0
0.85,EX3,585,0,0,0,0,0,39,2500.0
0.85,EX3,586,0,0,0,0,0,39,2500.0
0.85,EX3,587,4,0,0,0,0,39,2500.0
0.85,EX3,588,1,0,0,0,0,39,2500.0
0.85,EX3,589,1,0,0,0,0,39,2500.0
0.85,EX3,590,1,0,0,0,0,39,2500.0
0.85,EX3,591,1,0,0,0,0,39,2500.0
0.85,EX3,592,0,0,0,0,0,39,2500.0
0.85,EX3,593,0,0,0,0,0,39,2500.0
0.85,EX3,594,0,0,0,0,0,39,2500.0
0.85,EX3,595,1,0,0,0,0,39,2500.0
0.85,EX3,596,2,0,0,0,0,39,2500.0
0.85,EX3,597,2,0,0,0,0,39,2500.0
0.85,EX3,598,2,0,0,0,0,39,2500.0
0.85,EX3,599,2,0,0,0,0,39,2500.0
0.85,EX3,615,0,0,0,0,0,41,2500.0
0.85,EX3,616,1,0,0,0,0,41,2500.0
0.85,EX3,617,0,0,0,0,0,41,2500.0
0.85,EX3,618,1,0,0,0,0,41,2500.0
0.85,EX3,619,1,0,0,0,0,41,2500.0
0.85,EX3,620,1,0,0,0,0,41,2500.0
0.85,EX3,621,1,0,0,0,0,41,2500.0
0.85,EX3,622,1,0,0,0,0,41,2500.0
0.85,EX3,623,2,2,2,0,1,41,2500.0
0.85,EX3,624,2,0,0,0,0,41,2500.0
0.85,EX3,625,0,0,0,0,0,41,2500.0
0.85,EX3,626,1,0,0,0,0,41,2500.0
0.85,EX3,627,0,0,0,0,0,41,2500.0
0.85,EX3,628,2,1,1,0,0,41,2500.0
0.85,EX3,629,0,0,0,0,0,41,2500.0
0.85,EX3,660,4,1,1,0,0,44,2500.0
0.85,EX3,661,1,0,0,0,0,44,2500.0
0.85,EX3,662,3,0,0,0,0,44,2500.0
0.85,EX3,663,1,0,0,0,0,44,2500.0
0.85,EX3,664,0,0,0,0,0,44,2500.0
0.85,EX3,665,3,1,1,0,1,44,2500.0
0.85,EX3,666,4,0,0,0,0,44,2500.0
0.85,EX3,667,1,0,0,0,0,44,2500.0
0.85,EX3,668,3,1,1,0,0,44,2500.0
0.85,EX3,669,2,0,0,0,0,44,2500.0
0.85,EX3,670,3,1,1,0,1,44,2500.0
0.85,EX3,671,1,0,0,0,0,44,2500.0
0.85,EX3,672,1,0,0,0,0,44,2500.0
0.85,EX3,673,3,0,0,0,0,44,2500.0
0.85,EX3,674,0,0,0,0,0,44,2500.0
0.85,EX3,735,4,1,1,0,1,49,2500.0
0.85,EX3,736,0,0,0,0,0,49,2500.0
0.85,EX3,737,1,0,0,0,0,49,2500.0
0.85,EX3,738,1,0,0,0,0,49,2500.0
0.85,EX3,739,2,0,0,0,0,49,2500.0
0.85,EX3,740,1,0,0,0,0,49,2500.0
0.85,EX3,741,1,1,1,0,1,49,2500.0
0.85,EX3,742,1,0,0,0,0,49,2500.0
0.85,EX3,743,3,0,0,0,0,49,2500.0
0.85,EX3,744,3,0,0,0,0,49,2500.0
0.85,EX3,745,0,0,0,0,0,49,2500.0
0.85,EX3,746,0,0,0,0,0,49,2500.0
0.85,EX3,747,1,0,0,0,0,49,2500.0
0.85,EX3,748,0,0,0,0,0,49,2500.0
0.85,EX3,749,0,0,0,0,0,49,2500.0
0.85,EX3,810,1,0,0,0,0,54,2500.0
0.85,EX3,811,2,0,0,0,0,54,2500.0
0.85,EX3,812,2,0,0,0,0,54,2500.0
0.85,EX3,813,3,0,0,0,0,54,2500.0
0.85,EX3,814,1,0,0,0,0,54,2500.0
0.85,EX3,815,1,0,0,0,0,54,2500.0
0.85,EX3,816,0,0,0,0,0,54,2500.0
0.85,EX3,817,1,0,0,0,0,54,2500.0
0.85,EX3,818,2,0,0,0,0,54,2500.0
0.85,EX3,819,2,0,0,0,0,54,2500.0
0.85,EX3,820,0,0,0,0,0,54,2500.0
0.85,EX3,821,1,0,0,0,0,54,2500.0
0.85,EX3,822,0,0,0,0,0,54,2500.0
0.85,EX3,823,1,0,0,0,0,54,2500.0
0.85,EX3,824,2,1,1,0,1,54,2500.0
0.85,EX3,825,1,0,0,0,0,55,2500.0
0.85,EX3,826,2,0,0,0,0,55,2500.0
0.85,EX3,827,0,0,0,0,0,55,2500.0
0.85,EX3,828,6,0,0,0,0,55,2500.0
0.85,EX3,829,6,0,0,0,0,55,2500.0
0.85,EX3,830,2,1,1,0,1,55,2500.0
0.85,EX3,831,0,0,0,0,0,55,2500.0
0.85,EX3,832,2,0,0,0,0,55,2500.0
0.85,EX3,833,1,0,0,0,0,55,2500.0
0.85,EX3,834,2,1,1,0,1,55,2500.0
0.85,EX3,835,0,0,0,0,0,55,2500.0
0.85,EX3,836,2,0,0,0,0,55,2500.0
0.85,EX3,837,0,0,0,0,0,55,2500.0
0.85,EX3,838,2,0,0,0,0,55,2500.0
0.85,EX3,839,4,0,0,0,0,55,2500.0
0.85,EX3,840,3,1,1,0,1,56,2500.0
0.85,EX3,841,4,0,0,0,0,56,2500.0
0.85,EX3,842,1,0,0,0,0,56,2500.0
0.85,EX3,843,5,0,0,0,0,56,2500.0
0.85,EX3,844,1,0,0,0,0,56,2500.0
0.85,EX3,845,1,0,0,0,0,56,2500.0
0.85,EX3,846,1,0,0,0,0,56,2500.0
0.85,EX3,847,0,0,0,0,0,56,2500.0
0.85,EX3,848,1,0,0,0,0,56,2500.0
0.85,EX3,849,2,0,0,0,0,56,2500.0
0.85,EX3,850,4,0,0,0,0,56,2500.0
0.85,EX3,851,2,0,0,0,0,56,2500.0
0.85,EX3,852,2,0,0,0,0,56,2500.0
0.85,EX3,853,0,0,0,0,0,56,2500.0
0.85,EX3,854,5,1,1,0,1,56,2500.0
0.85,EX3,900,0,0,0,0,0,60,2500.0
0.85,EX3,901,2,0,0,0,0,60,2500.0
0.85,EX3,902,3,1,1,0,1,60,2500.0
0.85,EX3,903,1,1,1,0,1,60,2500.0
0.85,EX3,904,1,0,0,0,0,60,2500.0
0.85,EX3,905,2,0,0,0,0,60,2500.0
0.85,EX3,906,2,0,0,0,0,60,2500.0
0.85,EX3,907,0,0,0,0,0,60,2500.0
0.85,EX3,908,0,0,0,0,0,60,2500.0
0.85,EX3,909,3,1,1,0,1,60,2500.0
0.85,EX3,910,2,0,0,0,0,60,2500.0
0.85,EX3,911,1,0,0,0,0,60,2500.0
0.85,EX3,912,1,0,0,0,0,60,2500.0
0.85,EX3,913,1,0,0,0,0,60,2500.0
0.85,EX3,914,1,0,0,0,0,60,2500.0
0.85,EX3,945,2,0,0,0,0,63,2500.0
0.85,EX3,946,3,0,0,0,0,63,2500.0
0.85,EX3,947,2,0,0,0,0,63,2500.0
0.85,EX3,948,3,1,1,0,1,63,2500.0
0.85,EX3,949,4,0,0,0,0,63,2500.0
0.85,EX3,950,1,0,0,0,0,63,2500.0
0.85,EX3,951,2,0,0,0,0,63,2500.0
0.85,EX3,952,2,0,0,0,0,63,2500.0
0.85,EX3,953,1,0,0,0,0,63,2500.0
0.85,EX3,954,5,0,0,0,0,63,2500.0
0.85,EX3,955,3,0,0,0,0,63,2500.0
0.85,EX3,956,1,0,0,0,0,63,2500.0
0.85,EX3,957,1,0,0,0,0,63,2500.0
0.85,EX3,958,1,0,0,0,0,63,2500.0
0.85,EX3,959,1,0,0,0,0,63,2500.0
0.85,EX3,975,2,0,0,0,0,65,2500.0
0.85,EX3,976,2,0,0,0,0,65,2500.0
0.85,EX3,977,1,0,0,0,0,65,2500.0
0.85,EX3,978,1,0,0,0,0,65,2500.0
0.85,EX3,979,0,0,0,0,0,65,2500.0
0.85,EX3,980,2,0,0,0,0,65,2500.0
0.85,EX3,981,1,0,0,0,0,65,2500.0
0.85,EX3,982,4,0,0,0,0,65,2500.0
0.85,EX3,983,1,0,0,0,0,65,2500.0
0.85,EX3,984,2,0,0,0,0,65,2500.0
0.85,EX3,985,3,0,0,0,0,65,2500.0
0.85,EX3,986,4,0,0,0,0,65,2500.0
0.85,EX3,987,1,0,0,0,0,65,2500.0
0.85,EX3,988,4,1,0,1,0,65,2500.0
0.85,EX3,989,1,0,0,0,0,65,2500.0
0.85,EX3,1035,4,0,0,0,0,69,2500.0
0.85,EX3,1036,0,0,0,0,0,69,2500.0
0.85,EX3,1037,0,0,0,0,0,69,2500.0
0.85,EX3,1038,1,0,0,0,0,69,2500.0
0.85,EX3,1039,3,1,0,1,0,69,2500.0
0.85,EX3,1040,1,0,0,0,0,69,2500.0
0.85,EX3,1041,1,0,0,0,0,69,2500.0
0.85,EX3,1042,0,0,0,0,0,69,2500.0
0.85,EX3,1043,2,0,0,0,0,69,2500.0
0.85,EX3,1044,2,0,0,0,0,69,2500.0
0.85,EX3,1045,2,0,0,0,0,69,2500.0
0.85,EX3,1046,1,0,0,0,0,69,2500.0
0.85,EX3,1047,4,0,0,0,0,69,2500.0
0.85,EX3,1048,0,0,0,0,0,69,2500.0
0.85,EX3,1049,1,0,0,0,0,69,2500.0
0.85,EX3,1050,1,0,0,0,0,70,2500.0
0.85,EX3,1051,1,0,0,0,0,70,2500.0
0.85,EX3,1052,2,0,0,0,0,70,2500.0
0.85,EX3,1053,1,0,0,0,0,70,2500.0
0.85,EX3,1054,1,1,1,0,0,70,2500.0
0.85,EX3,1055,2,0,0,0,0,70,2500.0
0.85,EX3,1056,1,0,0,0,0,70,2500.0
0.85,EX3,1057,1,1,1,0,0,70,2500.0
0.85,EX3,1058,0,0,0,0,0,70,2500.0
0.85,EX3,1059,0,0,0,0,0,70,2500.0
0.85,EX3,1060,0,0,0,0,0,70,2500.0
0.85,EX3,1061,4,0,0,0,0,70,2500.0
0.85,EX3,1062,1,0,0,0,0,70,2500.0
0.85,EX3,1063,1,0,0,0,0,70,2500.0
0.85,EX3,1064,2,0,0,0,0,70,2500.0
0.85,EX3,1080,1,0,0,0,0,72,2500.0
0.85,EX3,1081,2,0,0,0,0,72,2500.0
0.85,EX3,1082,2,0,0,0,0,72,2500.0
0.85,EX3,1083,3,0,0,0,0,72,2500.0
0.85,EX3,1084,1,1,1,0,1,72,2500.0
0.85,EX3,1085,0,0,0,0,0,72,2500.0
0.85,EX3,1086,3,2,2,0,0,72,2500.0
0.85,EX3,1087,4,0,0,0,0,72,2500.0
0.85,EX3,1088,2,1,1,0,1,72,2500.0
0.85,EX3,1089,0,0,0,0,0,72,2500.0
0.85,EX3,1090,0,0,0,0,0,72,2500.0
0.85,EX3,1091,2,0,0,0,0,72,2500.0
0.85,EX3,1092,1,0,0,0,0,72,2500.0
0.85,EX3,1093,0,0,0,0,0,72,2500.0
0.85,EX3,1094,2,0,0,0,0,72,2500.0
0.85,EX3,1140,1,0,0,0,0,76,2500.0
0.85,EX3,1141,3,0,0,0,0,76,2500.0
0.85,EX3,1142,1,0,0,0,0,76,2500.0
0.85,EX3,1143,4,1,1,0,1,76,2500.0
0.85,EX3,1144,3,1,1,0,0,76,2500.0
0.85,EX3,1145,0,0,0,0,0,76,2500.0
0.85,EX3,1146,3,0,0,0,0,76,2500.0
0.85,EX3,1147,1,0,0,0,0,76,2500.0
0.85,EX3,1148,1,0,0,0,0,76,2500.0
0.85,EX3,1149,1,0,0,0,0,76,2500.0
0.85,EX3,1150,1,0,0,0,0,76,2500.0
0.85,EX3,1151,0,0,0,0,0,76,2500.0
0.85,EX3,1152,2,0,0,0,0,76,2500.0
0.85,EX3,1153,1,0,0,0,0,76,2500.0
0.85,EX3,1154,0,0,0,0,0,76,2500.0
0.85,EX3,1155,1,0,0,0,0,77,2500.0
0.85,EX3,1156,0,0,0,0,0,77,2500.0
0.85,EX3,1157,3,0,0,0,0,77,2500.0
0.85,EX3,1158,0,0,0,0,0,77,2500.0
0.85,EX3,1159,1,0,0,0,0,77,2500.0
0.85,EX3,1160,1,0,0,0,0,77,2500.0
0.85,EX3,1161,3,0,0,0,0,77,2500.0
0.85,EX3,1162,1,0,0,0,0,77,2500.0
0.85,EX3,1163,2,0,0,0,0,77,2500.0
0.85,EX3,1164,1,0,0,0,0,77,2500.0
0.85,EX3,1165,2,0,0,0,0,77,2500.0
0.85,EX3,1166,4,1,1,0,0,77,2500.0
0.85,EX3,1167,2,0,0,0,0,77,2500.0
0.85,EX3,1168,2,0,0,0,0,77,2500.0
0.85,EX3,1169,0,0,0,0,0,77,2500.0
0.85,EX3,1170,0,0,0,0,0,78,2500.0
0.85,EX3,1171,2,0,0,0,0,78,2500.0
0.85,EX3,1172,0,0,0,0,0,78,2500.0
0.85,EX3,1173,2,0,0,0,0,78,2500.0
0.85,EX3,1174,3,0,0,0,0,78,2500.0
0.85,EX3,1175,2,0,0,0,0,78,2500.0
0.85,EX3,1176,1,0,0,0,0,78,2500.0
0.85,EX3,1177,5,0,0,0,0,78,2500.0
0.85,EX3,1178,4,0,0,0,0,78,2500.0
0.85,EX3,1179,2,0,0,0,0,78,2500.0
0.85,EX3,1180,1,0,0,0,0,78,2500.0
0.85,EX3,1181,0,0,0,0,0,78,2500.0
0.85,EX3,1182,7,1,1,0,1,78,2500.0
0.85,EX3,1183,1,0,0,0,0,78,2500.0
0.85,EX3,1184,1,0,0,0,0,78,2500.0
0.85,EX3,1215,2,1,1,0,0,81,2500.0
0.85,EX3,1216,2,0,0,0,0,81,2500.0
0.85,EX3,1217,2,0,0,0,0,81,2500.0
0.85,EX3,1218,0,0,0,0,0,81,2500.0
0.85,EX3,1219,3,0,0,0,0,81,2500.0
0.85,EX3,1220,1,0,0,0,0,81,2500.0
0.85,EX3,1221,2,0,0,0,0,81,2500.0
0.85,EX3,1222,2,0,0,0,0,81,2500.0
0.85,EX3,1223,0,0,0,0,0,81,2500.0
0.85,EX3,1224,0,0,0,0,0,81,2500.0
0.85,EX3,1225,1,0,0,0,0,81,2500.0
0.85,EX3,1226,4,0,0,0,0,81,2500.0
0.85,EX3,1227,1,0,0,0,0,81,2500.0
0.85,EX3,1228,4,0,0,0,0,81,2500.0
0.85,EX3,1229,2,0,0,0,0,81,2500.0
0.85,EX3,1230,2,1,1,0,1,82,2500.0
0.85,EX3,1231,2,1,1,0,1,82,2500.0
0.85,EX3,1232,2,0,0,0,0,82,2500.0
0.85,EX3,1233,1,0,0,0,0,82,2500.0
0.85,EX3,1234,1,1,1,0,1,82,2500.0
0.85,EX3,1235,1,0,0,0,0,82,2500.0
0.85,EX3,1236,2,0,0,0,0,82,2500.0
0.85,EX3,1237,1,0,0,0,0,82,2500.0
0.85,EX3,1238,0,0,0,0,0,82,2500.0
0.85,EX3,1239,1,0,0,0,0,82,2500.0
0.85,EX3,1240,2,0,0,0,0,82,2500.0
0.85,EX3,1241,2,0,0,0,0,82,2500.0
0.85,EX3,1242,3,2,2,0,1,82,2500.0
0.85,EX3,1243,3,0,0,0,0,82,2500.0
0.85,EX3,1244,2,0,0,0,0,82,2500.0
0.85,EX3,1290,3,0,0,0,0,86,2500.0
0.85,EX3,1291,1,0,0,0,0,86,2500.0
0.85,EX3,1292,1,0,0,0,0,86,2500.0
0.85,EX3,1293,2,0,0,0,0,86,2500.0
0.85,EX3,1294,1,0,0,0,0,86,2500.0
0.85,EX3,1295,3,0,0,0,0,86,2500.0
0.85,EX3,1296,2,1,1,0,1,86,2500.0
0.85,EX3,1297,2,0,0,0,0,86,2500.0
0.85,EX3,1298,2,0,0,0,0,86,2500.0
0.85,EX3,1299,2,0,0,0,0,86,2500.0
0.85,EX3,1300,2,0,0,0,0,86,2500.0
0.85,EX3,1301,1,0,0,0,0,86,2500.0
0.85,EX3,1302,2,0,0,0,0,86,2500.0
0.85,EX3,1303,1,0,0,0,0,86,2500.0
0.85,EX3,1304,3,0,0,0,0,86,2500.0
0.85,EX3,1350,1,0,0,0,0,90,2500.0
0.85,EX3,1351,3,0,0,0,0,90,2500.0
0.85,EX3,1352,1,0,0,0,0,90,2500.0
0.85,EX3,1353,3,0,0,0,0,90,2500.0
0.85,EX3,1354,4,0,0,0,0,90,2500.0
0.85,EX3,1355,0,0,0,0,0,90,2500.0
0.85,EX3,1356,1,0,0,0,0,90,2500.0
0.85,EX3,1357,1,0,0,0,0,90,2500.0
0.85,EX3,1358,2,0,0,0,0,90,2500.0
0.85,EX3,1359,0,0,0,0,0,90,2500.0
0.85,EX3,1360,1,0,0,0,0,90,2500.0
0.85,EX3,1361,2,0,0,0,0,90,2500.0
0.85,EX3,1362,2,0,0,0,0,90,2500.0
0.85,EX3,1363,1,0,0,0,0,90,2500.0
0.85,EX3,1364,1,0,0,0,0,90,2500.0
0.85,EX3,1515,2,0,0,0,0,101,2500.0
0.85,EX3,1516,1,0,0,0,0,101,2500.0
0.85,EX3,1517,2,0,0,0,0,101,2500.0
0.85,EX3,1518,1,0,0,0,0,101,2500.0
0.85,EX3,1519,2,0,0,0,0,101,2500.0
0.85,EX3,1520,2,0,0,0,0,101,2500.0
0.85,EX3,1521,1,0,0,0,0,101,2500.0
0.85,EX3,1522,1,1,1,0,1,101,2500.0
0.85,EX3,1523,2,0,0,0,0,101,2500.0
0.85,EX3,1524,0,0,0,0,0,101,2500.0
0.85,EX3,1525,3,0,0,0,0,101,2500.0
0.85,EX3,1526,5,1,1,0,1,101,2500.0
0.85,EX3,1527,1,0,0,0,0,101,2500.0
0.85,EX3,1528,1,0,0,0,0,101,2500.0
0.85,EX3,1529,1,0,0,0,0,101,2500.0
0.85,EX3,1620,0,0,0,0,0,108,2500.0
0.85,EX3,1621,1,0,0,0,0,108,2500.0
0.85,EX3,1622,1,0,0,0,0,108,2500.0
0.85,EX3,1623,3,0,0,0,0,108,2500.0
0.85,EX3,1624,2,0,0,0,0,108,2500.0
0.85,EX3,1625,0,0,0,0,0,108,2500.0
0.85,EX3,1626,3,0,0,0,0,108,2500.0
0.85,EX3,1627,5,0,0,0,0,108,2500.0
0.85,EX3,1628,2,0,0,0,0,108,2500.0
0.85,EX3,1629,2,0,0,0,0,108,2500.0
0.85,EX3,1630,1,0,0,0,0,108,2500.0
0.85,EX3,1631,1,0,0,0,0,108,2500.0
0.85,EX3,1632,3,0,0,0,0,108,2500.0
0.85,EX3,1633,0,0,0,0,0,108,2500.0
0.85,EX3,1634,1,0,0,0,0,108,2500.0
0.85,EX3,1635,1,0,0,0,0,109,2500.0
0.85,EX3,1636,1,0,0,0,0,109,2500.0
0.85,EX3,1637,1,0,0,0,0,109,2500.0
0.85,EX3,1638,1,0,0,0,0,109,2500.0
0.85,EX3,1639,1,0,0,0,0,109,2500.0
0.85,EX3,1640,0,0,0,0,0,109,2500.0
0.85,EX3,1641,1,0,0,0,0,109,2500.0
0.85,EX3,1642,3,0,0,0,0,109,2500.0
0.85,EX3,1643,2,0,0,0,0,109,2500.0
0.85,EX3,1644,1,0,0,0,0,109,2500.0
0.85,EX3,1645,4,1,1,0,0,109,2500.0
0.85,EX3,1646,1,0,0,0,0,109,2500.0
0.85,EX3,1647,4,1,1,0,1,109,2500.0
0.85,EX3,1648,1,0,0,0,0,109,2500.0
0.85,EX3,1649,0,0,0,0,0,109,2500.0
0.85,EX3,1650,3,0,0,0,0,110,2500.0
0.85,EX3,1651,1,0,0,0,0,110,2500.0
0.85,EX3,1652,1,0,0,0,0,110,2500.0
0.85,EX3,1653,0,0,0,0,0,110,2500.0
0.85,EX3,1654,0,0,0,0,0,110,2500.0
0.85,EX3,1655,0,0,0,0,0,110,2500.0
0.85,EX3,1656,0,0,0,0,0,110,2500.0
0.85,EX3,1657,4,0,0,0,0,110,2500.0
0.85,EX3,1658,1,0,0,0,0,110,2500.0
0.85,EX3,1659,0,0,0,0,0,110,2500.0
0.85,EX3,1660,0,0,0,0,0,110,2500.0
0.85,EX3,1661,1,0,0,0,0,110,2500.0
0.85,EX3,1662,1,0,0,0,0,110,2500.0
0.85,EX3,1663,1,0,0,0,0,110,2500.0
0.85,EX3,1664,2,0,0,0,0,110,2500.0
0.85,EX3,1770,0,0,0,0,0,118,2500.0
0.85,EX3,1771,1,0,0,0,0,118,2500.0
0.85,EX3,1772,2,0,0,0,0,118,2500.0
0.85,EX3,1773,2,0,0,0,0,118,2500.0
0.85,EX3,1774,1,0,0,0,0,118,2500.0
0.85,EX3,1775,4,0,0,0,0,118,2500.0
0.85,EX3,1776,2,0,0,0,0,118,2500.0
0.85,EX3,1777,1,0,0,0,0,118,2500.0
0.85,EX3,1778,3,1,1,0,1,118,2500.0
0.85,EX3,1779,0,0,0,0,0,118,2500.0
0.85,EX3,1780,1,0,0,0,0,118,2500.0
0.85,EX3,1781,2,0,0,0,0,118,2500.0
0.85,EX3,1782,1,0,0,0,0,118,2500.0
0.85,EX3,1783,1,0,0,0,0,118,2500.0
0.85,EX3,1784,4,0,0,0,0,118,2500.0
0.85,EX3,1800,1,0,0,0,0,120,2500.0
0.85,EX3,1801,1,0,0,0,0,120,2500.0
0.85,EX3,1802,0,0,0,0,0,120,2500.0
0.85,EX3,1803,1,0,0,0,0,120,2500.0
0.85,EX3,1804,2,0,0,0,0,120,2500.0
0.85,EX3,1805,2,0,0,0,0,120,2500.0
0.85,EX3,1806,3,0,0,0,0,120,2500.0
0.85,EX3,1807,0,0,0,0,0,120,2500.0
0.85,EX3,1808,3,0,0,0,0,120,2500.0
0.85,EX3,1809,0,0,0,0,0,120,2500.0
0.85,EX3,1810,0,0,0,0,0,120,2500.0
0.85,EX3,1811,0,0,0,0,0,120,2500.0
0.85,EX3,1812,3,0,0,0,0,120,2500.0
0.85,EX3,1813,1,0,0,0,0,120,2500.0
0.85,EX3,1814,2,0,0,0,0,120,2500.0
0.85,EX3,1965,2,1,1,0,1,131,2500.0
0.85,EX3,1966,2,1,1,0,1,131,2500.0
0.85,EX3,1967,1,0,0,0,0,131,2500.0
0.85,EX3,1968,1,0,0,0,0,131,2500.0
0.85,EX3,1969,3,0,0,0,0,131,2500.0
0.85,EX3,1970,1,0,0,0,0,131,2500.0
0.85,EX3,1971,3,0,0,0,0,131,2500.0
0.85,EX3,1972,3,0,0,0,0,131,2500.0
0.85,EX3,1973,0,0,0,0,0,131,2500.0
0.85,EX3,1974,3,0,0,0,0,131,2500.0
0.85,EX3,1975,2,0,0,0,0,131,2500.0
0.85,EX3,1976,2,0,0,0,0,131,2500.0
0.85,EX3,1977,2,0,0,0,0,131,2500.0
0.85,EX3,1978,3,0,0,0,0,131,2500.0
0.85,EX3,1979,4,0,0,0,0,131,2500.0
0.85,EX3,1980,2,0,0,0,0,132,2500.0
0.85,EX3,1981,2,0,0,0,0,132,2500.0
0.85,EX3,1982,0,0,0,0,0,132,2500.0
0.85,EX3,1983,1,0,0,0,0,132,2500.0
0.85,EX3,1984,0,0,0,0,0,132,2500.0
0.85,EX3,1985,0,0,0,0,0,132,2500.0
0.85,EX3,1986,1,0,0,0,0,132,2500.0
0.85,EX3,1987,1,0,0,0,0,132,2500.0
0.85,EX3,1988,1,0,0,0,0,132,2500.0
0.85,EX3,1989,2,0,0,0,0,132,2500.0
0.85,EX3,1990,1,0,0,0,0,132,2500.0
0.85,EX3,1991,3,1,1,0,0,132,2500.0
0.85,EX3,1992,0,0,0,0,0,132,2500.0
0.85,EX3,1993,1,0,0,0,0,132,2500.0
0.85,EX3,1994,1,0,0,0,0,132,2500.0
0.85,EX3,1995,0,0,0,0,0,133,2500.0
0.85,EX3,1996,0,0,0,0,0,133,2500.0
0.85,EX3,1997,1,0,0,0,0,133,2500.0
0.85,EX3,1998,1,0,0,0,0,133,2500.0
0.85,EX3,1999,1,0,0,0,0,133,2500.0
0.85,EX3,2000,3,0,0,0,0,133,2500.0
0.85,EX3,2001,2,1,1,0,1,133,2500.0
0.85,EX3,2002,0,0,0,0,0,133,2500.0
0.85,EX3,2003,2,0,0,0,0,133,2500.0
0.85,EX3,2004,0,0,0,0,0,133,2500.0
0.85,EX3,2005,2,0,0,0,0,133,2500.0
0.85,EX3,2006,1,0,0,0,0,133,2500.0
0.85,EX3,2007,0,0,0,0,0,133,2500.0
0.85,EX3,2008,2,1,1,0,1,133,2500.0
0.85,EX3,2009,11,0,0,0,0,133,2500.0
0.85,EX3,2025,2,1,1,0,0,135,2500.0
0.85,EX3,2026,1,0,0,0,0,135,2500.0
0.85,EX3,2027,1,0,0,0,0,135,2500.0
0.85,EX3,2028,2,0,0,0,0,135,2500.0
0.85,EX3,2029,0,0,0,0,0,135,2500.0
0.85,EX3,2030,0,0,0,0,0,135,2500.0
0.85,EX3,2031,2,1,1,0,1,135,2500.0
0.85,EX3,2032,1,0,0,0,0,135,2500.0
0.85,EX3,2033,1,0,0,0,0,135,2500.0
0.85,EX3,2034,3,1,1,0,1,135,2500.0
0.85,EX3,2035,3,0,0,0,0,135,2500.0
0.85,EX3,2036,1,0,0,0,0,135,2500.0
0.85,EX3,2037,3,0,0,0,0,135,2500.0
0.85,EX3,2038,0,0,0,0,0,135,2500.0
0.85,EX3,2039,3,0,0,0,0,135,2500.0
0.85,EX3,2040,2,0,0,0,0,136,2500.0
0.85,EX3,2041,0,0,0,0,0,136,2500.0
0.85,EX3,2042,2,1,1,0,1,136,2500.0
0.85,EX3,2043,0,0,0,0,0,136,2500.0
0.85,EX3,2044,4,0,0,0,0,136,2500.0
0.85,EX3,2045,1,1,1,0,0,136,2500.0
0.85,EX3,2046,0,0,0,0,0,136,2500.0
0.85,EX3,2047,1,1,1,0,1,136,2500.0
0.85,EX3,2048,3,1,0,1,0,136,2500.0
0.85,EX3,2049,0,0,0,0,0,136,2500.0
0.85,EX3,2050,2,0,0,0,0,136,2500.0
0.85,EX3,2051,4,0,0,0,0,136,2500.0
0.85,EX3,2052,0,0,0,0,0,136,2500.0
0.85,EX3,2053,5,0,0,0,0,136,2500.0
0.85,EX3,2054,1,1,1,0,1,136,2500.0
0.85,EX3,2220,2,0,0,0,0,148,2500.0
0.85,EX3,2221,1,0,0,0,0,148,2500.0
0.85,EX3,2222,5,0,0,0,0,148,2500.0
0.85,EX3,2223,0,0,0,0,0,148,2500.0
0.85,EX3,2224,4,0,0,0,0,148,2500.0
0.85,EX3,2225,3,0,0,0,0,148,2500.0
0.85,EX3,2226,0,0,0,0,0,148,2500.0
0.85,EX3,2227,3,0,0,0,0,148,2500.0
0.85,EX3,2228,2,0,0,0,0,148,2500.0
0.85,EX3,2229,4,1,1,0,0,148,2500.0
0.85,EX3,2230,2,0,0,0,0,148,2500.0
0.85,EX3,2231,2,1,1,0,0,148,2500.0
0.85,EX3,2232,4,0,0,0,0,148,2500.0
0.85,EX3,2233,2,1,1,0,1,148,2500.0
0.85,EX3,2234,1,0,0,0,0,148,2500.0
0.85,EX3,2325,0,0,0,0,0,155,2500.0
0.85,EX3,2326,0,0,0,0,0,155,2500.0
0.85,EX3,2327,1,0,0,0,0,155,2500.0
0.85,EX3,2328,0,0,0,0,0,155,2500.0
0.85,EX3,2329,4,1,1,0,0,155,2500.0
0.85,EX3,2330,4,0,0,0,0,155,2500.0
0.85,EX3,2331,0,0,0,0,0,155,2500.0
0.85,EX3,2332,0,0,0,0,0,155,2500.0
0.85,EX3,2333,2,1,1,0,1,155,2500.0
0.85,EX3,2334,0,0,0,0,0,155,2500.0
0.85,EX3,2335,1,0,0,0,0,155,2500.0
0.85,EX3,2336,1,0,0,0,0,155,2500.0
0.85,EX3,2337,1,0,0,0,0,155,2500.0
0.85,EX3,2338,3,0,0,0,0,155,2500.0
0.85,EX3,2339,2,0,0,0,0,155,2500.0
0.85,EX3,2370,1,0,0,0,0,158,2500.0
0.85,EX3,2371,3,0,0,0,0,158,2500.0
0.85,EX3,2372,3,0,0,0,0,158,2500.0
0.85,EX3,2373,0,0,0,0,0,158,2500.0
0.85,EX3,2374,0,0,0,0,0,158,2500.0
0.85,EX3,2375,5,0,0,0,0,158,2500.0
0.85,EX3,2376,0,0,0,0,0,158,2500.0
0.85,EX3,2377,3,0,0,0,0,158,2500.0
0.85,EX3,2378,2,0,0,0,0,158,2500.0
0.85,EX3,2379,2,0,0,0,0,158,2500.0
0.85,EX3,2380,2,0,0,0,0,158,2500.0
0.85,EX3,2381,1,0,0,0,0,158,2500.0
0.85,EX3,2382,1,0,0,0,0,158,2500.0
0.85,EX3,2383,2,0,0,0,0,158,2500.0
0.85,EX3,2384,3,0,0,0,0,158,2500.0
0.85,EX3,2460,1,0,0,0,0,164,2500.0
0.85,EX3,2461,1,0,0,0,0,164,2500.0
0.85,EX3,2462,2,0,0,0,0,164,2500.0
0.85,EX3,2463,3,0,0,0,0,164,2500.0
0.85,EX3,2464,1,0,0,0,0,164,2500.0
0.85,EX3,2465,0,0,0,0,0,164,2500.0
0.85,EX3,2466,0,0,0,0,0,164,2500.0
0.85,EX3,2467,2,0,0,0,0,164,2500.0
0.85,EX3,2468,2,0,0,0,0,164,2500.0
0.85,EX3,2469,1,0,0,0,0,164,2500.0
0.85,EX3,2470,0,0,0,0,0,164,2500.0
0.85,EX3,2471,1,0,0,0,0,164,2500.0
0.85,EX3,2472,2,0,0,0,0,164,2500.0
0.85,EX3,2473,2,0,0,0,0,164,2500.0
0.85,EX3,2474,2,1,1,0,1,164,2500.0
0.85,EX3,2475,0,0,0,0,0,165,2500.0
0.85,EX3,2476,2,1,1,0,0,165,2500.0
0.85,EX3,2477,2,0,0,0,0,165,2500.0
0.85,EX3,2478,1,0,0,0,0,165,2500.0
0.85,EX3,2479,4,1,1,0,1,165,2500.0
0.85,EX3,2480,2,0,0,0,0,165,2500.0
0.85,EX3,2481,0,0,0,0,0,165,2500.0
0.85,EX3,2482,0,0,0,0,0,165,2500.0
0.85,EX3,2483,1,0,0,0,0,165,2500.0
0.85,EX3,2484,4,0,0,0,0,165,2500.0
0.85,EX3,2485,0,0,0,0,0,165,2500.0
0.85,EX3,2486,3,1,1,0,1,165,2500.0
0.85,EX3,2487,0,0,0,0,0,165,2500.0
0.85,EX3,2488,2,0,0,0,0,165,2500.0
0.85,EX3,2489,2,0,0,0,0,165,2500.0
0.85,EX3,2640,2,0,0,0,0,176,2500.0
0.85,EX3,2641,4,1,1,0,1,176,2500.0
0.85,EX3,2642,1,0,0,0,0,176,2500.0
0.85,EX3,2643,1,0,0,0,0,176,2500.0
0.85,EX3,2644,2,0,0,0,0,176,2500.0
0.85,EX3,2645,3,0,0,0,0,176,2500.0
0.85,EX3,2646,3,0,0,0,0,176,2500.0
0.85,EX3,2647,2,0,0,0,0,176,2500.0
0.85,EX3,2648,2,0,0,0,0,176,2500.0
0.85,EX3,2649,4,1,1,0,0,176,2500.0
0.85,EX3,2650,2,1,1,0,1,176,2500.0
0.85,EX3,2651,5,0,0,0,0,176,2500.0
0.85,EX3,2652,1,0,0,0,0,176,2500.0
0.85,EX3,2653,2,0,0,0,0,176,2500.0
0.85,EX3,2654,1,0,0,0,0,176,2500.0
0.85,EX3,2715,1,0,0,0,0,181,2500.0
0.85,EX3,2716,3,1,1,0,1,181,2500.0
0.85,EX3,2717,0,0,0,0,0,181,2500.0
0.85,EX3,2718,3,0,0,0,0,181,2500.0
0.85,EX3,2719,3,0,0,0,0,181,2500.0
0.85,EX3,2720,4,0,0,0,0,181,2500.0
0.85,EX3,2721,2,0,0,0,0,181,2500.0
0.85,EX3,2722,2,0,0,0,0,181,2500.0
0.85,EX3,2723,0,0,0,0,0,181,2500.0
0.85,EX3,2724,1,0,0,0,0,181,2500.0
0.85,EX3,2725,1,0,0,0,0,181,2500.0
0.85,EX3,2726,0,0,0,0,0,181,2500.0
0.85,EX3,2727,2,0,0,0,0,181,2500.0
0.85,EX3,2728,1,1,1,0,1,181,2500.0
0.85,EX3,2729,0,0,0,0,0,181,2500.0
0.85,EX3,2730,1,0,0,0,0,182,2500.0
0.85,EX3,2731,1,0,0,0,0,182,2500.0
0.85,EX3,2732,3,1,1,0,0,182,2500.0
0.85,EX3,2733,1,0,0,0,0,182,2500.0
0.85,EX3,2734,1,0,0,0,0,182,2500.0
0.85,EX3,2735,1,0,0,0,0,182,2500.0
0.85,EX3,2736,1,0,0,0,0,182,2500.0
0.85,EX3,2737,2,0,0,0,0,182,2500.0
0.85,EX3,2738,1,0,0,0,0,182,2500.0
0.85,EX3,2739,1,0,0,0,0,182,2500.0
0.85,EX3,2740,2,1,1,0,0,182,2500.0
0.85,EX3,2741,5,0,0,0,0,182,2500.0
0.85,EX3,2742,0,0,0,0,0,182,2500.0
0.85,EX3,2743,2,0,0,0,0,182,2500.0
0.85,EX3,2744,1,0,0,0,0,182,2500.0
0.85,EX3,2880,2,1,1,0,1,192,2500.0
0.85,EX3,2881,2,0,0,0,0,192,2500.0
0.85,EX3,2882,1,0,0,0,0,192,2500.0
0.85,EX3,2883,1,0,0,0,0,192,2500.0
0.85,EX3,2884,1,0,0,0,0,192,2500.0
0.85,EX3,2885,1,0,0,0,0,192,2500.0
0.85,EX3,2886,0,0,0,0,0,192,2500.0
0.85,EX3,2887,0,0,0,0,0,192,2500.0
0.85,EX3,2888,3,0,0,0,0,192,2500.0
0.85,EX3,2889,1,0,0,0,0,192,2500.0
0.85,EX3,2890,2,0,0,0,0,192,2500.0
0.85,EX3,2891,5,0,0,0,0,192,2500.0
0.85,EX3,2892,1,0,0,0,0,192,2500.0
0.85,EX3,2893,1,0,0,0,0,192,2500.0
0.85,EX3,2894,1,0,0,0,0,192,2500.0
0.85,EX3,2985,3,0,0,0,0,199,2500.0
0.85,EX3,2986,1,0,0,0,0,199,2500.0
0.85,EX3,2987,3,1,1,0,1,199,2500.0
0.85,EX3,2988,1,0,0,0,0,199,2500.0
0.85,EX3,2989,1,0,0,0,0,199,2500.0
0.85,EX3,2990,0,0,0,0,0,199,2500.0
0.85,EX3,2991,0,0,0,0,0,199,2500.0
0.85,EX3,2992,2,0,0,0,0,199,2500.0
0.85,EX3,2993,1,0,0,0,0,199,2500.0
0.85,EX3,2994,1,0,0,0,0,199,2500.0
0.85,EX3,2995,1,0,0,0,0,199,2500.0
0.85,EX3,2996,1,0,0,0,0,199,2500.0
0.85,EX3,2997,1,1,1,0,0,199,2500.0
0.85,EX3,2998,4,0,0,0,0,199,2500.0
0.85,EX3,2999,3,1,1,0,1,199,2500.0
0.85,EX3,3060,0,0,0,0,0,204,2500.0
0.85,EX3,3061,1,1,1,0,1,204,2500.0
0.85,EX3,3062,2,0,0,0,0,204,2500.0
0.85,EX3,3063,2,1,1,0,0,204,2500.0
0.85,EX3,3064,3,0,0,0,0,204,2500.0
0.85,EX3,3065,1,0,0,0,0,204,2500.0
0.85,EX3,3066,2,0,0,0,0,204,2500.0
0.85,EX3,3067,3,1,1,0,0,204,2500.0
0.85,EX3,3068,2,0,0,0,0,204,2500.0
0.85,EX3,3069,1,0,0,0,0,204,2500.0
0.85,EX3,3070,2,0,0,0,0,204,2500.0
0.85,EX3,3071,0,0,0,0,0,204,2500.0
0.85,EX3,3072,3,0,0,0,0,204,2500.0
0.85,EX3,3073,1,0,0,0,0,204,2500.0
0.85,EX3,3074,3,1,1,0,0,204,2500.0
0.85,EX3,3135,0,0,0,0,0,209,2500.0
0.85,EX3,3136,3,0,0,0,0,209,2500.0
0.85,EX3,3137,0,0,0,0,0,209,2500.0
0.85,EX3,3138,2,0,0,0,0,209,2500.0
0.85,EX3,3139,4,1,1,0,1,209,2500.0
0.85,EX3,3140,5,1,1,0,1,209,2500.0
0.85,EX3,3141,3,0,0,0,0,209,2500.0
0.85,EX3,3142,1,0,0,0,0,209,2500.0
0.85,EX3,3143,0,0,0,0,0,209,2500.0
0.85,EX3,3144,2,0,0,0,0,209,2500.0
0.85,EX3,3145,2,1,1,0,1,209,2500.0
0.85,EX3,3146,0,0,0,0,0,209,2500.0
0.85,EX3,3147,3,0,0,0,0,209,2500.0
0.85,EX3,3148,3,0,0,0,0,209,2500.0
0.85,EX3,3149,0,0,0,0,0,209,2500.0
0.85,EX3,3150,2,0,0,0,0,210,2500.0
0.85,EX3,3151,2,0,0,0,0,210,2500.0
0.85,EX3,3152,0,0,0,0,0,210,2500.0
0.85,EX3,3153,4,0,0,0,0,210,2500.0
0.85,EX3,3154,0,0,0,0,0,210,2500.0
0.85,EX3,3155,0,0,0,0,0,210,2500.0
0.85,EX3,3156,1,0,0,0,0,210,2500.0
0.85,EX3,3157,2,0,0,0,0,210,2500.0
0.85,EX3,3158,1,0,0,0,0,210,2500.0
0.85,EX3,3159,0,0,0,0,0,210,2500.0
0.85,EX3,3160,5,0,0,0,0,210,2500.0
0.85,EX3,3161,0,0,0,0,0,210,2500.0
0.85,EX3,3162,2,1,1,0,0,210,2500.0
0.85,EX3,3163,5,0,0,0,0,210,2500.0
0.85,EX3,3164,1,0,0,0,0,210,2500.0
0.85,EX3,3165,4,0,0,0,0,211,2500.0
0.85,EX3,3166,0,0,0,0,0,211,2500.0
0.85,EX3,3167,2,0,0,0,0,211,2500.0
0.85,EX3,3168,1,0,0,0,0,211,2500.0
0.85,EX3,3169,4,1,1,0,1,211,2500.0
0.85,EX3,3170,4,0,0,0,0,211,2500.0
0.85,EX3,3171,3,0,0,0,0,211,2500.0
0.85,EX3,3172,4,1,1,0,1,211,2500.0
0.85,EX3,3173,0,0,0,0,0,211,2500.0
0.85,EX3,3174,2,1,1,0,0,211,2500.0
0.85,EX3,3175,0,0,0,0,0,211,2500.0
0.85,EX3,3176,0,0,0,0,0,211,2500.0
0.85,EX3,3177,2,0,0,0,0,211,2500.0
0.85,EX3,3178,3,0,0,0,0,211,2500.0
0.85,EX3,3179,0,0,0,0,0,211,2500.0
0.85,EX3,3195,0,0,0,0,0,213,2500.0
0.85,EX3,3196,2,0,0,0,0,213,2500.0
0.85,EX3,3197,1,0,0,0,0,213,2500.0
0.85,EX3,3198,2,0,0,0,0,213,2500.0
0.85,EX3,3199,4,0,0,0,0,213,2500.0
0.85,EX3,3200,2,0,0,0,0,213,2500.0
0.85,EX3,3201,1,0,0,0,0,213,2500.0
0.85,EX3,3202,1,1,1,0,1,213,2500.0
0.85,EX3,3203,1,0,0,0,0,213,2500.0
0.85,EX3,3204,1,0,0,0,0,213,2500.0
0.85,EX3,3205,3,0,0,0,0,213,2500.0
0.85,EX3,3206,2,0,0,0,0,213,2500.0
0.85,EX3,3207,1,0,0,0,0,213,2500.0
0.85,EX3,3208,2,0,0,0,0,213,2500.0
0.85,EX3,3209,1,0,0,0,0,213,2500.0
0.85,EX3,3270,2,0,0,0,0,218,2500.0
0.85,EX3,3271,4,1,1,0,1,218,2500.0
0.85,EX3,3272,1,0,0,0,0,218,2500.0
0.85,EX3,3273,2,0,0,0,0,218,2500.0
0.85,EX3,3274,6,0,0,0,0,218,2500.0
0.85,EX3,3275,1,0,0,0,0,218,2500.0
0.85,EX3,3276,6,0,0,0,0,218,2500.0
0.85,EX3,3277,0,0,0,0,0,218,2500.0
0.85,EX3,3278,3,1,1,0,0,218,2500.0
0.85,EX3,3279,1,0,0,0,0,218,2500.0
0.85,EX3,3280,4,1,1,0,0,218,2500.0
0.85,EX3,3281,0,0,0,0,0,218,2500.0
0.85,EX3,3282,0,0,0,0,0,218,2500.0
0.85,EX3,3283,1,0,0,0,0,218,2500.0
0.85,EX3,3284,0,0,0,0,0,218,2500.0
0.85,EX3,3300,2,0,0,0,0,220,2500.0
0.85,EX3,3301,0,0,0,0,0,220,2500.0
0.85,EX3,3302,0,0,0,0,0,220,2500.0
0.85,EX3,3303,3,1,1,0,0,220,2500.0
0.85,EX3,3304,0,0,0,0,0,220,2500.0
0.85,EX3,3305,0,0,0,0,0,220,2500.0
0.85,EX3,3306,1,0,0,0,0,220,2500.0
0.85,EX3,3307,2,0,0,0,0,220,2500.0
0.85,EX3,3308,4,1,1,0,0,220,2500.0
0.85,EX3,3309,0,0,0,0,0,220,2500.0
0.85,EX3,3310,1,0,0,0,0,220,2500.0
0.85,EX3,3311,3,0,0,0,0,220,2500.0
0.85,EX3,3312,1,0,0,0,0,220,2500.0
0.85,EX3,3313,0,0,0,0,0,220,2500.0
0.85,EX3,3314,0,0,0,0,0,220,2500.0
0.85,EX3,3405,3,0,0,0,0,227,2500.0
0.85,EX3,3406,2,0,0,0,0,227,2500.0
0.85,EX3,3407,0,0,0,0,0,227,2500.0
0.85,EX3,3408,0,0,0,0,0,227,2500.0
0.85,EX3,3409,1,0,0,0,0,227,2500.0
0.85,EX3,3410,2,0,0,0,0,227,2500.0
0.85,EX3,3411,1,0,0,0,0,227,2500.0
0.85,EX3,3412,2,0,0,0,0,227,2500.0
0.85,EX3,3413,1,0,0,0,0,227,2500.0
0.85,EX3,3414,2,0,0,0,0,227,2500.0
0.85,EX3,3415,2,0,0,0,0,227,2500.0
0.85,EX3,3416,2,0,0,0,0,227,2500.0
0.85,EX3,3417,3,0,0,0,0,227,2500.0
0.85,EX3,3418,1,0,0,0,0,227,2500.0
0.85,EX3,3419,2,0,0,0,0,227,2500.0
0.85,EX3,3525,2,0,0,0,0,235,2500.0
0.85,EX3,3526,1,0,0,0,0,235,2500.0
0.85,EX3,3527,3,1,1,0,0,235,2500.0
0.85,EX3,3528,2,0,0,0,0,235,2500.0
0.85,EX3,3529,2,0,0,0,0,235,2500.0
0.85,EX3,3530,1,0,0,0,0,235,2500.0
0.85,EX3,3531,2,0,0,0,0,235,2500.0
0.85,EX3,3532,1,0,0,0,0,235,2500.0
0.85,EX3,3533,1,0,0,0,0,235,2500.0
0.85,EX3,3534,0,0,0,0,0,235,2500.0
0.85,EX3,3535,1,0,0,0,0,235,2500.0
0.85,EX3,3536,3,1,1,0,1,235,2500.0
0.85,EX3,3537,1,0,0,0,0,235,2500.0
0.85,EX3,3538,3,1,1,0,0,235,2500.0
0.85,EX3,3539,2,0,0,0,0,235,2500.0
0.85,EX3,3660,3,0,0,0,0,244,2500.0
0.85,EX3,3661,9,2,2,0,1,244,2500.0
0.85,EX3,3662,2,0,0,0,0,244,2500.0
0.85,EX3,3663,1,1,1,0,0,244,2500.0
0.85,EX3,3664,1,0,0,0,0,244,2500.0
0.85,EX3,3665,1,0,0,0,0,244,2500.0
0.85,EX3,3666,1,0,0,0,0,244,2500.0
0.85,EX3,3667,0,0,0,0,0,244,2500.0
0.85,EX3,3668,3,0,0,0,0,244,2500.0
0.85,EX3,3669,2,0,0,0,0,244,2500.0
0.85,EX3,3670,2,0,0,0,0,244,2500.0
0.85,EX3,3671,0,0,0,0,0,244,2500.0
0.85,EX3,3672,1,0,0,0,0,244,2500.0
0.85,EX3,3673,2,0,0,0,0,244,2500.0
0.85,EX3,3674,0,0,0,0,0,244,2500.0
0.85,EX3,3735,2,0,0,0,0,249,2500.0
0.85,EX3,3736,2,0,0,0,0,249,2500.0
0.85,EX3,3737,0,0,0,0,0,249,2500.0
0.85,EX3,3738,3,1,1,0,1,249,2500.0
0.85,EX3,3739,4,0,0,0,0,249,2500.0
0.85,EX3,3740,3,0,0,0,0,249,2500.0
0.85,EX3,3741,4,0,0,0,0,249,2500.0
0.85,EX3,3742,1,0,0,0,0,249,2500.0
0.85,EX3,3743,1,0,0,0,0,249,2500.0
0.85,EX3,3744,1,0,0,0,0,249,2500.0
0.85,EX3,3745,3,1,1,0,1,249,2500.0
0.85,EX3,3746,2,1,1,0,0,249,2500.0
0.85,EX3,3747,0,0,0,0,0,249,2500.0
0.85,EX3,3748,0,0,0,0,0,249,2500.0
0.85,EX3,3749,2,0,0,0,0,249,2500.0
0.85,EX3,3750,4,0,0,0,0,250,2500.0
0.85,EX3,3751,2,0,0,0,0,250,2500.0
0.85,EX3,3752,1,0,0,0,0,250,2500.0
0.85,EX3,3753,2,1,1,0,1,250,2500.0
0.85,EX3,3754,0,0,0,0,0,250,2500.0
0.85,EX3,3755,1,0,0,0,0,250,2500.0
0.85,EX3,3756,1,0,0,0,0,250,2500.0
0.85,EX3,3757,4,0,0,0,0,250,2500.0
0.85,EX3,3758,2,1,1,0,1,250,2500.0
0.85,EX3,3759,1,0,0,0,0,250,2500.0
0.85,EX3,3760,3,0,0,0,0,250,2500.0
0.85,EX3,3761,1,0,0,0,0,250,2500.0
0.85,EX3,3762,1,0,0,0,0,250,2500.0
0.85,EX3,3763,3,0,0,0,0,250,2500.0
0.85,EX3,3764,1,0,0,0,0,250,2500.0
0.85,EX3,3840,0,0,0,0,0,256,2500.0
0.85,EX3,3841,1,0,0,0,0,256,2500.0
0.85,EX3,3842,0,0,0,0,0,256,2500.0
0.85,EX3,3843,2,0,0,0,0,256,2500.0
0.85,EX3,3844,2,1,1,0,0,256,2500.0
0.85,EX3,3845,1,0,0,0,0,256,2500.0
0.85,EX3,3846,2,1,1,0,0,256,2500.0
0.85,EX3,3847,2,0,0,0,0,256,2500.0
0.85,EX3,3848,1,0,0,0,0,256,2500.0
0.85,EX3,3849,1,0,0,0,0,256,2500.0
0.85,EX3,3850,5,0,0,0,0,256,2500.0
0.85,EX3,3851,0,0,0,0,0,256,2500.0
0.85,EX3,3852,1,0,0,0,0,256,2500.0
0.85,EX3,3853,0,0,0,0,0,256,2500.0
0.85,EX3,3854,3,0,0,0,0,256,2500.0
0.85,EX3,3900,0,0,0,0,0,260,2500.0
0.85,EX3,3901,1,0,0,0,0,260,2500.0
0.85,EX3,3902,3,0,0,0,0,260,2500.0
0.85,EX3,3903,2,1,1,0,1,260,2500.0
0.85,EX3,3904,0,0,0,0,0,260,2500.0
0.85,EX3,3905,2,0,0,0,0,260,2500.0
0.85,EX3,3906,1,0,0,0,0,260,2500.0
0.85,EX3,3907,1,0,0,0,0,260,2500.0
0.85,EX3,3908,3,0,0,0,0,260,2500.0
0.85,EX3,3909,0,0,0,0,0,260,2500.0
0.85,EX3,3910,0,0,0,0,0,260,2500.0
0.85,EX3,3911,3,0,0,0,0,260,2500.0
0.85,EX3,3912,1,0,0,0,0,260,2500.0
0.85,EX3,3913,4,0,0,0,0,260,2500.0
0.85,EX3,3914,4,1,1,0,0,260,2500.0
0.85,EX3,4065,2,2,2,0,2,271,2500.0
0.85,EX3,4066,3,0,0,0,0,271,2500.0
0.85,EX3,4067,1,0,0,0,0,271,2500.0
0.85,EX3,4068,2,0,0,0,0,271,2500.0
0.85,EX3,4069,5,2,2,0,1,271,2500.0
0.85,EX3,4070,2,1,1,0,0,271,2500.0
0.85,EX3,4071,0,0,0,0,0,271,2500.0
0.85,EX3,4072,4,0,0,0,0,271,2500.0
0.85,EX3,4073,1,0,0,0,0,271,2500.0
0.85,EX3,4074,4,2,2,0,1,271,2500.0
0.85,EX3,4075,0,0,0,0,0,271,2500.0
0.85,EX3,4076,0,0,0,0,0,271,2500.0
0.85,EX3,4077,1,0,0,0,0,271,2500.0
0.85,EX3,4078,1,0,0,0,0,271,2500.0
0.85,EX3,4079,1,0,0,0,0,271,2500.0
0.85,EX3,4215,2,0,0,0,0,281,2500.0
0.85,EX3,4216,3,0,0,0,0,281,2500.0
0.85,EX3,4217,2,0,0,0,0,281,2500.0
0.85,EX3,4218,4,1,1,0,0,281,2500.0
0.85,EX3,4219,1,0,0,0,0,281,2500.0
0.85,EX3,4220,5,4,4,0,3,281,2500.0
0.85,EX3,4221,0,0,0,0,0,281,2500.0
0.85,EX3,4222,2,0,0,0,0,281,2500.0
0.85,EX3,4223,1,0,0,0,0,281,2500.0
0.85,EX3,4224,2,1,1,0,1,281,2500.0
0.85,EX3,4225,1,0,0,0,0,281,2500.0
0.85,EX3,4226,2,0,0,0,0,281,2500.0
0.85,EX3,4227,3,0,0,0,0,281,2500.0
0.85,EX3,4228,4,0,0,0,0,281,2500.0
0.85,EX3,4229,0,0,0,0,0,281,2500.0
0.85,EX3,4260,1,0,0,0,0,284,2500.0
0.85,EX3,4261,1,0,0,0,0,284,2500.0
0.85,EX3,4262,3,0,0,0,0,284,2500.0
0.85,EX3,4263,1,1,1,0,1,284,2500.0
0.85,EX3,4264,3,0,0,0,0,284,2500.0
0.85,EX3,4265,4,0,0,0,0,284,2500.0
0.85,EX3,4266,1,0,0,0,0,284,2500.0
0.85,EX3,4267,0,0,0,0,0,284,2500.0
0.85,EX3,4268,0,0,0,0,0,284,2500.0
0.85,EX3,4269,2,0,0,0,0,284,2500.0
0.85,EX3,4270,1,0,0,0,0,284,2500.0
0.85,EX3,4271,1,0,0,0,0,284,2500.0
0.85,EX3,4272,4,0,0,0,0,284,2500.0
0.85,EX3,4273,3,0,0,0,0,284,2500.0
0.85,EX3,4274,1,0,0,0,0,284,2500.0
0.85,EX3,4290,1,0,0,0,0,286,2500.0
0.85,EX3,4291,3,0,0,0,0,286,2500.0
0.85,EX3,4292,1,0,0,0,0,286,2500.0
0.85,EX3,4293,0,0,0,0,0,286,2500.0
0.85,EX3,4294,0,0,0,0,0,286,2500.0
0.85,EX3,4295,1,0,0,0,0,286,2500.0
0.85,EX3,4296,1,0,0,0,0,286,2500.0
0.85,EX3,4297,3,0,0,0,0,286,2500.0
0.85,EX3,4298,6,1,1,0,1,286,2500.0
0.85,EX3,4299,1,0,0,0,0,286,2500.0
0.85,EX3,4300,4,0,0,0,0,286,2500.0
0.85,EX3,4301,1,0,0,0,0,286,2500.0
0.85,EX3,4302,2,1,1,0,0,286,2500.0
0.85,EX3,4303,0,0,0,0,0,286,2500.0
0.85,EX3,4304,2,0,0,0,0,286,2500.0
0.85,EX3,4365,3,0,0,0,0,291,2500.0
0.85,EX3,4366,1,0,0,0,0,291,2500.0
0.85,EX3,4367,1,0,0,0,0,291,2500.0
0.85,EX3,4368,0,0,0,0,0,291,2500.0
0.85,EX3,4369,0,0,0,0,0,291,2500.0
0.85,EX3,4370,2,0,0,0,0,291,2500.0
0.85,EX3,4371,0,0,0,0,0,291,2500.0
0.85,EX3,4372,3,0,0,0,0,291,2500.0
0.85,EX3,4373,1,0,0,0,0,291,2500.0
0.85,EX3,4374,3,0,0,0,0,291,2500.0
0.85,EX3,4375,2,0,0,0,0,291,2500.0
0.85,EX3,4376,2,0,0,0,0,291,2500.0
0.85,EX3,4377,1,0,0,0,0,291,2500.0
0.85,EX3,4378,1,0,0,0,0,291,2500.0
0.85,EX3,4379,3,1,1,0,1,291,2500.0
0.85,EX3,4380,0,0,0,0,0,292,2500.0
0.85,EX3,4381,0,0,0,0,0,292,2500.0
0.85,EX3,4382,0,0,0,0,0,292,2500.0
0.85,EX3,4383,4,0,0,0,0,292,2500.0
0.85,EX3,4384,0,0,0,0,0,292,2500.0
0.85,EX3,4385,3,1,1,0,1,292,2500.0
0.85,EX3,4386,0,0,0,0,0,292,2500.0
0.85,EX3,4387,3,1,1,0,1,292,2500.0
0.85,EX3,4388,1,0,0,0,0,292,2500.0
0.85,EX3,4389,3,0,0,0,0,292,2500.0
0.85,EX3,4390,0,0,0,0,0,292,2500.0
0.85,EX3,4391,2,0,0,0,0,292,2500.0
0.85,EX3,4392,2,0,0,0,0,292,2500.0
0.85,EX3,4393,5,0,0,0,0,292,2500.0
0.85,EX3,4394,2,0,0,0,0,292,2500.0
0.85,EX3,4440,0,0,0,0,0,296,2500.0
0.85,EX3,4441,0,0,0,0,0,296,2500.0
0.85,EX3,4442,3,1,1,0,1,296,2500.0
0.85,EX3,4443,1,0,0,0,0,296,2500.0
0.85,EX3,4444,1,0,0,0,0,296,2500.0
0.85,EX3,4445,1,0,0,0,0,296,2500.0
0.85,EX3,4446,3,1,1,0,0,296,2500.0
0.85,EX3,4447,1,0,0,0,0,296,2500.0
0.85,EX3,4448,1,1,1,0,1,296,2500.0
0.85,EX3,4449,1,0,0,0,0,296,2500.0
0.85,EX3,4450,2,0,0,0,0,296,2500.0
0.85,EX3,4451,4,0,0,0,0,296,2500.0
0.85,EX3,4452,1,0,0,0,0,296,2500.0
0.85,EX3,4453,0,0,0,0,0,296,2500.0
0.85,EX3,4454,1,0,0,0,0,296,2500.0
0.85,EX3,4530,0,0,0,0,0,302,2500.0
0.85,EX3,4531,4,1,1,0,0,302,2500.0
0.85,EX3,4532,0,0,0,0,0,302,2500.0
0.85,EX3,4533,2,0,0,0,0,302,2500.0
0.85,EX3,4534,6,0,0,0,0,302,2500.0
0.85,EX3,4535,4,0,0,0,0,302,2500.0
0.85,EX3,4536,1,0,0,0,0,302,2500.0
0.85,EX3,4537,2,0,0,0,0,302,2500.0
0.85,EX3,4538,1,0,0,0,0,302,2500.0
0.85,EX3,4539,2,0,0,0,0,302,2500.0
0.85,EX3,4540,5,0,0,0,0,302,2500.0
0.85,EX3,4541,2,0,0,0,0,302,2500.0
0.85,EX3,4542,3,0,0,0,0,302,2500.0
0.85,EX3,4543,0,0,0,0,0,302,2500.0
0.85,EX3,4544,4,1,1,0,1,302,2500.0
0.85,EX3,4560,2,0,0,0,0,304,2500.0
0.85,EX3,4561,3,1,1,0,0,304,2500.0
0.85,EX3,4562,1,0,0,0,0,304,2500.0
0.85,EX3,4563,3,2,2,0,2,304,2500.0
0.85,EX3,4564,1,0,0,0,0,304,2500.0
0.85,EX3,4565,1,0,0,0,0,304,2500.0
0.85,EX3,4566,2,0,0,0,0,304,2500.0
0.85,EX3,4567,1,0,0,0,0,304,2500.0
0.85,EX3,4568,2,0,0,0,0,304,2500.0
0.85,EX3,4569,2,0,0,0,0,304,2500.0
0.85,EX3,4570,1,0,0,0,0,304,2500.0
0.85,EX3,4571,1,0,0,0,0,304,2500.0
0.85,EX3,4572,2,0,0,0,0,304,2500.0
0.85,EX3,4573,3,0,0,0,0,304,2500.0
0.85,EX3,4574,2,0,0,0,0,304,2500.0
0.85,EX3,4650,1,0,0,0,0,310,2500.0
0.85,EX3,4651,0,0,0,0,0,310,2500.0
0.85,EX3,4652,1,0,0,0,0,310,2500.0
0.85,EX3,4653,0,0,0,0,0,310,2500.0
0.85,EX3,4654,2,0,0,0,0,310,2500.0
0.85,EX3,4655,3,0,0,0,0,310,2500.0
0.85,EX3,4656,1,0,0,0,0,310,2500.0
0.85,EX3,4657,1,0,0,0,0,310,2500.0
0.85,EX3,4658,1,0,0,0,0,310,2500.0
0.85,EX3,4659,1,0,0,0,0,310,2500.0
0.85,EX3,4660,1,0,0,0,0,310,2500.0
0.85,EX3,4661,3,0,0,0,0,310,2500.0
0.85,EX3,4662,3,0,0,0,0,310,2500.0
0.85,EX3,4663,0,0,0,0,0,310,2500.0
0.85,EX3,4664,0,0,0,0,0,310,2500.0
0.85,EX3,4710,1,0,0,0,0,314,2500.0
0.85,EX3,4711,1,0,0,0,0,314,2500.0
0.85,EX3,4712,3,0,0,0,0,314,2500.0
0.85,EX3,4713,0,0,0,0,0,314,2500.0
0.85,EX3,4714,1,0,0,0,0,314,2500.0
0.85,EX3,4715,0,0,0,0,0,314,2500.0
0.85,EX3,4716,3,1,1,0,1,314,2500.0
0.85,EX3,4717,0,0,0,0,0,314,2500.0
0.85,EX3,4718,1,0,0,0,0,314,2500.0
0.85,EX3,4719,2,0,0,0,0,314,2500.0
0.85,EX3,4720,0,0,0,0,0,314,2500.0
0.85,EX3,4721,3,0,0,0,0,314,2500.0
0.85,EX3,4722,4,1,1,0,1,314,2500.0
0.85,EX3,4723,1,1,1,0,1,314,2500.0
0.85,EX3,4724,4,1,0,1,0,314,2500.0
0.85,EX3,4770,1,0,0,0,0,318,2500.0
0.85,EX3,4771,0,0,0,0,0,318,2500.0
0.85,EX3,4772,0,0,0,0,0,318,2500.0
0.85,EX3,4773,0,0,0,0,0,318,2500.0
0.85,EX3,4774,0,0,0,0,0,318,2500.0
0.85,EX3,4775,0,0,0,0,0,318,2500.0
0.85,EX3,4776,2,0,0,0,0,318,2500.0
0.85,EX3,4777,3,0,0,0,0,318,2500.0
0.85,EX3,4778,1,0,0,0,0,318,2500.0
0.85,EX3,4779,2,0,0,0,0,318,2500.0
0.85,EX3,4780,3,1,1,0,1,318,2500.0
0.85,EX3,4781,0,0,0,0,0,318,2500.0
0.85,EX3,4782,3,2,2,0,0,318,2500.0
0.85,EX3,4783,1,0,0,0,0,318,2500.0
0.85,EX3,4784,1,0,0,0,0,318,2500.0
0.85,EX3,4935,0,0,0,0,0,329,2500.0
0.85,EX3,4936,4,0,0,0,0,329,2500.0
0.85,EX3,4937,2,1,1,0,1,329,2500.0
0.85,EX3,4938,5,1,1,0,0,329,2500.0
0.85,EX3,4939,2,0,0,0,0,329,2500.0
0.85,EX3,4940,2,0,0,0,0,329,2500.0
0.85,EX3,4941,1,0,0,0,0,329,2500.0
0.85,EX3,4942,1,0,0,0,0,329,2500.0
0.85,EX3,4943,0,0,0,0,0,329,2500.0
0.85,EX3,4944,3,0,0,0,0,329,2500.0
0.85,EX3,4945,1,0,0,0,0,329,2500.0
0.85,EX3,4946,2,0,0,0,0,329,2500.0
0.85,EX3,4947,4,3,3,0,1,329,2500.0
0.85,EX3,4948,1,0,0,0,0,329,2500.0
0.85,EX3,4949,2,2,2,0,0,329,2500.0
0.85,EX3,4995,0,0,0,0,0,333,2500.0
0.85,EX3,4996,2,0,0,0,0,333,2500.0
0.85,EX3,4997,0,0,0,0,0,333,2500.0
0.85,EX3,4998,0,0,0,0,0,333,2500.0
0.85,EX3,4999,6,0,0,0,0,333,2500.0
0.85,EX3,5000,3,1,1,0,0,333,2500.0
0.85,EX3,5001,2,0,0,0,0,333,2500.0
0.85,EX3,5002,4,2,2,0,1,333,2500.0
0.85,EX3,5003,0,0,0,0,0,333,2500.0
0.85,EX3,5004,3,0,0,0,0,333,2500.0
0.85,EX3,5005,1,0,0,0,0,333,2500.0
0.85,EX3,5006,2,0,0,0,0,333,2500.0
0.85,EX3,5007,1,0,0,0,0,333,2500.0
0.85,EX3,5008,1,0,0,0,0,333,2500.0
0.85,EX3,5009,2,0,0,0,0,333,2500.0
0.85,EX3,5070,2,1,1,0,0,338,2500.0
0.85,EX3,5071,2,0,0,0,0,338,2500.0
0.85,EX3,5072,1,0,0,0,0,338,2500.0
0.85,EX3,5073,2,1,1,0,1,338,2500.0
0.85,EX3,5074,1,0,0,0,0,338,2500.0
0.85,EX3,5075,0,0,0,0,0,338,2500.0
0.85,EX3,5076,1,0,0,0,0,338,2500.0
0.85,EX3,5077,3,0,0,0,0,338,2500.0
0.85,EX3,5078,1,0,0,0,0,338,2500.0
0.85,EX3,5079,2,0,0,0,0,338,2500.0
0.85,EX3,5080,2,0,0,0,0,338,2500.0
0.85,EX3,5081,2,0,0,0,0,338,2500.0
0.85,EX3,5082,4,0,0,0,0,338,2500.0
0.85,EX3,5083,2,1,1,0,1,338,2500.0
0.85,EX3,5084,0,0,0,0,0,338,2500.0
0.85,EX3,5115,0,0,0,0,0,341,2500.0
0.85,EX3,5116,4,1,1,0,1,341,2500.0
0.85,EX3,5117,2,0,0,0,0,341,2500.0
0.85,EX3,5118,1,0,0,0,0,341,2500.0
0.85,EX3,5119,1,0,0,0,0,341,2500.0
0.85,EX3,5120,1,0,0,0,0,341,2500.0
0.85,EX3,5121,3,0,0,0,0,341,2500.0
0.85,EX3,5122,0,0,0,0,0,341,2500.0
0.85,EX3,5123,4,1,1,0,1,341,2500.0
0.85,EX3,5124,2,0,0,0,0,341,2500.0
0.85,EX3,5125,3,0,0,0,0,341,2500.0
0.85,EX3,5126,3,0,0,0,0,341,2500.0
0.85,EX3,5127,1,0,0,0,0,341,2500.0
0.85,EX3,5128,2,0,0,0,0,341,2500.0
0.85,EX3,5129,2,0,0,0,0,341,2500.0
0.85,EX3,5295,3,0,0,0,0,353,2500.0
0.85,EX3,5296,1,0,0,0,0,353,2500.0
0.85,EX3,5297,1,0,0,0,0,353,2500.0
0.85,EX3,5298,4,0,0,0,0,353,2500.0
0.85,EX3,5299,2,0,0,0,0,353,2500.0
0.85,EX3,5300,6,0,0,0,0,353,2500.0
0.85,EX3,5301,1,0,0,0,0,353,2500.0
0.85,EX3,5302,4,0,0,0,0,353,2500.0
0.85,EX3,5303,0,0,0,0,0,353,2500.0
0.85,EX3,5304,1,0,0,0,0,353,2500.0
0.85,EX3,5305,2,0,0,0,0,353,2500.0
0.85,EX3,5306,2,0,0,0,0,353,2500.0
0.85,EX3,5307,2,0,0,0,0,353,2500.0
0.85,EX3,5308,6,0,0,0,0,353,2500.0
0.85,EX3,5309,2,0,0,0,0,353,2500.0
0.85,EX3,5400,5,0,0,0,0,360,2500.0
0.85,EX3,5401,2,0,0,0,0,360,2500.0
0.85,EX3,5402,0,0,0,0,0,360,2500.0
0.85,EX3,5403,3,1,1,0,1,360,2500.0
0.85,EX3,5404,1,1,1,0,1,360,2500.0
0.85,EX3,5405,0,0,0,0,0,360,2500.0
0.85,EX3,5406,0,0,0,0,0,360,2500.0
0.85,EX3,5407,1,0,0,0,0,360,2500.0
0.85,EX3,5408,0,0,0,0,0,360,2500.0
0.85,EX3,5409,2,0,0,0,0,360,2500.0
0.85,EX3,5410,2,0,0,0,0,360,2500.0
0.85,EX3,5411,2,0,0,0,0,360,2500.0
0.85,EX3,5412,2,0,0,0,0,360,2500.0
0.85,EX3,5413,1,0,0,0,0,360,2500.0
0.85,EX3,5414,2,0,0,0,0,360,2500.0
0.85,EX3,5415,1,0,0,0,0,361,2500.0
0.85,EX3,5416,1,0,0,0,0,361,2500.0
0.85,EX3,5417,2,0,0,0,0,361,2500.0
0.85,EX3,5418,0,0,0,0,0,361,2500.0
0.85,EX3,5419,0,0,0,0,0,361,2500.0
0.85,EX3,5420,4,1,1,0,0,361,2500.0
0.85,EX3,5421,2,0,0,0,0,361,2500.0
0.85,EX3,5422,2,1,1,0,1,361,2500.0
0.85,EX3,5423,2,0,0,0,0,361,2500.0
0.85,EX3,5424,1,0,0,0,0,361,2500.0
0.85,EX3,5425,2,0,0,0,0,361,2500.0
0.85,EX3,5426,2,0,0,0,0,361,2500.0
0.85,EX3,5427,1,1,1,0,0,361,2500.0
0.85,EX3,5428,2,0,0,0,0,361,2500.0
0.85,EX3,5429,0,0,0,0,0,361,2500.0
0.85,EX3,5535,1,0,0,0,0,369,2500.0
0.85,EX3,5536,3,0,0,0,0,369,2500.0
0.85,EX3,5537,4,0,0,0,0,369,2500.0
0.85,EX3,5538,0,0,0,0,0,369,2500.0
0.85,EX3,5539,3,0,0,0,0,369,2500.0
0.85,EX3,5540,3,0,0,0,0,369,2500.0
0.85,EX3,5541,0,0,0,0,0,369,2500.0
0.85,EX3,5542,1,1,1,0,1,369,2500.0
0.85,EX3,5543,3,0,0,0,0,369,2500.0
0.85,EX3,5544,1,0,0,0,0,369,2500.0
0.85,EX3,5545,1,0,0,0,0,369,2500.0
0.85,EX3,5546,1,0,0,0,0,369,2500.0
0.85,EX3,5547,1,0,0,0,0,369,2500.0
0.85,EX3,5548,0,0,0,0,0,369,2500.0
0.85,EX3,5549,1,0,0,0,0,369,2500.0
0.85,EX3,5820,0,0,0,0,0,388,2500.0
0.85,EX3,5821,3,0,0,0,0,388,2500.0
0.85,EX3,5822,2,1,1,0,1,388,2500.0
0.85,EX3,5823,2,1,1,0,0,388,2500.0
0.85,EX3,5824,3,1,1,0,1,388,2500.0
0.85,EX3,5825,1,0,0,0,0,388,2500.0
0.85,EX3,5826,2,0,0,0,0,388,2500.0
0.85,EX3,5827,2,0,0,0,0,388,2500.0
0.85,EX3,5828,1,0,0,0,0,388,2500.0
0.85,EX3,5829,1,0,0,0,0,388,2500.0
0.85,EX3,5830,0,0,0,0,0,388,2500.0
0.85,EX3,5831,5,2,2,0,0,388,2500.0
0.85,EX3,5832,6,2,2,0,1,388,2500.0
0.85,EX3,5833,3,0,0,0,0,388,2500.0
0.85,EX3,5834,2,0,0,0,0,388,2500.0
0.85,EX3,5850,1,1,1,0,1,390,2500.0
0.85,EX3,5851,1,0,0,0,0,390,2500.0
0.85,EX3,5852,2,1,1,0,1,390,2500.0
0.85,EX3,5853,0,0,0,0,0,390,2500.0
0.85,EX3,5854,2,1,1,0,0,390,2500.0
0.85,EX3,5855,2,0,0,0,0,390,2500.0
0.85,EX3,5856,2,0,0,0,0,390,2500.0
0.85,EX3,5857,3,1,0,1,0,390,2500.0
0.85,EX3,5858,0,0,0,0,0,390,2500.0
0.85,EX3,5859,1,0,0,0,0,390,2500.0
0.85,EX3,5860,1,0,0,0,0,390,2500.0
0.85,EX3,5861,1,0,0,0,0,390,2500.0
0.85,EX3,5862,0,0,0,0,0,390,2500.0
0.85,EX3,5863,1,0,0,0,0,390,2500.0
0.85,EX3,5864,1,0,0,0,0,390,2500.0
0.85,EX3,5895,5,1,1,0,0,393,2500.0
0.85,EX3,5896,0,0,0,0,0,393,2500.0
0.85,EX3,5897,0,0,0,0,0,393,2500.0
0.85,EX3,5898,2,1,1,0,1,393,2500.0
0.85,EX3,5899,2,0,0,0,0,393,2500.0
0.85,EX3,5900,3,0,0,0,0,393,2500.0
0.85,EX3,5901,4,1,1,0,1,393,2500.0
0.85,EX3,5902,1,0,0,0,0,393,2500.0
0.85,EX3,5903,2,0,0,0,0,393,2500.0
0.85,EX3,5904,4,1,1,0,1,393,2500.0
0.85,EX3,5905,3,0,0,0,0,393,2500.0
0.85,EX3,5906,1,0,0,0,0,393,2500.0
0.85,EX3,5907,3,0,0,0,0,393,2500.0
0.85,EX3,5908,1,0,0,0,0,393,2500.0
0.85,EX3,5909,1,0,0,0,0,393,2500.0
0.85,EX3,5985,1,0,0,0,0,399,2500.0
0.85,EX3,5986,0,0,0,0,0,399,2500.0
0.85,EX3,5987,1,0,0,0,0,399,2500.0
0.85,EX3,5988,2,0,0,0,0,399,2500.0
0.85,EX3,5989,4,0,0,0,0,399,2500.0
0.85,EX3,5990,2,0,0,0,0,399,2500.0
0.85,EX3,5991,0,0,0,0,0,399,2500.0
0.85,EX3,5992,1,0,0,0,0,399,2500.0
0.85,EX3,5993,3,0,0,0,0,399,2500.0
0.85,EX3,5994,0,0,0,0,0,399,2500.0
0.85,EX3,5995,3,1,1,0,1,399,2500.0
0.85,EX3,5996,2,0,0,0,0,399,2500.0
0.85,EX3,5997,3,0,0,0,0,399,2500.0
0.85,EX3,5998,1,0,0,0,0,399,2500.0
0.85,EX3,5999,1,0,0,0,0,399,2500.0
0.85,EX3,6165,1,0,0,0,0,411,2500.0
0.85,EX3,6166,1,0,0,0,0,411,2500.0
0.85,EX3,6167,2,0,0,0,0,411,2500.0
0.85,EX3,6168,5,1,1,0,0,411,2500.0
0.85,EX3,6169,0,0,0,0,0,411,2500.0
0.85,EX3,6170,1,0,0,0,0,411,2500.0
0.85,EX3,6171,0,0,0,0,0,411,2500.0
0.85,EX3,6172,1,0,0,0,0,411,2500.0
0.85,EX3,6173,4,0,0,0,0,411,2500.0
0.85,EX3,6174,3,1,1,0,1,411,2500.0
0.85,EX3,6175,1,1,1,0,1,411,2500.0
0.85,EX3,6176,3,0,0,0,0,411,2500.0
0.85,EX3,6177,2,0,0,0,0,411,2500.0
0.85,EX3,6178,1,1,1,0,1,411,2500.0
0.85,EX3,6179,2,1,1,0,1,411,2500.0
0.85,EX3,6255,0,0,0,0,0,417,2500.0
0.85,EX3,6256,2,1,1,0,1,417,2500.0
0.85,EX3,6257,0,0,0,0,0,417,2500.0
0.85,EX3,6258,2,0,0,0,0,417,2500.0
0.85,EX3,6259,0,0,0,0,0,417,2500.0
0.85,EX3,6260,1,0,0,0,0,417,2500.0
0.85,EX3,6261,0,0,0,0,0,417,2500.0
0.85,EX3,6262,2,0,0,0,0,417,2500.0
0.85,EX3,6263,2,1,1,0,0,417,2500.0
0.85,EX3,6264,5,0,0,0,0,417,2500.0
0.85,EX3,6265,1,0,0,0,0,417,2500.0
0.85,EX3,6266,0,0,0,0,0,417,2500.0
0.85,EX3,6267,1,0,0,0,0,417,2500.0
0.85,EX3,6268,2,0,0,0,0,417,2500.0
0.85,EX3,6269,2,0,0,0,0,417,2500.0
0.85,EX3,6540,1,0,0,0,0,436,2500.0
0.85,EX3,6541,1,0,0,0,0,436,2500.0
0.85,EX3,6542,0,0,0,0,0,436,2500.0
0.85,EX3,6543,0,0,0,0,0,436,2500.0
0.85,EX3,6544,0,0,0,0,0,436,2500.0
0.85,EX3,6545,2,1,1,0,0,436,2500.0
0.85,EX3,6546,2,0,0,0,0,436,2500.0
0.85,EX3,6547,0,0,0,0,0,436,2500.0
0.85,EX3,6548,1,0,0,0,0,436,2500.0
0.85,EX3,6549,2,1,1,0,0,436,2500.0
0.85,EX3,6550,3,1,1,0,0,436,2500.0
0.85,EX3,6551,1,1,1,0,1,436,2500.0
0.85,EX3,6552,3,0,0,0,0,436,2500.0
0.85,EX3,6553,2,0,0,0,0,436,2500.0
0.85,EX3,6554,1,0,0,0,0,436,2500.0
0.85,EX3,6645,1,0,0,0,0,443,2500.0
0.85,EX3,6646,0,0,0,0,0,443,2500.0
0.85,EX3,6647,1,0,0,0,0,443,2500.0
0.85,EX3,6648,3,0,0,0,0,443,2500.0
0.85,EX3,6649,3,0,0,0,0,443,2500.0
0.85,EX3,6650,4,0,0,0,0,443,2500.0
0.85,EX3,6651,3,0,0,0,0,443,2500.0
0.85,EX3,6652,1,1,1,0,1,443,2500.0
0.85,EX3,6653,5,0,0,0,0,443,2500.0
0.85,EX3,6654,3,0,0,0,0,443,2500.0
0.85,EX3,6655,5,0,0,0,0,443,2500.0
0.85,EX3,6656,0,0,0,0,0,443,2500.0
0.85,EX3,6657,0,0,0,0,0,443,2500.0
0.85,EX3,6658,2,0,0,0,0,443,2500.0
0.85,EX3,6659,2,0,0,0,0,443,2500.0
0.85,EX3,6690,3,0,0,0,0,446,2500.0
0.85,EX3,6691,1,0,0,0,0,446,2500.0
0.85,EX3,6692,2,0,0,0,0,446,2500.0
0.85,EX3,6693,1,1,1,0,0,446,2500.0
0.85,EX3,6694,0,0,0,0,0,446,2500.0
0.85,EX3,6695,1,0,0,0,0,446,2500.0
0.85,EX3,6696,2,1,1,0,0,446,2500.0
0.85,EX3,6697,2,0,0,0,0,446,2500.0
0.85,EX3,6698,1,0,0,0,0,446,2500.0
0.85,EX3,6699,0,0,0,0,0,446,2500.0
0.85,EX3,6700,1,0,0,0,0,446,2500.0
0.85,EX3,6701,0,0,0,0,0,446,2500.0
0.85,EX3,6702,1,0,0,0,0,446,2500.0
0.85,EX3,6703,1,0,0,0,0,446,2500.0
0.85,EX3,6704,1,0,0,0,0,446,2500.0
0.85,EX3,6705,0,0,0,0,0,447,2500.0
0.85,EX3,6706,1,0,0,0,0,447,2500.0
0.85,EX3,6707,1,0,0,0,0,447,2500.0
0.85,EX3,6708,5,0,0,0,0,447,2500.0
0.85,EX3,6709,0,0,0,0,0,447,2500.0
0.85,EX3,6710,1,0,0,0,0,447,2500.0
0.85,EX3,6711,4,0,0,0,0,447,2500.0
0.85,EX3,6712,2,1,1,0,0,447,2500.0
0.85,EX3,6713,2,0,0,0,0,447,2500.0
0.85,EX3,6714,4,3,3,0,2,447,2500.0
0.85,EX3,6715,0,0,0,0,0,447,2500.0
0.85,EX3,6716,1,0,0,0,0,447,2500.0
0.85,EX3,6717,1,1,1,0,1,447,2500.0
0.85,EX3,6718,2,0,0,0,0,447,2500.0
0.85,EX3,6719,2,0,0,0,0,447,2500.0
0.85,EX3,6720,2,0,0,0,0,448,2500.0
0.85,EX3,6721,0,0,0,0,0,448,2500.0
0.85,EX3,6722,3,0,0,0,0,448,2500.0
0.85,EX3,6723,1,0,0,0,0,448,2500.0
0.85,EX3,6724,1,0,0,0,0,448,2500.0
0.85,EX3,6725,0,0,0,0,0,448,2500.0
0.85,EX3,6726,1,0,0,0,0,448,2500.0
0.85,EX3,6727,2,0,0,0,0,448,2500.0
0.85,EX3,6728,0,0,0,0,0,448,2500.0
0.85,EX3,6729,1,0,0,0,0,448,2500.0
0.85,EX3,6730,0,0,0,0,0,448,2500.0
0.85,EX3,6731,0,0,0,0,0,448,2500.0
0.85,EX3,6732,1,0,0,0,0,448,2500.0
0.85,EX3,6733,1,0,0,0,0,448,2500.0
0.85,EX3,6734,1,0,0,0,0,448,2500.0
0.85,EX3,6930,1,1,1,0,0,462,2500.0
0.85,EX3,6931,2,1,1,0,0,462,2500.0
0.85,EX3,6932,0,0,0,0,0,462,2500.0
0.85,EX3,6933,4,1,1,0,1,462,2500.0
0.85,EX3,6934,2,0,0,0,0,462,2500.0
0.85,EX3,6935,5,0,0,0,0,462,2500.0
0.85,EX3,6936,0,0,0,0,0,462,2500.0
0.85,EX3,6937,1,0,0,0,0,462,2500.0
0.85,EX3,6938,1,0,0,0,0,462,2500.0
0.85,EX3,6939,0,0,0,0,0,462,2500.0
0.85,EX3,6940,3,0,0,0,0,462,2500.0
0.85,EX3,6941,2,0,0,0,0,462,2500.0
0.85,EX3,6942,1,0,0,0,0,462,2500.0
0.85,EX3,6943,1,1,1,0,1,462,2500.0
0.85,EX3,6944,0,0,0,0,0,462,2500.0
0.85,EX3,6975,1,0,0,0,0,465,2500.0
0.85,EX3,6976,2,0,0,0,0,465,2500.0
0.85,EX3,6977,0,0,0,0,0,465,2500.0
0.85,EX3,6978,0,0,0,0,0,465,2500.0
0.85,EX3,6979,1,0,0,0,0,465,2500.0
0.85,EX3,6980,0,0,0,0,0,465,2500.0
0.85,EX3,6981,3,1,1,0,0,465,2500.0
0.85,EX3,6982,2,0,0,0,0,465,2500.0
0.85,EX3,6983,2,0,0,0,0,465,2500.0
0.85,EX3,6984,5,0,0,0,0,465,2500.0
0.85,EX3,6985,2,0,0,0,0,465,2500.0
0.85,EX3,6986,2,0,0,0,0,465,2500.0
0.85,EX3,6987,0,0,0,0,0,465,2500.0
0.85,EX3,6988,2,0,0,0,0,465,2500.0
0.85,EX3,6989,0,0,0,0,0,465,2500.0
0.85,EX3,7005,3,0,0,0,0,467,2500.0
0.85,EX3,7006,1,0,0,0,0,467,2500.0
0.85,EX3,7007,5,0,0,0,0,467,2500.0
0.85,EX3,7008,3,0,0,0,0,467,2500.0
0.85,EX3,7009,0,0,0,0,0,467,2500.0
0.85,EX3,7010,3,0,0,0,0,467,2500.0
0.85,EX3,7011,2,0,0,0,0,467,2500.0
0.85,EX3,7012,0,0,0,0,0,467,2500.0
0.85,EX3,7013,1,0,0,0,0,467,2500.0
0.85,EX3,7014,1,0,0,0,0,467,2500.0
0.85,EX3,7015,2,0,0,0,0,467,2500.0
0.85,EX3,7016,2,0,0,0,0,467,2500.0
0.85,EX3,7017,2,0,0,0,0,467,2500.0
0.85,EX3,7018,1,0,0,0,0,467,2500.0
0.85,EX3,7019,1,0,0,0,0,467,2500.0
0.85,EX3,7020,5,0,0,0,0,468,2500.0
0.85,EX3,7021,4,1,1,0,1,468,2500.0
0.85,EX3,7022,1,0,0,0,0,468,2500.0
0.85,EX3,7023,2,0,0,0,0,468,2500.0
0.85,EX3,7024,3,0,0,0,0,468,2500.0
0.85,EX3,7025,1,0,0,0,0,468,2500.0
0.85,EX3,7026,1,0,0,0,0,468,2500.0
0.85,EX3,7027,3,0,0,0,0,468,2500.0
0.85,EX3,7028,0,0,0,0,0,468,2500.0
0.85,EX3,7029,3,0,0,0,0,468,2500.0
0.85,EX3,7030,1,0,0,0,0,468,2500.0
0.85,EX3,7031,3,0,0,0,0,468,2500.0
0.85,EX3,7032,3,1,1,0,1,468,2500.0
0.85,EX3,7033,0,0,0,0,0,468,2500.0
0.85,EX3,7034,1,0,0,0,0,468,2500.0
0.85,EX3,7035,1,0,0,0,0,469,2500.0
0.85,EX3,7036,1,0,0,0,0,469,2500.0
0.85,EX3,7037,1,0,0,0,0,469,2500.0
0.85,EX3,7038,0,0,0,0,0,469,2500.0
0.85,EX3,7039,2,0,0,0,0,469,2500.0
0.85,EX3,7040,1,0,0,0,0,469,2500.0
0.85,EX3,7041,0,0,0,0,0,469,2500.0
0.85,EX3,7042,1,0,0,0,0,469,2500.0
0.85,EX3,7043,4,0,0,0,0,469,2500.0
0.85,EX3,7044,4,1,1,0,1,469,2500.0
0.85,EX3,7045,2,0,0,0,0,469,2500.0
0.85,EX3,7046,1,0,0,0,0,469,2500.0
0.85,EX3,7047,5,0,0,0,0,469,2500.0
0.85,EX3,7048,2,0,0,0,0,469,2500.0
0.85,EX3,7049,3,0,0,0,0,469,2500.0
0.85,EX3,7050,5,0,0,0,0,470,2500.0
0.85,EX3,7051,2,0,0,0,0,470,2500.0
0.85,EX3,7052,2,0,0,0,0,470,2500.0
0.85,EX3,7053,5,0,0,0,0,470,2500.0
0.85,EX3,7054,2,0,0,0,0,470,2500.0
0.85,EX3,7055,1,0,0,0,0,470,2500.0
0.85,EX3,7056,0,0,0,0,0,470,2500.0
0.85,EX3,7057,3,0,0,0,0,470,2500.0
0.85,EX3,7058,1,0,0,0,0,470,2500.0
0.85,EX3,7059,1,0,0,0,0,470,2500.0
0.85,EX3,7060,5,1,1,0,1,470,2500.0
0.85,EX3,7061,0,0,0,0,0,470,2500.0
0.85,EX3,7062,2,0,0,0,0,470,2500.0
0.85,EX3,7063,2,1,1,0,1,470,2500.0
0.85,EX3,7064,1,0,0,0,0,470,2500.0
0.85,EX3,7095,0,0,0,0,0,473,2500.0
0.85,EX3,7096,1,0,0,0,0,473,2500.0
0.85,EX3,7097,1,0,0,0,0,473,2500.0
0.85,EX3,7098,1,0,0,0,0,473,2500.0
0.85,EX3,7099,3,0,0,0,0,473,2500.0
0.85,EX3,7100,0,0,0,0,0,473,2500.0
0.85,EX3,7101,2,0,0,0,0,473,2500.0
0.85,EX3,7102,1,0,0,0,0,473,2500.0
0.85,EX3,7103,1,0,0,0,0,473,2500.0
0.85,EX3,7104,2,0,0,0,0,473,2500.0
0.85,EX3,7105,0,0,0,0,0,473,2500.0
0.85,EX3,7106,0,0,0,0,0,473,2500.0
0.85,EX3,7107,2,0,0,0,0,473,2500.0
0.85,EX3,7108,2,0,0,0,0,473,2500.0
0.85,EX3,7109,2,0,0,0,0,473,2500.0
0.85,EX3,7155,1,0,0,0,0,477,2500.0
0.85,EX3,7156,0,0,0,0,0,477,2500.0
0.85,EX3,7157,2,0,0,0,0,477,2500.0
0.85,EX3,7158,1,0,0,0,0,477,2500.0
0.85,EX3,7159,1,0,0,0,0,477,2500.0
0.85,EX3,7160,1,0,0,0,0,477,2500.0
0.85,EX3,7161,2,1,1,0,1,477,2500.0
0.85,EX3,7162,1,1,1,0,1,477,2500.0
0.85,EX3,7163,1,1,1,0,1,477,2500.0
0.85,EX3,7164,1,0,0,0,0,477,2500.0
0.85,EX3,7165,0,0,0,0,0,477,2500.0
0.85,EX3,7166,5,3,3,0,2,477,2500.0
0.85,EX3,7167,1,0,0,0,0,477,2500.0
0.85,EX3,7168,3,0,0,0,0,477,2500.0
0.85,EX3,7169,2,0,0,0,0,477,2500.0
0.85,EX3,7185,2,0,0,0,0,479,2500.0
0.85,EX3,7186,2,0,0,0,0,479,2500.0
0.85,EX3,7187,2,0,0,0,0,479,2500.0
0.85,EX3,7188,3,1,1,0,1,479,2500.0
0.85,EX3,7189,3,0,0,0,0,479,2500.0
0.85,EX3,7190,1,0,0,0,0,479,2500.0
0.85,EX3,7191,0,0,0,0,0,479,2500.0
0.85,EX3,7192,1,0,0,0,0,479,2500.0
0.85,EX3,7193,2,0,0,0,0,479,2500.0
0.85,EX3,7194,0,0,0,0,0,479,2500.0
0.85,EX3,7195,1,0,0,0,0,479,2500.0
0.85,EX3,7196,2,0,0,0,0,479,2500.0
0.85,EX3,7197,3,1,1,0,1,479,2500.0
0.85,EX3,7198,0,0,0,0,0,479,2500.0
0.85,EX3,7199,2,1,1,0,1,479,2500.0
0.85,EX3,7410,1,0,0,0,0,494,2500.0
0.85,EX3,7411,2,0,0,0,0,494,2500.0
0.85,EX3,7412,3,0,0,0,0,494,2500.0
0.85,EX3,7413,2,0,0,0,0,494,2500.0
0.85,EX3,7414,4,1,1,0,0,494,2500.0
0.85,EX3,7415,1,0,0,0,0,494,2500.0
0.85,EX3,7416,1,0,0,0,0,494,2500.0
0.85,EX3,7417,0,0,0,0,0,494,2500.0
0.85,EX3,7418,3,0,0,0,0,494,2500.0
0.85,EX3,7419,2,0,0,0,0,494,2500.0
0.85,EX3,7420,3,0,0,0,0,494,2500.0
0.85,EX3,7421,2,0,0,0,0,494,2500.0
0.85,EX3,7422,1,0,0,0,0,494,2500.0
0.85,EX3,7423,2,0,0,0,0,494,2500.0
0.85,EX3,7424,1,0,0,0,0,494,2500.0
0.85,EX3,7605,1,0,0,0,0,507,2500.0
0.85,EX3,7606,2,0,0,0,0,507,2500.0
0.85,EX3,7607,1,1,1,0,0,507,2500.0
0.85,EX3,7608,0,0,0,0,0,507,2500.0
0.85,EX3,7609,1,0,0,0,0,507,2500.0
0.85,EX3,7610,2,0,0,0,0,507,2500.0
0.85,EX3,7611,0,0,0,0,0,507,2500.0
0.85,EX3,7612,2,0,0,0,0,507,2500.0
0.85,EX3,7613,6,0,0,0,0,507,2500.0
0.85,EX3,7614,0,0,0,0,0,507,2500.0
0.85,EX3,7615,1,0,0,0,0,507,2500.0
0.85,EX3,7616,0,0,0,0,0,507,2500.0
0.85,EX3,7617,2,0,0,0,0,507,2500.0
0.85,EX3,7618,2,1,1,0,1,507,2500.0
0.85,EX3,7619,0,0,0,0,0,507,2500.0
0.85,EX3,7635,2,0,0,0,0,509,2500.0
0.85,EX3,7636,3,0,0,0,0,509,2500.0
0.85,EX3,7637,1,0,0,0,0,509,2500.0
0.85,EX3,7638,0,0,0,0,0,509,2500.0
0.85,EX3,7639,1,0,0,0,0,509,2500.0
0.85,EX3,7640,1,0,0,0,0,509,2500.0
0.85,EX3,7641,0,0,0,0,0,509,2500.0
0.85,EX3,7642,2,0,0,0,0,509,2500.0
0.85,EX3,7643,2,0,0,0,0,509,2500.0
0.85,EX3,7644,0,0,0,0,0,509,2500.0
0.85,EX3,7645,1,0,0,0,0,509,2500.0
0.85,EX3,7646,2,0,0,0,0,509,2500.0
0.85,EX3,7647,1,0,0,0,0,509,2500.0
0.85,EX3,7648,0,0,0,0,0,509,2500.0
0.85,EX3,7649,1,0,0,0,0,509,2500.0
0.85,EX3,7785,3,1,1,0,1,519,2500.0
0.85,EX3,7786,2,1,1,0,1,519,2500.0
0.85,EX3,7787,5,0,0,0,0,519,2500.0
0.85,EX3,7788,1,0,0,0,0,519,2500.0
0.85,EX3,7789,0,0,0,0,0,519,2500.0
0.85,EX3,7790,1,0,0,0,0,519,2500.0
0.85,EX3,7791,1,0,0,0,0,519,2500.0
0.85,EX3,7792,0,0,0,0,0,519,2500.0
0.85,EX3,7793,2,0,0,0,0,519,2500.0
0.85,EX3,7794,1,1,1,0,0,519,2500.0
0.85,EX3,7795,2,0,0,0,0,519,2500.0
0.85,EX3,7796,2,0,0,0,0,519,2500.0
0.85,EX3,7797,4,1,1,0,0,519,2500.0
0.85,EX3,7798,0,0,0,0,0,519,2500.0
0.85,EX3,7799,7,0,0,0,0,519,2500.0
0.85,EX3,7965,2,0,0,0,0,531,2500.0
0.85,EX3,7966,1,0,0,0,0,531,2500.0
0.85,EX3,7967,2,0,0,0,0,531,2500.0
0.85,EX3,7968,0,0,0,0,0,531,2500.0
0.85,EX3,7969,1,0,0,0,0,531,2500.0
0.85,EX3,7970,1,0,0,0,0,531,2500.0
0.85,EX3,7971,4,0,0,0,0,531,2500.0
0.85,EX3,7972,5,0,0,0,0,531,2500.0
0.85,EX3,7973,1,0,0,0,0,531,2500.0
0.85,EX3,7974,1,0,0,0,0,531,2500.0
0.85,EX3,7975,3,2,2,0,2,531,2500.0
0.85,EX3,7976,2,0,0,0,0,531,2500.0
0.85,EX3,7977,0,0,0,0,0,531,2500.0
0.85,EX3,7978,2,0,0,0,0,531,2500.0
0.85,EX3,7979,2,0,0,0,0,531,2500.0
0.85,EX3,7995,1,0,0,0,0,533,2500.0
0.85,EX3,7996,3,2,2,0,0,533,2500.0
0.85,EX3,7997,2,0,0,0,0,533,2500.0
0.85,EX3,7998,1,0,0,0,0,533,2500.0
0.85,EX3,7999,0,0,0,0,0,533,2500.0
0.85,EX3,8000,5,1,1,0,0,533,2500.0
0.85,EX3,8001,1,0,0,0,0,533,2500.0
0.85,EX3,8002,1,1,1,0,1,533,2500.0
0.85,EX3,8003,1,0,0,0,0,533,2500.0
0.85,EX3,8004,1,0,0,0,0,533,2500.0
0.85,EX3,8005,2,0,0,0,0,533,2500.0
0.85,EX3,8006,1,0,0,0,0,533,2500.0
0.85,EX3,8007,2,0,0,0,0,533,2500.0
0.85,EX3,8008,0,0,0,0,0,533,2500.0
0.85,EX3,8009,1,0,0,0,0,533,2500.0
0.85,EX3,8025,1,0,0,0,0,535,2500.0
0.85,EX3,8026,3,1,1,0,1,535,2500.0
0.85,EX3,8027,1,0,0,0,0,535,2500.0
0.85,EX3,8028,0,0,0,0,0,535,2500.0
0.85,EX3,8029,5,1,1,0,1,535,2500.0
0.85,EX3,8030,3,0,0,0,0,535,2500.0
0.85,EX3,8031,0,0,0,0,0,535,2500.0
0.85,EX3,8032,0,0,0,0,0,535,2500.0
0.85,EX3,8033,1,0,0,0,0,535,2500.0
0.85,EX3,8034,3,1,1,0,1,535,2500.0
0.85,EX3,8035,0,0,0,0,0,535,2500.0
0.85,EX3,8036,1,0,0,0,0,535,2500.0
0.85,EX3,8037,1,0,0,0,0,535,2500.0
0.85,EX3,8038,4,1,1,0,0,535,2500.0
0.85,EX3,8039,1,0,0,0,0,535,2500.0
0.85,EX3,8055,4,0,0,0,0,537,2500.0
0.85,EX3,8056,1,0,0,0,0,537,2500.0
0.85,EX3,8057,2,0,0,0,0,537,2500.0
0.85,EX3,8058,1,0,0,0,0,537,2500.0
0.85,EX3,8059,2,1,1,0,1,537,2500.0
0.85,EX3,8060,3,0,0,0,0,537,2500.0
0.85,EX3,8061,2,0,0,0,0,537,2500.0
0.85,EX3,8062,2,0,0,0,0,537,2500.0
0.85,EX3,8063,0,0,0,0,0,537,2500.0
0.85,EX3,8064,0,0,0,0,0,537,2500.0
0.85,EX3,8065,2,0,0,0,0,537,2500.0
0.85,EX3,8066,2,1,0,1,0,537,2500.0
0.85,EX3,8067,1,0,0,0,0,537,2500.0
0.85,EX3,8068,1,0,0,0,0,537,2500.0
0.85,EX3,8069,0,0,0,0,0,537,2500.0
0.85,EX3,8220,1,0,0,0,0,548,2500.0
0.85,EX3,8221,1,0,0,0,0,548,2500.0
0.85,EX3,8222,3,0,0,0,0,548,2500.0
0.85,EX3,8223,3,0,0,0,0,548,2500.0
0.85,EX3,8224,1,0,0,0,0,548,2500.0
0.85,EX3,8225,3,0,0,0,0,548,2500.0
0.85,EX3,8226,2,0,0,0,0,548,2500.0
0.85,EX3,8227,1,1,1,0,0,548,2500.0
0.85,EX3,8228,2,0,0,0,0,548,2500.0
0.85,EX3,8229,0,0,0,0,0,548,2500.0
0.85,EX3,8230,0,0,0,0,0,548,2500.0
0.85,EX3,8231,0,0,0,0,0,548,2500.0
0.85,EX3,8232,1,0,0,0,0,548,2500.0
0.85,EX3,8233,1,0,0,0,0,548,2500.0
0.85,EX3,8234,0,0,0,0,0,548,2500.0
0.85,EX3,8235,0,0,0,0,0,549,2500.0
0.85,EX3,8236,1,0,0,0,0,549,2500.0
0.85,EX3,8237,2,0,0,0,0,549,2500.0
0.85,EX3,8238,3,0,0,0,0,549,2500.0
0.85,EX3,8239,0,0,0,0,0,549,2500.0
0.85,EX3,8240,1,0,0,0,0,549,2500.0
0.85,EX3,8241,4,0,0,0,0,549,2500.0
0.85,EX3,8242,1,0,0,0,0,549,2500.0
0.85,EX3,8243,0,0,0,0,0,549,2500.0
0.85,EX3,8244,1,0,0,0,0,549,2500.0
0.85,EX3,8245,1,0,0,0,0,549,2500.0
0.85,EX3,8246,2,0,0,0,0,549,2500.0
0.85,EX3,8247,2,0,0,0,0,549,2500.0
0.85,EX3,8248,0,0,0,0,0,549,2500.0
0.85,EX3,8249,3,0,0,0,0,549,2500.0
0.85,EX3,8265,2,0,0,0,0,551,2500.0
0.85,EX3,8266,1,1,1,0,1,551,2500.0
0.85,EX3,8267,3,0,0,0,0,551,2500.0
0.85,EX3,8268,0,0,0,0,0,551,2500.0
0.85,EX3,8269,1,0,0,0,0,551,2500.0
0.85,EX3,8270,4,0,0,0,0,551,2500.0
0.85,EX3,8271,1,0,0,0,0,551,2500.0
0.85,EX3,8272,2,0,0,0,0,551,2500.0
0.85,EX3,8273,0,0,0,0,0,551,2500.0
0.85,EX3,8274,5,0,0,0,0,551,2500.0
0.85,EX3,8275,0,0,0,0,0,551,2500.0
0.85,EX3,8276,4,1,1,0,1,551,2500.0
0.85,EX3,8277,0,0,0,0,0,551,2500.0
0.85,EX3,8278,2,0,0,0,0,551,2500.0
0.85,EX3,8279,2,0,0,0,0,551,2500.0
0.85,EX3,8295,5,0,0,0,0,553,2500.0
0.85,EX3,8296,2,0,0,0,0,553,2500.0
0.85,EX3,8297,5,1,0,1,0,553,2500.0
0.85,EX3,8298,4,1,1,0,1,553,2500.0
0.85,EX3,8299,0,0,0,0,0,553,2500.0
0.85,EX3,8300,1,0,0,0,0,553,2500.0
0.85,EX3,8301,5,1,1,0,0,553,2500.0
0.85,EX3,8302,1,0,0,0,0,553,2500.0
0.85,EX3,8303,0,0,0,0,0,553,2500.0
0.85,EX3,8304,2,0,0,0,0,553,2500.0
0.85,EX3,8305,1,0,0,0,0,553,2500.0
0.85,EX3,8306,2,0,0,0,0,553,2500.0
0.85,EX3,8307,1,0,0,0,0,553,2500.0
0.85,EX3,8308,3,0,0,0,0,553,2500.0
0.85,EX3,8309,1,0,0,0,0,553,2500.0
0.85,EX3,8580,2,1,1,0,0,572,2500.0
0.85,EX3,8581,2,0,0,0,0,572,2500.0
0.85,EX3,8582,3,0,0,0,0,572,2500.0
0.85,EX3,8583,2,0,0,0,0,572,2500.0
0.85,EX3,8584,0,0,0,0,0,572,2500.0
0.85,EX3,8585,1,1,1,0,1,572,2500.0
0.85,EX3,8586,3,0,0,0,0,572,2500.0
0.85,EX3,8587,2,0,0,0,0,572,2500.0
0.85,EX3,8588,2,0,0,0,0,572,2500.0
0.85,EX3,8589,0,0,0,0,0,572,2500.0
0.85,EX3,8590,1,1,1,0,0,572,2500.0
0.85,EX3,8591,0,0,0,0,0,572,2500.0
0.85,EX3,8592,0,0,0,0,0,572,2500.0
0.85,EX3,8593,2,0,0,0,0,572,2500.0
0.85,EX3,8594,1,0,0,0,0,572,2500.0
0.85,EX3,8610,1,0,0,0,0,574,2500.0
0.85,EX3,8611,0,0,0,0,0,574,2500.0
0.85,EX3,8612,0,0,0,0,0,574,2500.0
0.85,EX3,8613,1,1,1,0,1,574,2500.0
0.85,EX3,8614,3,1,1,0,1,574,2500.0
0.85,EX3,8615,1,0,0,0,0,574,2500.0
0.85,EX3,8616,0,0,0,0,0,574,2500.0
0.85,EX3,8617,1,0,0,0,0,574,2500.0
0.85,EX3,8618,2,0,0,0,0,574,2500.0
0.85,EX3,8619,2,0,0,0,0,574,2500.0
0.85,EX3,8620,2,1,1,0,1,574,2500.0
0.85,EX3,8621,3,0,0,0,0,574,2500.0
0.85,EX3,8622,0,0,0,0,0,574,2500.0
0.85,EX3,8623,3,0,0,0,0,574,2500.0
0.85,EX3,8624,1,0,0,0,0,574,2500.0
0.85,EX3,8760,3,1,1,0,0,584,2500.0
0.85,EX3,8761,0,0,0,0,0,584,2500.0
0.85,EX3,8762,1,0,0,0,0,584,2500.0
0.85,EX3,8763,3,0,0,0,0,584,2500.0
0.85,EX3,8764,1,1,1,0,1,584,2500.0
0.85,EX3,8765,2,0,0,0,0,584,2500.0
0.85,EX3,8766,1,0,0,0,0,584,2500.0
0.85,EX3,8767,0,0,0,0,0,584,2500.0
0.85,EX3,8768,0,0,0,0,0,584,2500.0
0.85,EX3,8769,0,0,0,0,0,584,2500.0
0.85,EX3,8770,3,0,0,0,0,584,2500.0
0.85,EX3,8771,2,1,1,0,1,584,2500.0
0.85,EX3,8772,0,0,0,0,0,584,2500.0
0.85,EX3,8773,0,0,0,0,0,584,2500.0
0.85,EX3,8774,1,0,0,0,0,584,2500.0
0.85,EX3,8925,3,0,0,0,0,595,2500.0
0.85,EX3,8926,1,0,0,0,0,595,2500.0
0.85,EX3,8927,0,0,0,0,0,595,2500.0
0.85,EX3,8928,3,0,0,0,0,595,2500.0
0.85,EX3,8929,1,0,0,0,0,595,2500.0
0.85,EX3,8930,1,0,0,0,0,595,2500.0
0.85,EX3,8931,1,0,0,0,0,595,2500.0
0.85,EX3,8932,1,0,0,0,0,595,2500.0
0.85,EX3,8933,2,0,0,0,0,595,2500.0
0.85,EX3,8934,3,0,0,0,0,595,2500.0
0.85,EX3,8935,1,0,0,0,0,595,2500.0
0.85,EX3,8936,3,0,0,0,0,595,2500.0
0.85,EX3,8937,1,0,0,0,0,595,2500.0
0.85,EX3,8938,2,0,0,0,0,595,2500.0
0.85,EX3,8939,1,0,0,0,0,595,2500.0
0.85,EX3,8940,1,0,0,0,0,596,2500.0
0.85,EX3,8941,3,0,0,0,0,596,2500.0
0.85,EX3,8942,2,0,0,0,0,596,2500.0
0.85,EX3,8943,0,0,0,0,0,596,2500.0
0.85,EX3,8944,3,0,0,0,0,596,2500.0
0.85,EX3,8945,2,1,1,0,0,596,2500.0
0.85,EX3,8946,1,1,1,0,0,596,2500.0
0.85,EX3,8947,1,0,0,0,0,596,2500.0
0.85,EX3,8948,0,0,0,0,0,596,2500.0
0.85,EX3,8949,3,0,0,0,0,596,2500.0
0.85,EX3,8950,0,0,0,0,0,596,2500.0
0.85,EX3,8951,2,0,0,0,0,596,2500.0
0.85,EX3,8952,3,0,0,0,0,596,2500.0
0.85,EX3,8953,2,0,0,0,0,596,2500.0
0.85,EX3,8954,1,0,0,0,0,596,2500.0
0.85,EX3,9150,1,0,0,0,0,610,2500.0
0.85,EX3,9151,2,1,1,0,0,610,2500.0
0.85,EX3,9152,0,0,0,0,0,610,2500.0
0.85,EX3,9153,1,0,0,0,0,610,2500.0
0.85,EX3,9154,2,0,0,0,0,610,2500.0
0.85,EX3,9155,1,0,0,0,0,610,2500.0
0.85,EX3,9156,2,0,0,0,0,610,2500.0
0.85,EX3,9157,1,0,0,0,0,610,2500.0
0.85,EX3,9158,3,0,0,0,0,610,2500.0
0.85,EX3,9159,0,0,0,0,0,610,2500.0
0.85,EX3,9160,1,0,0,0,0,610,2500.0
0.85,EX3,9161,2,0,0,0,0,610,2500.0
0.85,EX3,9162,0,0,0,0,0,610,2500.0
0.85,EX3,9163,0,0,0,0,0,610,2500.0
0.85,EX3,9164,5,0,0,0,0,610,2500.0
0.85,EX3,9195,1,0,0,0,0,613,2500.0
0.85,EX3,9196,1,0,0,0,0,613,2500.0
0.85,EX3,9197,3,0,0,0,0,613,2500.0
0.85,EX3,9198,2,0,0,0,0,613,2500.0
0.85,EX3,9199,2,0,0,0,0,613,2500.0
0.85,EX3,9200,0,0,0,0,0,613,2500.0
0.85,EX3,9201,0,0,0,0,0,613,2500.0
0.85,EX3,9202,0,0,0,0,0,613,2500.0
0.85,EX3,9203,3,0,0,0,0,613,2500.0
0.85,EX3,9204,4,2,2,0,1,613,2500.0
0.85,EX3,9205,3,0,0,0,0,613,2500.0
0.85,EX3,9206,1,1,1,0,1,613,2500.0
0.85,EX3,9207,1,0,0,0,0,613,2500.0
0.85,EX3,9208,2,0,0,0,0,613,2500.0
0.85,EX3,9209,0,0,0,0,0,613,2500.0
0.85,EX3,9285,4,0,0,0,0,619,2500.0
0.85,EX3,9286,0,0,0,0,0,619,2500.0
0.85,EX3,9287,0,0,0,0,0,619,2500.0
0.85,EX3,9288,2,0,0,0,0,619,2500.0
0.85,EX3,9289,1,0,0,0,0,619,2500.0
0.85,EX3,9290,3,0,0,0,0,619,2500.0
0.85,EX3,9291,1,1,1,0,0,619,2500.0
0.85,EX3,9292,2,0,0,0,0,619,2500.0
0.85,EX3,9293,4,0,0,0,0,619,2500.0
0.85,EX3,9294,3,1,1,0,1,619,2500.0
0.85,EX3,9295,1,0,0,0,0,619,2500.0
0.85,EX3,9296,0,0,0,0,0,619,2500.0
0.85,EX3,9297,2,0,0,0,0,619,2500.0
0.85,EX3,9298,2,0,0,0,0,619,2500.0
0.85,EX3,9299,3,1,1,0,1,619,2500.0
0.85,EX3,9315,0,0,0,0,0,621,2500.0
0.85,EX3,9316,0,0,0,0,0,621,2500.0
0.85,EX3,9317,2,0,0,0,0,621,2500.0
0.85,EX3,9318,2,0,0,0,0,621,2500.0
0.85,EX3,9319,1,0,0,0,0,621,2500.0
0.85,EX3,9320,2,0,0,0,0,621,2500.0
0.85,EX3,9321,2,0,0,0,0,621,2500.0
0.85,EX3,9322,0,0,0,0,0,621,2500.0
0.85,EX3,9323,2,0,0,0,0,621,2500.0
0.85,EX3,9324,0,0,0,0,0,621,2500.0
0.85,EX3,9325,0,0,0,0,0,621,2500.0
0.85,EX3,9326,2,1,1,0,1,621,2500.0
0.85,EX3,9327,1,0,0,0,0,621,2500.0
0.85,EX3,9328,5,1,1,0,0,621,2500.0
0.85,EX3,9329,4,0,0,0,0,621,2500.0
0.85,EX3,9360,3,0,0,0,0,624,2500.0
0.85,EX3,9361,4,2,2,0,1,624,2500.0
0.85,EX3,9362,3,0,0,0,0,624,2500.0
0.85,EX3,9363,0,0,0,0,0,624,2500.0
0.85,EX3,9364,1,0,0,0,0,624,2500.0
0.85,EX3,9365,2,0,0,0,0,624,2500.0
0.85,EX3,9366,1,0,0,0,0,624,2500.0
0.85,EX3,9367,2,0,0,0,0,624,2500.0
0.85,EX3,9368,2,0,0,0,0,624,2500.0
0.85,EX3,9369,3,0,0,0,0,624,2500.0
0.85,EX3,9370,1,0,0,0,0,624,2500.0
0.85,EX3,9371,3,0,0,0,0,624,2500.0
0.85,EX3,9372,0,0,0,0,0,624,2500.0
0.85,EX3,9373,3,1,1,0,1,624,2500.0
0.85,EX3,9374,2,0,0,0,0,624,2500.0
0.85,EX3,9450,1,0,0,0,0,630,2500.0
0.85,EX3,9451,1,1,1,0,1,630,2500.0
0.85,EX3,9452,2,0,0,0,0,630,2500.0
0.85,EX3,9453,2,0,0,0,0,630,2500.0
0.85,EX3,9454,0,0,0,0,0,630,2500.0
0.85,EX3,9455,2,0,0,0,0,630,2500.0
0.85,EX3,9456,2,1,1,0,0,630,2500.0
0.85,EX3,9457,5,0,0,0,0,630,2500.0
0.85,EX3,9458,2,0,0,0,0,630,2500.0
0.85,EX3,9459,3,0,0,0,0,630,2500.0
0.85,EX3,9460,0,0,0,0,0,630,2500.0
0.85,EX3,9461,3,0,0,0,0,630,2500.0
0.85,EX3,9462,4,0,0,0,0,630,2500.0
0.85,EX3,9463,2,0,0,0,0,630,2500.0
0.85,EX3,9464,0,0,0,0,0,630,2500.0
0.85,EX3,9495,4,0,0,0,0,633,2500.0
0.85,EX3,9496,0,0,0,0,0,633,2500.0
0.85,EX3,9497,1,0,0,0,0,633,2500.0
0.85,EX3,9498,2,0,0,0,0,633,2500.0
0.85,EX3,9499,2,0,0,0,0,633,2500.0
0.85,EX3,9500,1,1,1,0,1,633,2500.0
0.85,EX3,9501,5,1,1,0,1,633,2500.0
0.85,EX3,9502,0,0,0,0,0,633,2500.0
0.85,EX3,9503,3,0,0,0,0,633,2500.0
0.85,EX3,9504,0,0,0,0,0,633,2500.0
0.85,EX3,9505,0,0,0,0,0,633,2500.0
0.85,EX3,9506,1,0,0,0,0,633,2500.0
0.85,EX3,9507,1,0,0,0,0,633,2500.0
0.85,EX3,9508,2,0,0,0,0,633,2500.0
0.85,EX3,9509,4,1,1,0,0,633,2500.0
0.85,EX3,9510,2,0,0,0,0,634,2500.0
0.85,EX3,9511,5,0,0,0,0,634,2500.0
0.85,EX3,9512,3,0,0,0,0,634,2500.0
0.85,EX3,9513,1,0,0,0,0,634,2500.0
0.85,EX3,9514,1,0,0,0,0,634,2500.0
0.85,EX3,9515,1,0,0,0,0,634,2500.0
0.85,EX3,9516,1,0,0,0,0,634,2500.0
0.85,EX3,9517,2,0,0,0,0,634,2500.0
0.85,EX3,9518,1,0,0,0,0,634,2500.0
0.85,EX3,9519,2,0,0,0,0,634,2500.0
0.85,EX3,9520,0,0,0,0,0,634,2500.0
0.85,EX3,9521,1,0,0,0,0,634,2500.0
0.85,EX3,9522,1,0,0,0,0,634,2500.0
0.85,EX3,9523,2,0,0,0,0,634,2500.0
0.85,EX3,9524,0,0,0,0,0,634,2500.0
0.85,EX3,9525,2,0,0,0,0,635,2500.0
0.85,EX3,9526,3,1,1,0,1,635,2500.0
0.85,EX3,9527,2,0,0,0,0,635,2500.0
0.85,EX3,9528,0,0,0,0,0,635,2500.0
0.85,EX3,9529,1,0,0,0,0,635,2500.0
0.85,EX3,9530,1,1,1,0,0,635,2500.0
0.85,EX3,9531,2,0,0,0,0,635,2500.0
0.85,EX3,9532,1,0,0,0,0,635,2500.0
0.85,EX3,9533,1,0,0,0,0,635,2500.0
0.85,EX3,9534,1,0,0,0,0,635,2500.0
0.85,EX3,9535,0,0,0,0,0,635,2500.0
0.85,EX3,9536,3,1,0,1,0,635,2500.0
0.85,EX3,9537,1,0,0,0,0,635,2500.0
0.85,EX3,9538,1,0,0,0,0,635,2500.0
0.85,EX3,9539,2,0,0,0,0,635,2500.0
0.85,EX3,9540,2,0,0,0,0,636,2500.0
0.85,EX3,9541,2,0,0,0,0,636,2500.0
0.85,EX3,9542,3,0,0,0,0,636,2500.0
0.85,EX3,9543,4,1,1,0,1,636,2500.0
0.85,EX3,9544,0,0,0,0,0,636,2500.0
0.85,EX3,9545,2,0,0,0,0,636,2500.0
0.85,EX3,9546,0,0,0,0,0,636,2500.0
0.85,EX3,9547,2,0,0,0,0,636,2500.0
0.85,EX3,9548,1,0,0,0,0,636,2500.0
0.85,EX3,9549,0,0,0,0,0,636,2500.0
0.85,EX3,9550,1,0,0,0,0,636,2500.0
0.85,EX3,9551,2,0,0,0,0,636,2500.0
0.85,EX3,9552,2,1,1,0,0,636,2500.0
0.85,EX3,9553,0,0,0,0,0,636,2500.0
0.85,EX3,9554,2,0,0,0,0,636,2500.0
0.85,EX3,9705,1,0,0,0,0,647,2500.0
0.85,EX3,9706,3,0,0,0,0,647,2500.0
0.85,EX3,9707,0,0,0,0,0,647,2500.0
0.85,EX3,9708,2,0,0,0,0,647,2500.0
0.85,EX3,9709,3,0,0,0,0,647,2500.0
0.85,EX3,9710,1,0,0,0,0,647,2500.0
0.85,EX3,9711,0,0,0,0,0,647,2500.0
0.85,EX3,9712,1,0,0,0,0,647,2500.0
0.85,EX3,9713,1,0,0,0,0,647,2500.0
0.85,EX3,9714,2,0,0,0,0,647,2500.0
0.85,EX3,9715,2,0,0,0,0,647,2500.0
0.85,EX3,9716,3,0,0,0,0,647,2500.0
0.85,EX3,9717,3,0,0,0,0,647,2500.0
0.85,EX3,9718,2,0,0,0,0,647,2500.0
0.85,EX3,9719,0,0,0,0,0,647,2500.0
0.85,EX3,9735,0,0,0,0,0,649,2500.0
0.85,EX3,9736,1,0,0,0,0,649,2500.0
0.85,EX3,9737,3,0,0,0,0,649,2500.0
0.85,EX3,9738,3,1,1,0,1,649,2500.0
0.85,EX3,9739,1,0,0,0,0,649,2500.0
0.85,EX3,9740,3,0,0,0,0,649,2500.0
0.85,EX3,9741,0,0,0,0,0,649,2500.0
0.85,EX3,9742,2,0,0,0,0,649,2500.0
0.85,EX3,9743,1,0,0,0,0,649,2500.0
0.85,EX3,9744,2,0,0,0,0,649,2500.0
0.85,EX3,9745,0,0,0,0,0,649,2500.0
0.85,EX3,9746,2,0,0,0,0,649,2500.0
0.85,EX3,9747,1,1,1,0,0,649,2500.0
0.85,EX3,9748,2,0,0,0,0,649,2500.0
0.85,EX3,9749,2,0,0,0,0,649,2500.0
0.85,EX3,9795,2,0,0,0,0,653,2500.0
0.85,EX3,9796,0,0,0,0,0,653,2500.0
0.85,EX3,9797,1,0,0,0,0,653,2500.0
0.85,EX3,9798,2,1,1,0,1,653,2500.0
0.85,EX3,9799,4,2,2,0,0,653,2500.0
0.85,EX3,9800,2,1,1,0,1,653,2500.0
0.85,EX3,9801,3,1,1,0,1,653,2500.0
0.85,EX3,9802,1,0,0,0,0,653,2500.0
0.85,EX3,9803,2,0,0,0,0,653,2500.0
0.85,EX3,9804,2,0,0,0,0,653,2500.0
0.85,EX3,9805,0,0,0,0,0,653,2500.0
0.85,EX3,9806,3,0,0,0,0,653,2500.0
0.85,EX3,9807,0,0,0,0,0,653,2500.0
0.85,EX3,9808,3,0,0,0,0,653,2500.0
0.85,EX3,9809,1,0,0,0,0,653,2500.0
0.85,EX3,9915,3,0,0,0,0,661,2500.0
0.85,EX3,9916,1,0,0,0,0,661,2500.0
0.85,EX3,9917,0,0,0,0,0,661,2500.0
0.85,EX3,9918,0,0,0,0,0,661,2500.0
0.85,EX3,9919,2,0,0,0,0,661,2500.0
0.85,EX3,9920,2,0,0,0,0,661,2500.0
0.85,EX3,9921,2,0,0,0,0,661,2500.0
0.85,EX3,9922,0,0,0,0,0,661,2500.0
0.85,EX3,9923,2,0,0,0,0,661,2500.0
0.85,EX3,9924,1,0,0,0,0,661,2500.0
0.85,EX3,9925,1,0,0,0,0,661,2500.0
0.85,EX3,9926,2,0,0,0,0,661,2500.0
0.85,EX3,9927,0,0,0,0,0,661,2500.0
0.85,EX3,9928,0,0,0,0,0,661,2500.0
0.85,EX3,9929,4,0,0,0,0,661,2500.0
0.85,EX3,9930,3,0,0,0,0,662,2500.0
0.85,EX3,9931,1,0,0,0,0,662,2500.0
0.85,EX3,9932,2,0,0,0,0,662,2500.0
0.85,EX3,9933,1,0,0,0,0,662,2500.0
0.85,EX3,9934,1,0,0,0,0,662,2500.0
0.85,EX3,9935,4,0,0,0,0,662,2500.0
0.85,EX3,9936,0,0,0,0,0,662,2500.0
0.85,EX3,9937,3,0,0,0,0,662,2500.0
0.85,EX3,9938,3,0,0,0,0,662,2500.0
0.85,EX3,9939,2,0,0,0,0,662,2500.0
0.85,EX3,9940,0,0,0,0,0,662,2500.0
0.85,EX3,9941,0,0,0,0,0,662,2500.0
0.85,EX3,9942,1,0,0,0,0,662,2500.0
0.85,EX3,9943,0,0,0,0,0,662,2500.0
0.85,EX3,9944,1,1,1,0,0,662,2500.0
0.95,EX0,30,0,0,0,0,0,2,2500.0
0.95,EX0,31,3,0,0,0,0,2,2500.0
0.95,EX0,32,5,1,0,1,0,2,2500.0
0.95,EX0,33,2,0,0,0,0,2,2500.0
0.95,EX0,34,1,0,0,0,0,2,2500.0
0.95,EX0,35,4,0,0,0,0,2,2500.0
0.95,EX0,36,2,0,0,0,0,2,2500.0
0.95,EX0,37,1,0,0,0,0,2,2500.0
0.95,EX0,38,2,0,0,0,0,2,2500.0
0.95,EX0,39,4,1,1,0,0,2,2500.0
0.95,EX0,40,3,0,0,0,0,2,2500.0
0.95,EX0,41,3,0,0,0,0,2,2500.0
0.95,EX0,42,5,0,0,0,0,2,2500.0
0.95,EX0,43,3,0,0,0,0,2,2500.0
0.95,EX0,44,4,0,0,0,0,2,2500.0
0.95,EX0,90,3,0,0,0,0,6,2500.0
0.95,EX0,91,2,0,0,0,0,6,2500.0
0.95,EX0,92,1,0,0,0,0,6,2500.0
0.95,EX0,93,3,0,0,0,0,6,2500.0
0.95,EX0,94,3,0,0,0,0,6,2500.0
0.95,EX0,95,7,0,0,0,0,6,2500.0
0.95,EX0,96,4,0,0,0,0,6,2500.0
0.95,EX0,97,2,1,1,0,0,6,2500.0
0.95,EX0,98,1,0,0,0,0,6,2500.0
0.95,EX0,99,4,0,0,0,0,6,2500.0
0.95,EX0,100,3,0,0,0,0,6,2500.0
0.95,EX0,101,2,0,0,0,0,6,2500.0
0.95,EX0,102,1,0,0,0,0,6,2500.0
0.95,EX0,103,3,0,0,0,0,6,2500.0
0.95,EX0,104,4,0,0,0,0,6,2500.0
0.95,EX0,150,2,0,0,0,0,10,2500.0
0.95,EX0,151,3,0,0,0,0,10,2500.0
0.95,EX0,152,0,0,0,0,0,10,2500.0
0.95,EX0,153,3,0,0,0,0,10,2500.0
0.95,EX0,154,0,0,0,0,0,10,2500.0
0.95,EX0,155,5,2,2,0,0,10,2500.0
0.95,EX0,156,7,0,0,0,0,10,2500.0
0.95,EX0,157,5,1,1,0,0,10,2500.0
0.95,EX0,158,4,0,0,0,0,10,2500.0
0.95,EX0,159,3,1,1,0,0,10,2500.0
0.95,EX0,160,4,0,0,0,0,10,2500.0
0.95,EX0,161,1,0,0,0,0,10,2500.0
0.95,EX0,162,3,0,0,0,0,10,2500.0
0.95,EX0,163,4,1,1,0,0,10,2500.0
0.95,EX0,164,3,1,1,0,0,10,2500.0
0.95,EX0,270,5,0,0,0,0,18,2500.0
0.95,EX0,271,4,0,0,0,0,18,2500.0
0.95,EX0,272,2,0,0,0,0,18,2500.0
0.95,EX0,273,2,1,1,0,0,18,2500.0
0.95,EX0,274,4,0,0,0,0,18,2500.0
0.95,EX0,275,2,0,0,0,0,18,2500.0
0.95,EX0,276,2,0,0,0,0,18,2500.0
0.95,EX0,277,2,0,0,0,0,18,2500.0
0.95,EX0,278,2,0,0,0,0,18,2500.0
0.95,EX0,279,1,0,0,0,0,18,2500.0
0.95,EX0,280,1,0,0,0,0,18,2500.0
0.95,EX0,281,6,0,0,0,0,18,2500.0
0.95,EX0,282,3,0,0,0,0,18,2500.0
0.95,EX0,283,3,0,0,0,0,18,2500.0
0.95,EX0,284,4,0,0,0,0,18,2500.0
0.95,EX0,360,3,0,0,0,0,24,2500.0
0.95,EX0,361,7,1,1,0,0,24,2500.0
0.95,EX0,362,6,0,0,0,0,24,2500.0
0.95,EX0,363,3,0,0,0,0,24,2500.0
0.95,EX0,364,3,0,0,0,0,24,2500.0
0.95,EX0,365,3,0,0,0,0,24,2500.0
0.95,EX0,366,3,0,0,0,0,24,2500.0
0.95,EX0,367,6,0,0,0,0,24,2500.0
0.95,EX0,368,3,0,0,0,0,24,2500.0
0.95,EX0,369,3,0,0,0,0,24,2500.0
0.95,EX0,370,2,0,0,0,0,24,2500.0
0.95,EX0,371,3,0,0,0,0,24,2500.0
0.95,EX0,372,3,0,0,0,0,24,2500.0
0.95,EX0,373,1,0,0,0,0,24,2500.0
0.95,EX0,374,2,0,0,0,0,24,2500.0
0.95,EX0,450,4,0,0,0,0,30,2500.0
0.95,EX0,451,5,0,0,0,0,30,2500.0
0.95,EX0,452,4,0,0,0,0,30,2500.0
0.95,EX0,453,1,0,0,0,0,30,2500.0
0.95,EX0,454,5,0,0,0,0,30,2500.0
0.95,EX0,455,2,0,0,0,0,30,2500.0
0.95,EX0,456,2,0,0,0,0,30,2500.0
0.95,EX0,457,1,0,0,0,0,30,2500.0
0.95,EX0,458,3,0,0,0,0,30,2500.0
0.95,EX0,459,4,0,0,0,0,30,2500.0
0.95,EX0,460,7,1,1,0,0,30,2500.0
0.95,EX0,461,2,0,0,0,0,30,2500.0
0.95,EX0,462,2,0,0,0,0,30,2500.0
0.95,EX0,463,1,0,0,0,0,30,2500.0
0.95,EX0,464,2,0,0,0,0,30,2500.0
0.95,EX0,465,2,0,0,0,0,31,2500.0
0.95,EX0,466,2,0,0,0,0,31,2500.0
0.95,EX0,467,3,0,0,0,0,31,2500.0
0.95,EX0,468,2,0,0,0,0,31,2500.0
0.95,EX0,469,1,0,0,0,0,31,2500.0
0.95,EX0,470,6,0,0,0,0,31,2500.0
0.95,EX0,471,2,0,0,0,0,31,2500.0
0.95,EX0,472,4,0,0,0,0,31,2500.0
0.95,EX0,473,1,0,0,0,0,31,2500.0
0.95,EX0,474,4,0,0,0,0,31,2500.0
0.95,EX0,475,0,0,0,0,0,31,2500.0
0.95,EX0,476,7,0,0,0,0,31,2500.0
0.95,EX0,477,4,0,0,0,0,31,2500.0
0.95,EX0,478,2,0,0,0,0,31,2500.0
0.95,EX0,479,1,0,0,0,0,31,2500.0
0.95,EX0,585,5,0,0,0,0,39,2500.0
0.95,EX0,586,2,0,0,0,0,39,2500.0
0.95,EX0,587,5,0,0,0,0,39,2500.0
0.95,EX0,588,4,0,0,0,0,39,2500.0
0.95,EX0,589,2,0,0,0,0,39,2500.0
0.95,EX0,590,2,0,0,0,0,39,2500.0
0.95,EX0,591,2,0,0,0,0,39,2500.0
0.95,EX0,592,0,0,0,0,0,39,2500.0
0.95,EX0,593,4,0,0,0,0,39,2500.0
0.95,EX0,594,3,0,0,0,0,39,2500.0
0.95,EX0,595,1,0,0,0,0,39,2500.0
0.95,EX0,596,4,0,0,0,0,39,2500.0
0.95,EX0,597,4,0,0,0,0,39,2500.0
0.95,EX0,598,4,0,0,0,0,39,2500.0
0.95,EX0,599,5,0,0,0,0,39,2500.0
0.95,EX0,615,2,0,0,0,0,41,2500.0
0.95,EX0,616,2,0,0,0,0,41,2500.0
0.95,EX0,617,3,0,0,0,0,41,2500.0
0.95,EX0,618,1,0,0,0,0,41,2500.0
0.95,EX0,619,2,0,0,0,0,41,2500.0
0.95,EX0,620,1,0,0,0,0,41,2500.0
0.95,EX0,621,11,1,1,0,0,41,2500.0
0.95,EX0,622,2,0,0,0,0,41,2500.0
0.95,EX0,623,2,0,0,0,0,41,2500.0
0.95,EX0,624,3,0,0,0,0,41,2500.0
0.95,EX0,625,1,0,0,0,0,41,2500.0
0.95,EX0,626,2,0,0,0,0,41,2500.0
0.95,EX0,627,3,0,0,0,0,41,2500.0
0.95,EX0,628,3,1,1,0,0,41,2500.0
0.95,EX0,629,2,0,0,0,0,41,2500.0
0.95,EX0,660,4,0,0,0,0,44,2500.0
0.95,EX0,661,5,0,0,0,0,44,2500.0
0.95,EX0,662,3,0,0,0,0,44,2500.0
0.95,EX0,663,2,0,0,0,0,44,2500.0
0.95,EX0,664,1,0,0,0,0,44,2500.0
0.95,EX0,665,5,0,0,0,0,44,2500.0
0.95,EX0,666,6,0,0,0,0,44,2500.0
0.95,EX0,667,2,0,0,0,0,44,2500.0
0.95,EX0,668,7,0,0,0,0,44,2500.0
0.95,EX0,669,3,0,0,0,0,44,2500.0
0.95,EX0,670,2,0,0,0,0,44,2500.0
0.95,EX0,671,3,0,0,0,0,44,2500.0
0.95,EX0,672,3,0,0,0,0,44,2500.0
0.95,EX0,673,3,0,0,0,0,44,2500.0
0.95,EX0,674,3,0,0,0,0,44,2500.0
0.95,EX0,735,6,0,0,0,0,49,2500.0
0.95,EX0,736,0,0,0,0,0,49,2500.0
0.95,EX0,737,3,0,0,0,0,49,2500.0
0.95,EX0,738,1,0,0,0,0,49,2500.0
0.95,EX0,739,3,0,0,0,0,49,2500.0
0.95,EX0,740,1,0,0,0,0,49,2500.0
0.95,EX0,741,2,0,0,0,0,49,2500.0
0.95,EX0,742,3,0,0,0,0,49,2500.0
0.95,EX0,743,4,0,0,0,0,49,2500.0
0.95,EX0,744,4,0,0,0,0,49,2500.0
0.95,EX0,745,1,0,0,0,0,49,2500.0
0.95,EX0,746,2,0,0,0,0,49,2500.0
0.95,EX0,747,3,1,1,0,0,49,2500.0
0.95,EX0,748,1,0,0,0,0,49,2500.0
0.95,EX0,749,3,0,0,0,0,49,2500.0
0.95,EX0,810,1,0,0,0,0,54,2500.0
0.95,EX0,811,8,0,0,0,0,54,2500.0
0.95,EX0,812,3,0,0,0,0,54,2500.0
0.95,EX0,813,4,0,0,0,0,54,2500.0
0.95,EX0,814,1,0,0,0,0,54,2500.0
0.95,EX0,815,1,0,0,0,0,54,2500.0
0.95,EX0,816,1,0,0,0,0,54,2500.0
0.95,EX0,817,3,0,0,0,0,54,2500.0
0.95,EX0,818,1,0,0,0,0,54,2500.0
0.95,EX0,819,3,0,0,0,0,54,2500.0
0.95,EX0,820,3,0,0,0,0,54,2500.0
0.95,EX0,821,3,0,0,0,0,54,2500.0
0.95,EX0,822,0,0,0,0,0,54,2500.0
0.95,EX0,823,2,0,0,0,0,54,2500.0
0.95,EX0,824,3,0,0,0,0,54,2500.0
0.95,EX0,825,4,0,0,0,0,55,2500.0
0.95,EX0,826,4,0,0,0,0,55,2500.0
0.95,EX0,827,1,0,0,0,0,55,2500.0
0.95,EX0,828,6,0,0,0,0,55,2500.0
0.95,EX0,829,6,0,0,0,0,55,2500.0
0.95,EX0,830,5,0,0,0,0,55,2500.0
0.95,EX0,831,2,0,0,0,0,55,2500.0
0.95,EX0,832,5,0,0,0,0,55,2500.0
0.95,EX0,833,4,0,0,0,0,55,2500.0
0.95,EX0,834,3,0,0,0,0,55,2500.0
0.95,EX0,835,1,0,0,0,0,55,2500.0
0.95,EX0,836,2,1,1,0,0,55,2500.0
0.95,EX0,837,3,1,1,0,0,55,2500.0
0.95,EX0,838,4,0,0,0,0,55,2500.0
0.95,EX0,839,5,0,0,0,0,55,2500.0
0.95,EX0,840,6,0,0,0,0,56,2500.0
0.95,EX0,841,6,0,0,0,0,56,2500.0
0.95,EX0,842,2,0,0,0,0,56,2500.0
0.95,EX0,843,5,0,0,0,0,56,2500.0
0.95,EX0,844,3,1,1,0,0,56,2500.0
0.95,EX0,845,1,0,0,0,0,56,2500.0
0.95,EX0,846,3,0,0,0,0,56,2500.0
0.95,EX0,847,1,0,0,0,0,56,2500.0
0.95,EX0,848,1,0,0,0,0,56,2500.0
0.95,EX0,849,3,0,0,0,0,56,2500.0
0.95,EX0,850,5,0,0,0,0,56,2500.0
0.95,EX0,851,2,0,0,0,0,56,2500.0
0.95,EX0,852,3,0,0,0,0,56,2500.0
0.95,EX0,853,0,0,0,0,0,56,2500.0
0.95,EX0,854,6,0,0,0,0,56,2500.0
0.95,EX0,900,5,0,0,0,0,60,2500.0
0.95,EX0,901,5,0,0,0,0,60,2500.0
0.95,EX0,902,5,0,0,0,0,60,2500.0
0.95,EX0,903,3,0,0,0,0,60,2500.0
0.95,EX0,904,3,0,0,0,0,60,2500.0
0.95,EX0,905,6,0,0,0,0,60,2500.0
0.95,EX0,906,4,1,1,0,0,60,2500.0
0.95,EX0,907,3,0,0,0,0,60,2500.0
0.95,EX0,908,0,0,0,0,0,60,2500.0
0.95,EX0,909,5,0,0,0,0,60,2500.0
0.95,EX0,910,3,0,0,0,0,60,2500.0
0.95,EX0,911,4,0,0,0,0,60,2500.0
0.95,EX0,912,2,0,0,0,0,60,2500.0
0.95,EX0,913,3,0,0,0,0,60,2500.0
0.95,EX0,914,1,0,0,0,0,60,2500.0
0.95,EX0,945,3,0,0,0,0,63,2500.0
0.95,EX0,946,4,0,0,0,0,63,2500.0
0.95,EX0,947,3,0,0,0,0,63,2500.0
0.95,EX0,948,3,0,0,0,0,63,2500.0
0.95,EX0,949,5,0,0,0,0,63,2500.0
0.95,EX0,950,3,0,0,0,0,63,2500.0
0.95,EX0,951,3,0,0,0,0,63,2500.0
0.95,EX0,952,2,0,0,0,0,63,2500.0
0.95,EX0,953,1,0,0,0,0,63,2500.0
0.95,EX0,954,6,0,0,0,0,63,2500.0
0.95,EX0,955,4,0,0,0,0,63,2500.0
0.95,EX0,956,6,0,0,0,0,63,2500.0
0.95,EX0,957,3,0,0,0,0,63,2500.0
0.95,EX0,958,2,0,0,0,0,63,2500.0
0.95,EX0,959,2,0,0,0,0,63,2500.0
0.95,EX0,975,3,0,0,0,0,65,2500.0
0.95,EX0,976,4,0,0,0,0,65,2500.0
0.95,EX0,977,4,0,0,0,0,65,2500.0
0.95,EX0,978,1,0,0,0,0,65,2500.0
0.95,EX0,979,0,0,0,0,0,65,2500.0
0.95,EX0,980,3,0,0,0,0,65,2500.0
0.95,EX0,981,3,0,0,0,0,65,2500.0
0.95,EX0,982,4,0,0,0,0,65,2500.0
0.95,EX0,983,4,0,0,0,0,65,2500.0
0.95,EX0,984,3,0,0,0,0,65,2500.0
0.95,EX0,985,5,0,0,0,0,65,2500.0
0.95,EX0,986,4,0,0,0,0,65,2500.0
0.95,EX0,987,1,0,0,0,0,65,2500.0
0.95,EX0,988,5,0,0,0,0,65,2500.0
0.95,EX0,989,1,0,0,0,0,65,2500.0
0.95,EX0,1035,7,0,0,0,0,69,2500.0
0.95,EX0,1036,1,0,0,0,0,69,2500.0
0.95,EX0,1037,1,0,0,0,0,69,2500.0
0.95,EX0,1038,2,0,0,0,0,69,2500.0
0.95,EX0,1039,3,0,0,0,0,69,2500.0
0.95,EX0,1040,1,0,0,0,0,69,2500.0
0.95,EX0,1041,2,0,0,0,0,69,2500.0
0.95,EX0,1042,1,0,0,0,0,69,2500.0
0.95,EX0,1043,3,0,0,0,0,69,2500.0
0.95,EX0,1044,3,0,0,0,0,69,2500.0
0.95,EX0,1045,6,0,0,0,0,69,2500.0
0.95,EX0,1046,2,0,0,0,0,69,2500.0
0.95,EX0,1047,3,0,0,0,0,69,2500.0
0.95,EX0,1048,3,0,0,0,0,69,2500.0
0.95,EX0,1049,2,0,0,0,0,69,2500.0
0.95,EX0,1050,2,1,1,0,0,70,2500.0
0.95,EX0,1051,2,0,0,0,0,70,2500.0
0.95,EX0,1052,2,0,0,0,0,70,2500.0
0.95,EX0,1053,4,0,0,0,0,70,2500.0
0.95,EX0,1054,2,0,0,0,0,70,2500.0
0.95,EX0,1055,3,0,0,0,0,70,2500.0
0.95,EX0,1056,5,0,0,0,0,70,2500.0
0.95,EX0,1057,1,1,1,0,0,70,2500.0
0.95,EX0,1058,0,0,0,0,0,70,2500.0
0.95,EX0,1059,2,0,0,0,0,70,2500.0
0.95,EX0,1060,2,0,0,0,0,70,2500.0
0.95,EX0,1061,3,0,0,0,0,70,2500.0
0.95,EX0,1062,3,0,0,0,0,70,2500.0
0.95,EX0,1063,3,0,0,0,0,70,2500.0
0.95,EX0,1064,4,0,0,0,0,70,2500.0
0.95,EX0,1080,5,0,0,0,0,72,2500.0
0.95,EX0,1081,3,0,0,0,0,72,2500.0
0.95,EX0,1082,3,0,0,0,0,72,2500.0
0.95,EX0,1083,5,0,0,0,0,72,2500.0
0.95,EX0,1084,0,0,0,0,0,72,2500.0
0.95,EX0,1085,3,0,0,0,0,72,2500.0
0.95,EX0,1086,7,1,1,0,0,72,2500.0
0.95,EX0,1087,5,0,0,0,0,72,2500.0
0.95,EX0,1088,6,0,0,0,0,72,2500.0
0.95,EX0,1089,1,0,0,0,0,72,2500.0
0.95,EX0,1090,2,0,0,0,0,72,2500.0
0.95,EX0,1091,2,0,0,0,0,72,2500.0
0.95,EX0,1092,3,0,0,0,0,72,2500.0
0.95,EX0,1093,2,0,0,0,0,72,2500.0
0.95,EX0,1094,2,0,0,0,0,72,2500.0
0.95,EX0,1140,1,0,0,0,0,76,2500.0
0.95,EX0,1141,8,0,0,0,0,76,2500.0
0.95,EX0,1142,2,0,0,0,0,76,2500.0
0.95,EX0,1143,5,0,0,0,0,76,2500.0
0.95,EX0,1144,4,0,0,0,0,76,2500.0
0.95,EX0,1145,3,0,0,0,0,76,2500.0
0.95,EX0,1146,4,0,0,0,0,76,2500.0
0.95,EX0,1147,3,0,0,0,0,76,2500.0
0.95,EX0,1148,4,1,1,0,0,76,2500.0
0.95,EX0,1149,1,0,0,0,0,76,2500.0
0.95,EX0,1150,4,0,0,0,0,76,2500.0
0.95,EX0,1151,1,0,0,0,0,76,2500.0
0.95,EX0,1152,2,1,1,0,0,76,2500.0
0.95,EX0,1153,1,0,0,0,0,76,2500.0
0.95,EX0,1154,2,0,0,0,0,76,2500.0
0.95,EX0,1155,3,0,0,0,0,77,2500.0
0.95,EX0,1156,1,0,0,0,0,77,2500.0
0.95,EX0,1157,3,0,0,0,0,77,2500.0
0.95,EX0,1158,1,0,0,0,0,77,2500.0
0.95,EX0,1159,2,0,0,0,0,77,2500.0
0.95,EX0,1160,1,0,0,0,0,77,2500.0
0.95,EX0,1161,4,0,0,0,0,77,2500.0
0.95,EX0,1162,2,0,0,0,0,77,2500.0
0.95,EX0,1163,4,0,0,0,0,77,2500.0
0.95,EX0,1164,2,0,0,0,0,77,2500.0
0.95,EX0,1165,3,0,0,0,0,77,2500.0
0.95,EX0,1166,9,1,1,0,0,77,2500.0
0.95,EX0,1167,4,0,0,0,0,77,2500.0
0.95,EX0,1168,4,0,0,0,0,77,2500.0
0.95,EX0,1169,4,0,0,0,0,77,2500.0
0.95,EX0,1170,1,0,0,0,0,78,2500.0
0.95,EX0,1171,3,0,0,0,0,78,2500.0
0.95,EX0,1172,1,0,0,0,0,78,2500.0
0.95,EX0,1173,4,0,0,0,0,78,2500.0
0.95,EX0,1174,6,0,0,0,0,78,2500.0
0.95,EX0,1175,5,0,0,0,0,78,2500.0
0.95,EX0,1176,2,0,0,0,0,78,2500.0
0.95,EX0,1177,7,0,0,0,0,78,2500.0
0.95,EX0,1178,5,0,0,0,0,78,2500.0
0.95,EX0,1179,3,0,0,0,0,78,2500.0
0.95,EX0,1180,3,0,0,0,0,78,2500.0
0.95,EX0,1181,3,0,0,0,0,78,2500.0
0.95,EX0,1182,7,0,0,0,0,78,2500.0
0.95,EX0,1183,3,0,0,0,0,78,2500.0
0.95,EX0,1184,3,0,0,0,0,78,2500.0
0.95,EX0,1215,6,1,1,0,0,81,2500.0
0.95,EX0,1216,6,0,0,0,0,81,2500.0
0.95,EX0,1217,3,0,0,0,0,81,2500.0
0.95,EX0,1218,2,0,0,0,0,81,2500.0
0.95,EX0,1219,3,0,0,0,0,81,2500.0
0.95,EX0,1220,1,0,0,0,0,81,2500.0
0.95,EX0,1221,2,0,0,0,0,81,2500.0
0.95,EX0,1222,1,0,0,0,0,81,2500.0
0.95,EX0,1223,3,0,0,0,0,81,2500.0
0.95,EX0,1224,1,0,0,0,0,81,2500.0
0.95,EX0,1225,1,0,0,0,0,81,2500.0
0.95,EX0,1226,5,0,0,0,0,81,2500.0
0.95,EX0,1227,2,0,0,0,0,81,2500.0
0.95,EX0,1228,4,0,0,0,0,81,2500.0
0.95,EX0,1229,4,0,0,0,0,81,2500.0
0.95,EX0,1230,5,1,1,0,0,82,2500.0
0.95,EX0,1231,4,0,0,0,0,82,2500.0
0.95,EX0,1232,3,0,0,0,0,82,2500.0
0.95,EX0,1233,2,0,0,0,0,82,2500.0
0.95,EX0,1234,0,0,0,0,0,82,2500.0
0.95,EX0,1235,3,0,0,0,0,82,2500.0
0.95,EX0,1236,3,0,0,0,0,82,2500.0
0.95,EX0,1237,3,0,0,0,0,82,2500.0
0.95,EX0,1238,2,0,0,0,0,82,2500.0
0.95,EX0,1239,2,0,0,0,0,82,2500.0
0.95,EX0,1240,4,0,0,0,0,82,2500.0
0.95,EX0,1241,3,0,0,0,0,82,2500.0
0.95,EX0,1242,3,1,1,0,0,82,2500.0
0.95,EX0,1243,5,0,0,0,0,82,2500.0
0.95,EX0,1244,3,0,0,0,0,82,2500.0
0.95,EX0,1290,5,0,0,0,0,86,2500.0
0.95,EX0,1291,3,0,0,0,0,86,2500.0
0.95,EX0,1292,1,0,0,0,0,86,2500.0
0.95,EX0,1293,2,0,0,0,0,86,2500.0
0.95,EX0,1294,2,0,0,0,0,86,2500.0
0.95,EX0,1295,3,0,0,0,0,86,2500.0
0.95,EX0,1296,5,0,0,0,0,86,2500.0
0.95,EX0,1297,2,0,0,0,0,86,2500.0
0.95,EX0,1298,3,0,0,0,0,86,2500.0
0.95,EX0,1299,3,0,0,0,0,86,2500.0
0.95,EX0,1300,3,0,0,0,0,86,2500.0
0.95,EX0,1301,1,0,0,0,0,86,2500.0
0.95,EX0,1302,2,0,0,0,0,86,2500.0
0.95,EX0,1303,2,0,0,0,0,86,2500.0
0.95,EX0,1304,2,0,0,0,0,86,2500.0
0.95,EX0,1350,7,1,0,1,0,90,2500.0
0.95,EX0,1351,4,1,1,0,0,90,2500.0
0.95,EX0,1352,1,0,0,0,0,90,2500.0
0.95,EX0,1353,4,0,0,0,0,90,2500.0
0.95,EX0,1354,6,0,0,0,0,90,2500.0
0.95,EX0,1355,0,0,0,0,0,90,2500.0
0.95,EX0,1356,2,0,0,0,0,90,2500.0
0.95,EX0,1357,4,0,0,0,0,90,2500.0
0.95,EX0,1358,3,1,1,0,0,90,2500.0
0.95,EX0,1359,1,0,0,0,0,90,2500.0
0.95,EX0,1360,2,0,0,0,0,90,2500.0
0.95,EX0,1361,3,0,0,0,0,90,2500.0
0.95,EX0,1362,3,0,0,0,0,90,2500.0
0.95,EX0,1363,1,0,0,0,0,90,2500.0
0.95,EX0,1364,2,0,0,0,0,90,2500.0
0.95,EX0,1515,4,0,0,0,0,101,2500.0
0.95,EX0,1516,2,0,0,0,0,101,2500.0
0.95,EX0,1517,2,0,0,0,0,101,2500.0
0.95,EX0,1518,1,0,0,0,0,101,2500.0
0.95,EX0,1519,2,0,0,0,0,101,2500.0
0.95,EX0,1520,3,0,0,0,0,101,2500.0
0.95,EX0,1521,4,0,0,0,0,101,2500.0
0.95,EX0,1522,5,0,0,0,0,101,2500.0
0.95,EX0,1523,6,0,0,0,0,101,2500.0
0.95,EX0,1524,2,0,0,0,0,101,2500.0
0.95,EX0,1525,3,0,0,0,0,101,2500.0
0.95,EX0,1526,6,0,0,0,0,101,2500.0
0.95,EX0,1527,5,1,1,0,0,101,2500.0
0.95,EX0,1528,1,0,0,0,0,101,2500.0
0.95,EX0,1529,1,0,0,0,0,101,2500.0
0.95,EX0,1620,1,0,0,0,0,108,2500.0
0.95,EX0,1621,1,0,0,0,0,108,2500.0
0.95,EX0,1622,3,0,0,0,0,108,2500.0
0.95,EX0,1623,5,0,0,0,0,108,2500.0
0.95,EX0,1624,4,0,0,0,0,108,2500.0
0.95,EX0,1625,1,0,0,0,0,108,2500.0
0.95,EX0,1626,4,0,0,0,0,108,2500.0
0.95,EX0,1627,5,0,0,0,0,108,2500.0
0.95,EX0,1628,2,0,0,0,0,108,2500.0
0.95,EX0,1629,8,1,1,0,0,108,2500.0
0.95,EX0,1630,1,0,0,0,0,108,2500.0
0.95,EX0,1631,3,0,0,0,0,108,2500.0
0.95,EX0,1632,3,0,0,0,0,108,2500.0
0.95,EX0,1633,1,1,1,0,0,108,2500.0
0.95,EX0,1634,2,0,0,0,0,108,2500.0
0.95,EX0,1635,1,0,0,0,0,109,2500.0
0.95,EX0,1636,2,0,0,0,0,109,2500.0
0.95,EX0,1637,5,1,1,0,0,109,2500.0
0.95,EX0,1638,3,0,0,0,0,109,2500.0
0.95,EX0,1639,4,1,1,0,0,109,2500.0
0.95,EX0,1640,2,0,0,0,0,109,2500.0
0.95,EX0,1641,2,0,0,0,0,109,2500.0
0.95,EX0,1642,3,0,0,0,0,109,2500.0
0.95,EX0,1643,4,2,2,0,0,109,2500.0
0.95,EX0,1644,5,0,0,0,0,109,2500.0
0.95,EX0,1645,4,1,1,0,0,109,2500.0
0.95,EX0,1646,5,0,0,0,0,109,2500.0
0.95,EX0,1647,3,0,0,0,0,109,2500.0
0.95,EX0,1648,2,0,0,0,0,109,2500.0
0.95,EX0,1649,3,0,0,0,0,109,2500.0
0.95,EX0,1650,3,0,0,0,0,110,2500.0
0.95,EX0,1651,2,0,0,0,0,110,2500.0
0.95,EX0,1652,2,0,0,0,0,110,2500.0
0.95,EX0,1653,1,0,0,0,0,110,2500.0
0.95,EX0,1654,2,2,2,0,0,110,2500.0
0.95,EX0,1655,3,0,0,0,0,110,2500.0
0.95,EX0,1656,1,0,0,0,0,110,2500.0
0.95,EX0,1657,4,0,0,0,0,110,2500.0
0.95,EX0,1658,2,0,0,0,0,110,2500.0
0.95,EX0,1659,2,0,0,0,0,110,2500.0
0.95,EX0,1660,1,0,0,0,0,110,2500.0
0.95,EX0,1661,1,0,0,0,0,110,2500.0
0.95,EX0,1662,2,0,0,0,0,110,2500.0
0.95,EX0,1663,3,0,0,0,0,110,2500.0
0.95,EX0,1664,5,1,1,0,0,110,2500.0
0.95,EX0,1770,2,0,0,0,0,118,2500.0
0.95,EX0,1771,2,0,0,0,0,118,2500.0
0.95,EX0,1772,8,0,0,0,0,118,2500.0
0.95,EX0,1773,3,0,0,0,0,118,2500.0
0.95,EX0,1774,2,0,0,0,0,118,2500.0
0.95,EX0,1775,4,0,0,0,0,118,2500.0
0.95,EX0,1776,2,0,0,0,0,118,2500.0
0.95,EX0,1777,0,0,0,0,0,118,2500.0
0.95,EX0,1778,3,0,0,0,0,118,2500.0
0.95,EX0,1779,2,0,0,0,0,118,2500.0
0.95,EX0,1780,4,0,0,0,0,118,2500.0
0.95,EX0,1781,2,0,0,0,0,118,2500.0
0.95,EX0,1782,3,0,0,0,0,118,2500.0
0.95,EX0,1783,6,0,0,0,0,118,2500.0
0.95,EX0,1784,5,0,0,0,0,118,2500.0
0.95,EX0,1800,3,0,0,0,0,120,2500.0
0.95,EX0,1801,1,0,0,0,0,120,2500.0
0.95,EX0,1802,2,0,0,0,0,120,2500.0
0.95,EX0,1803,3,1,1,0,0,120,2500.0
0.95,EX0,1804,1,0,0,0,0,120,2500.0
0.95,EX0,1805,3,0,0,0,0,120,2500.0
0.95,EX0,1806,4,0,0,0,0,120,2500.0
0.95,EX0,1807,3,0,0,0,0,120,2500.0
0.95,EX0,1808,5,0,0,0,0,120,2500.0
0.95,EX0,1809,0,0,0,0,0,120,2500.0
0.95,EX0,1810,0,0,0,0,0,120,2500.0
0.95,EX0,1811,0,0,0,0,0,120,2500.0
0.95,EX0,1812,4,0,0,0,0,120,2500.0
0.95,EX0,1813,3,0,0,0,0,120,2500.0
0.95,EX0,1814,3,0,0,0,0,120,2500.0
0.95,EX0,1965,2,0,0,0,0,131,2500.0
0.95,EX0,1966,2,1,1,0,0,131,2500.0
0.95,EX0,1967,3,0,0,0,0,131,2500.0
0.95,EX0,1968,1,0,0,0,0,131,2500.0
0.95,EX0,1969,3,0,0,0,0,131,2500.0
0.95,EX0,1970,3,0,0,0,0,131,2500.0
0.95,EX0,1971,7,0,0,0,0,131,2500.0
0.95,EX0,1972,5,0,0,0,0,131,2500.0
0.95,EX0,1973,0,0,0,0,0,131,2500.0
0.95,EX0,1974,2,0,0,0,0,131,2500.0
0.95,EX0,1975,4,0,0,0,0,131,2500.0
0.95,EX0,1976,4,0,0,0,0,131,2500.0
0.95,EX0,1977,5,0,0,0,0,131,2500.0
0.95,EX0,1978,4,1,1,0,0,131,2500.0
0.95,EX0,1979,8,0,0,0,0,131,2500.0
0.95,EX0,1980,5,0,0,0,0,132,2500.0
0.95,EX0,1981,4,0,0,0,0,132,2500.0
0.95,EX0,1982,1,0,0,0,0,132,2500.0
0.95,EX0,1983,3,0,0,0,0,132,2500.0
0.95,EX0,1984,0,0,0,0,0,132,2500.0
0.95,EX0,1985,1,0,0,0,0,132,2500.0
0.95,EX0,1986,1,0,0,0,0,132,2500.0
0.95,EX0,1987,1,0,0,0,0,132,2500.0
0.95,EX0,1988,2,0,0,0,0,132,2500.0
0.95,EX0,1989,3,0,0,0,0,132,2500.0
0.95,EX0,1990,5,0,0,0,0,132,2500.0
0.95,EX0,1991,3,1,1,0,0,132,2500.0
0.95,EX0,1992,0,0,0,0,0,132,2500.0
0.95,EX0,1993,3,1,1,0,0,132,2500.0
0.95,EX0,1994,4,0,0,0,0,132,2500.0
0.95,EX0,1995,3,0,0,0,0,133,2500.0
0.95,EX0,1996,1,1,1,0,0,133,2500.0
0.95,EX0,1997,2,0,0,0,0,133,2500.0
0.95,EX0,1998,2,0,0,0,0,133,2500.0
0.95,EX0,1999,2,0,0,0,0,133,2500.0
0.95,EX0,2000,4,0,0,0,0,133,2500.0
0.95,EX0,2001,3,0,0,0,0,133,2500.0
0.95,EX0,2002,2,0,0,0,0,133,2500.0
0.95,EX0,2003,2,0,0,0,0,133,2500.0
0.95,EX0,2004,3,0,0,0,0,133,2500.0
0.95,EX0,2005,3,0,0,0,0,133,2500.0
0.95,EX0,2006,2,1,1,0,0,133,2500.0
0.95,EX0,2007,2,0,0,0,0,133,2500.0
0.95,EX0,2008,1,0,0,0,0,133,2500.0
0.95,EX0,2009,13,0,0,0,0,133,2500.0
0.95,EX0,2025,3,0,0,0,0,135,2500.0
0.95,EX0,2026,3,0,0,0,0,135,2500.0
0.95,EX0,2027,2,0,0,0,0,135,2500.0
0.95,EX0,2028,7,0,0,0,0,135,2500.0
0.95,EX0,2029,2,0,0,0,0,135,2500.0
0.95,EX0,2030,1,0,0,0,0,135,2500.0
0.95,EX0,2031,3,0,0,0,0,135,2500.0
0.95,EX0,2032,7,0,0,0,0,135,2500.0
0.95,EX0,2033,3,0,0,0,0,135,2500.0
0.95,EX0,2034,4,0,0,0,0,135,2500.0
0.95,EX0,2035,5,0,0,0,0,135,2500.0
0.95,EX0,2036,1,0,0,0,0,135,2500.0
0.95,EX0,2037,4,0,0,0,0,135,2500.0
0.95,EX0,2038,2,0,0,0,0,135,2500.0
0.95,EX0,2039,7,0,0,0,0,135,2500.0
0.95,EX0,2040,2,0,0,0,0,136,2500.0
0.95,EX0,2041,3,0,0,0,0,136,2500.0
0.95,EX0,2042,2,0,0,0,0,136,2500.0
0.95,EX0,2043,1,0,0,0,0,136,2500.0
0.95,EX0,2044,4,0,0,0,0,136,2500.0
0.95,EX0,2045,2,0,0,0,0,136,2500.0
0.95,EX0,2046,3,0,0,0,0,136,2500.0
0.95,EX0,2047,3,0,0,0,0,136,2500.0
0.95,EX0,2048,2,0,0,0,0,136,2500.0
0.95,EX0,2049,2,0,0,0,0,136,2500.0
0.95,EX0,2050,4,0,0,0,0,136,2500.0
0.95,EX0,2051,5,0,0,0,0,136,2500.0
0.95,EX0,2052,1,0,0,0,0,136,2500.0
0.95,EX0,2053,9,0,0,0,0,136,2500.0
0.95,EX0,2054,4,0,0,0,0,136,2500.0
0.95,EX0,2220,3,0,0,0,0,148,2500.0
0.95,EX0,2221,2,0,0,0,0,148,2500.0
0.95,EX0,2222,4,0,0,0,0,148,2500.0
0.95,EX0,2223,1,0,0,0,0,148,2500.0
0.95,EX0,2224,5,0,0,0,0,148,2500.0
0.95,EX0,2225,3,0,0,0,0,148,2500.0
0.95,EX0,2226,5,1,1,0,0,148,2500.0
0.95,EX0,2227,4,0,0,0,0,148,2500.0
0.95,EX0,2228,3,0,0,0,0,148,2500.0
0.95,EX0,2229,4,0,0,0,0,148,2500.0
0.95,EX0,2230,4,0,0,0,0,148,2500.0
0.95,EX0,2231,2,0,0,0,0,148,2500.0
0.95,EX0,2232,5,1,1,0,0,148,2500.0
0.95,EX0,2233,3,0,0,0,0,148,2500.0
0.95,EX0,2234,3,0,0,0,0,148,2500.0
0.95,EX0,2325,4,0,0,0,0,155,2500.0
0.95,EX0,2326,1,0,0,0,0,155,2500.0
0.95,EX0,2327,2,0,0,0,0,155,2500.0
0.95,EX0,2328,4,0,0,0,0,155,2500.0
0.95,EX0,2329,1,0,0,0,0,155,2500.0
0.95,EX0,2330,5,0,0,0,0,155,2500.0
0.95,EX0,2331,1,0,0,0,0,155,2500.0
0.95,EX0,2332,1,0,0,0,0,155,2500.0
0.95,EX0,2333,5,0,0,0,0,155,2500.0
0.95,EX0,2334,1,0,0,0,0,155,2500.0
0.95,EX0,2335,3,0,0,0,0,155,2500.0
0.95,EX0,2336,1,0,0,0,0,155,2500.0
0.95,EX0,2337,2,0,0,0,0,155,2500.0
0.95,EX0,2338,3,0,0,0,0,155,2500.0
0.95,EX0,2339,5,1,1,0,0,155,2500.0
0.95,EX0,2370,2,0,0,0,0,158,2500.0
0.95,EX0,2371,6,0,0,0,0,158,2500.0
0.95,EX0,2372,3,0,0,0,0,158,2500.0
0.95,EX0,2373,1,0,0,0,0,158,2500.0
0.95,EX0,2374,2,0,0,0,0,158,2500.0
0.95,EX0,2375,6,0,0,0,0,158,2500.0
0.95,EX0,2376,1,0,0,0,0,158,2500.0
0.95,EX0,2377,7,0,0,0,0,158,2500.0
0.95,EX0,2378,3,0,0,0,0,158,2500.0
0.95,EX0,2379,3,0,0,0,0,158,2500.0
0.95,EX0,2380,5,0,0,0,0,158,2500.0
0.95,EX0,2381,2,0,0,0,0,158,2500.0
0.95,EX0,2382,2,0,0,0,0,158,2500.0
0.95,EX0,2383,6,0,0,0,0,158,2500.0
0.95,EX0,2384,5,0,0,0,0,158,2500.0
0.95,EX0,2460,1,0,0,0,0,164,2500.0
0.95,EX0,2461,3,1,1,0,0,164,2500.0
0.95,EX0,2462,4,0,0,0,0,164,2500.0
0.95,EX0,2463,2,0,0,0,0,164,2500.0
0.95,EX0,2464,1,0,0,0,0,164,2500.0
0.95,EX0,2465,2,0,0,0,0,164,2500.0
0.95,EX0,2466,1,0,0,0,0,164,2500.0
0.95,EX0,2467,2,0,0,0,0,164,2500.0
0.95,EX0,2468,3,0,0,0,0,164,2500.0
0.95,EX0,2469,6,0,0,0,0,164,2500.0
0.95,EX0,2470,2,0,0,0,0,164,2500.0
0.95,EX0,2471,2,0,0,0,0,164,2500.0
0.95,EX0,2472,5,1,1,0,0,164,2500.0
0.95,EX0,2473,2,0,0,0,0,164,2500.0
0.95,EX0,2474,2,0,0,0,0,164,2500.0
0.95,EX0,2475,2,0,0,0,0,165,2500.0
0.95,EX0,2476,1,0,0,0,0,165,2500.0
0.95,EX0,2477,2,0,0,0,0,165,2500.0
0.95,EX0,2478,3,0,0,0,0,165,2500.0
0.95,EX0,2479,6,1,1,0,0,165,2500.0
0.95,EX0,2480,5,0,0,0,0,165,2500.0
0.95,EX0,2481,0,0,0,0,0,165,2500.0
0.95,EX0,2482,3,0,0,0,0,165,2500.0
0.95,EX0,2483,5,0,0,0,0,165,2500.0
0.95,EX0,2484,6,1,1,0,0,165,2500.0
0.95,EX0,2485,0,0,0,0,0,165,2500.0
0.95,EX0,2486,4,0,0,0,0,165,2500.0
0.95,EX0,2487,2,0,0,0,0,165,2500.0
0.95,EX0,2488,5,0,0,0,0,165,2500.0
0.95,EX0,2489,3,1,1,0,0,165,2500.0
0.95,EX0,2640,4,0,0,0,0,176,2500.0
0.95,EX0,2641,5,0,0,0,0,176,2500.0
0.95,EX0,2642,3,0,0,0,0,176,2500.0
0.95,EX0,2643,4,0,0,0,0,176,2500.0
0.95,EX0,2644,4,0,0,0,0,176,2500.0
0.95,EX0,2645,5,0,0,0,0,176,2500.0
0.95,EX0,2646,4,0,0,0,0,176,2500.0
0.95,EX0,2647,5,1,1,0,0,176,2500.0
0.95,EX0,2648,7,3,2,1,0,176,2500.0
0.95,EX0,2649,5,1,1,0,0,176,2500.0
0.95,EX0,2650,1,0,0,0,0,176,2500.0
0.95,EX0,2651,7,0,0,0,0,176,2500.0
0.95,EX0,2652,5,0,0,0,0,176,2500.0
0.95,EX0,2653,2,0,0,0,0,176,2500.0
0.95,EX0,2654,2,0,0,0,0,176,2500.0
0.95,EX0,2715,6,0,0,0,0,181,2500.0
0.95,EX0,2716,3,0,0,0,0,181,2500.0
0.95,EX0,2717,3,0,0,0,0,181,2500.0
0.95,EX0,2718,7,1,1,0,0,181,2500.0
0.95,EX0,2719,4,0,0,0,0,181,2500.0
0.95,EX0,2720,6,0,0,0,0,181,2500.0
0.95,EX0,2721,2,0,0,0,0,181,2500.0
0.95,EX0,2722,3,0,0,0,0,181,2500.0
0.95,EX0,2723,0,0,0,0,0,181,2500.0
0.95,EX0,2724,2,0,0,0,0,181,2500.0
0.95,EX0,2725,2,0,0,0,0,181,2500.0
0.95,EX0,2726,2,0,0,0,0,181,2500.0
0.95,EX0,2727,5,0,0,0,0,181,2500.0
0.95,EX0,2728,2,0,0,0,0,181,2500.0
0.95,EX0,2729,2,0,0,0,0,181,2500.0
0.95,EX0,2730,3,2,2,0,0,182,2500.0
0.95,EX0,2731,3,0,0,0,0,182,2500.0
0.95,EX0,2732,7,0,0,0,0,182,2500.0
0.95,EX0,2733,2,0,0,0,0,182,2500.0
0.95,EX0,2734,2,0,0,0,0,182,2500.0
0.95,EX0,2735,0,0,0,0,0,182,2500.0
0.95,EX0,2736,2,0,0,0,0,182,2500.0
0.95,EX0,2737,3,0,0,0,0,182,2500.0
0.95,EX0,2738,3,0,0,0,0,182,2500.0
0.95,EX0,2739,2,0,0,0,0,182,2500.0
0.95,EX0,2740,4,0,0,0,0,182,2500.0
0.95,EX0,2741,7,0,0,0,0,182,2500.0
0.95,EX0,2742,1,0,0,0,0,182,2500.0
0.95,EX0,2743,4,1,1,0,0,182,2500.0
0.95,EX0,2744,1,0,0,0,0,182,2500.0
0.95,EX0,2880,3,1,1,0,0,192,2500.0
0.95,EX0,2881,5,1,1,0,0,192,2500.0
0.95,EX0,2882,2,0,0,0,0,192,2500.0
0.95,EX0,2883,4,0,0,0,0,192,2500.0
0.95,EX0,2884,3,0,0,0,0,192,2500.0
0.95,EX0,2885,1,0,0,0,0,192,2500.0
0.95,EX0,2886,2,0,0,0,0,192,2500.0
0.95,EX0,2887,2,0,0,0,0,192,2500.0
0.95,EX0,2888,3,0,0,0,0,192,2500.0
0.95,EX0,2889,1,0,0,0,0,192,2500.0
0.95,EX0,2890,5,0,0,0,0,192,2500.0
0.95,EX0,2891,6,0,0,0,0,192,2500.0
0.95,EX0,2892,2,0,0,0,0,192,2500.0
0.95,EX0,2893,3,0,0,0,0,192,2500.0
0.95,EX0,2894,2,0,0,0,0,192,2500.0
0.95,EX0,2985,7,0,0,0,0,199,2500.0
0.95,EX0,2986,3,1,1,0,0,199,2500.0
0.95,EX0,2987,3,0,0,0,0,199,2500.0
0.95,EX0,2988,4,0,0,0,0,199,2500.0
0.95,EX0,2989,3,0,0,0,0,199,2500.0
0.95,EX0,2990,3,0,0,0,0,199,2500.0
0.95,EX0,2991,4,0,0,0,0,199,2500.0
0.95,EX0,2992,2,0,0,0,0,199,2500.0
0.95,EX0,2993,3,0,0,0,0,199,2500.0
0.95,EX0,2994,1,0,0,0,0,199,2500.0
0.95,EX0,2995,3,0,0,0,0,199,2500.0
0.95,EX0,2996,3,0,0,0,0,199,2500.0
0.95,EX0,2997,1,0,0,0,0,199,2500.0
0.95,EX0,2998,5,1,1,0,0,199,2500.0
0.95,EX0,2999,5,0,0,0,0,199,2500.0
0.95,EX0,3060,2,0,0,0,0,204,2500.0
0.95,EX0,3061,3,1,1,0,0,204,2500.0
0.95,EX0,3062,4,0,0,0,0,204,2500.0
0.95,EX0,3063,2,0,0,0,0,204,2500.0
0.95,EX0,3064,1,0,0,0,0,204,2500.0
0.95,EX0,3065,3,1,1,0,0,204,2500.0
0.95,EX0,3066,2,0,0,0,0,204,2500.0
0.95,EX0,3067,4,0,0,0,0,204,2500.0
0.95,EX0,3068,2,0,0,0,0,204,2500.0
0.95,EX0,3069,2,0,0,0,0,204,2500.0
0.95,EX0,3070,4,0,0,0,0,204,2500.0
0.95,EX0,3071,4,0,0,0,0,204,2500.0
0.95,EX0,3072,6,0,0,0,0,204,2500.0
0.95,EX0,3073,3,0,0,0,0,204,2500.0
0.95,EX0,3074,3,0,0,0,0,204,2500.0
0.95,EX0,3135,3,0,0,0,0,209,2500.0
0.95,EX0,3136,4,0,0,0,0,209,2500.0
0.95,EX0,3137,3,0,0,0,0,209,2500.0
0.95,EX0,3138,3,0,0,0,0,209,2500.0
0.95,EX0,3139,5,0,0,0,0,209,2500.0
0.95,EX0,3140,6,0,0,0,0,209,2500.0
0.95,EX0,3141,5,0,0,0,0,209,2500.0
0.95,EX0,3142,2,0,0,0,0,209,2500.0
0.95,EX0,3143,3,0,0,0,0,209,2500.0
0.95,EX0,3144,4,0,0,0,0,209,2500.0
0.95,EX0,3145,4,0,0,0,0,209,2500.0
0.95,EX0,3146,1,0,0,0,0,209,2500.0
0.95,EX0,3147,5,0,0,0,0,209,2500.0
0.95,EX0,3148,3,1,1,0,0,209,2500.0
0.95,EX0,3149,1,1,1,0,0,209,2500.0
0.95,EX0,3150,4,0,0,0,0,210,2500.0
0.95,EX0,3151,4,0,0,0,0,210,2500.0
0.95,EX0,3152,2,0,0,0,0,210,2500.0
0.95,EX0,3153,4,0,0,0,0,210,2500.0
0.95,EX0,3154,7,0,0,0,0,210,2500.0
0.95,EX0,3155,5,2,2,0,0,210,2500.0
0.95,EX0,3156,2,0,0,0,0,210,2500.0
0.95,EX0,3157,2,0,0,0,0,210,2500.0
0.95,EX0,3158,2,0,0,0,0,210,2500.0
0.95,EX0,3159,2,0,0,0,0,210,2500.0
0.95,EX0,3160,7,0,0,0,0,210,2500.0
0.95,EX0,3161,3,0,0,0,0,210,2500.0
0.95,EX0,3162,3,0,0,0,0,210,2500.0
0.95,EX0,3163,6,1,0,1,0,210,2500.0
0.95,EX0,3164,1,0,0,0,0,210,2500.0
0.95,EX0,3165,5,1,1,0,0,211,2500.0
0.95,EX0,3166,1,0,0,0,0,211,2500.0
0.95,EX0,3167,4,0,0,0,0,211,2500.0
0.95,EX0,3168,1,0,0,0,0,211,2500.0
0.95,EX0,3169,4,0,0,0,0,211,2500.0
0.95,EX0,3170,5,0,0,0,0,211,2500.0
0.95,EX0,3171,5,0,0,0,0,211,2500.0
0.95,EX0,3172,6,0,0,0,0,211,2500.0
0.95,EX0,3173,3,0,0,0,0,211,2500.0
0.95,EX0,3174,1,0,0,0,0,211,2500.0
0.95,EX0,3175,4,1,1,0,0,211,2500.0
0.95,EX0,3176,2,0,0,0,0,211,2500.0
0.95,EX0,3177,6,2,2,0,0,211,2500.0
0.95,EX0,3178,3,0,0,0,0,211,2500.0
0.95,EX0,3179,1,0,0,0,0,211,2500.0
0.95,EX0,3195,5,0,0,0,0,213,2500.0
0.95,EX0,3196,3,0,0,0,0,213,2500.0
0.95,EX0,3197,2,0,0,0,0,213,2500.0
0.95,EX0,3198,4,0,0,0,0,213,2500.0
0.95,EX0,3199,7,0,0,0,0,213,2500.0
0.95,EX0,3200,3,0,0,0,0,213,2500.0
0.95,EX0,3201,1,0,0,0,0,213,2500.0
0.95,EX0,3202,1,1,1,0,0,213,2500.0
0.95,EX0,3203,2,0,0,0,0,213,2500.0
0.95,EX0,3204,1,0,0,0,0,213,2500.0
0.95,EX0,3205,6,0,0,0,0,213,2500.0
0.95,EX0,3206,3,0,0,0,0,213,2500.0
0.95,EX0,3207,3,0,0,0,0,213,2500.0
0.95,EX0,3208,2,0,0,0,0,213,2500.0
0.95,EX0,3209,4,0,0,0,0,213,2500.0
0.95,EX0,3270,2,0,0,0,0,218,2500.0
0.95,EX0,3271,6,0,0,0,0,218,2500.0
0.95,EX0,3272,3,1,1,0,0,218,2500.0
0.95,EX0,3273,3,0,0,0,0,218,2500.0
0.95,EX0,3274,8,1,0,1,0,218,2500.0
0.95,EX0,3275,3,2,2,0,0,218,2500.0
0.95,EX0,3276,7,0,0,0,0,218,2500.0
0.95,EX0,3277,2,0,0,0,0,218,2500.0
0.95,EX0,3278,3,0,0,0,0,218,2500.0
0.95,EX0,3279,1,0,0,0,0,218,2500.0
0.95,EX0,3280,4,0,0,0,0,218,2500.0
0.95,EX0,3281,1,0,0,0,0,218,2500.0
0.95,EX0,3282,2,0,0,0,0,218,2500.0
0.95,EX0,3283,1,0,0,0,0,218,2500.0
0.95,EX0,3284,1,0,0,0,0,218,2500.0
0.95,EX0,3300,5,0,0,0,0,220,2500.0
0.95,EX0,3301,2,0,0,0,0,220,2500.0
0.95,EX0,3302,1,0,0,0,0,220,2500.0
0.95,EX0,3303,5,1,1,0,0,220,2500.0
0.95,EX0,3304,1,0,0,0,0,220,2500.0
0.95,EX0,3305,4,2,2,0,0,220,2500.0
0.95,EX0,3306,3,0,0,0,0,220,2500.0
0.95,EX0,3307,3,0,0,0,0,220,2500.0
0.95,EX0,3308,7,0,0,0,0,220,2500.0
0.95,EX0,3309,1,0,0,0,0,220,2500.0
0.95,EX0,3310,1,0,0,0,0,220,2500.0
0.95,EX0,3311,8,0,0,0,0,220,2500.0
0.95,EX0,3312,1,0,0,0,0,220,2500.0
0.95,EX0,3313,4,0,0,0,0,220,2500.0
0.95,EX0,3314,2,0,0,0,0,220,2500.0
0.95,EX0,3405,4,1,1,0,0,227,2500.0
0.95,EX0,3406,7,0,0,0,0,227,2500.0
0.95,EX0,3407,2,0,0,0,0,227,2500.0
0.95,EX0,3408,0,0,0,0,0,227,2500.0
0.95,EX0,3409,2,0,0,0,0,227,2500.0
0.95,EX0,3410,2,0,0,0,0,227,2500.0
0.95,EX0,3411,0,0,0,0,0,227,2500.0
0.95,EX0,3412,4,0,0,0,0,227,2500.0
0.95,EX0,3413,4,0,0,0,0,227,2500.0
0.95,EX0,3414,2,0,0,0,0,227,2500.0
0.95,EX0,3415,3,0,0,0,0,227,2500.0
0.95,EX0,3416,3,0,0,0,0,227,2500.0
0.95,EX0,3417,7,0,0,0,0,227,2500.0
0.95,EX0,3418,2,0,0,0,0,227,2500.0
0.95,EX0,3419,4,0,0,0,0,227,2500.0
0.95,EX0,3525,1,0,0,0,0,235,2500.0
0.95,EX0,3526,2,1,1,0,0,235,2500.0
0.95,EX0,3527,6,0,0,0,0,235,2500.0
0.95,EX0,3528,3,0,0,0,0,235,2500.0
0.95,EX0,3529,3,0,0,0,0,235,2500.0
0.95,EX0,3530,3,0,0,0,0,235,2500.0
0.95,EX0,3531,4,0,0,0,0,235,2500.0
0.95,EX0,3532,3,0,0,0,0,235,2500.0
0.95,EX0,3533,2,1,1,0,0,235,2500.0
0.95,EX0,3534,3,0,0,0,0,235,2500.0
0.95,EX0,3535,2,0,0,0,0,235,2500.0
0.95,EX0,3536,4,0,0,0,0,235,2500.0
0.95,EX0,3537,3,0,0,0,0,235,2500.0
0.95,EX0,3538,4,0,0,0,0,235,2500.0
0.95,EX0,3539,6,0,0,0,0,235,2500.0
0.95,EX0,3660,3,0,0,0,0,244,2500.0
0.95,EX0,3661,9,0,0,0,0,244,2500.0
0.95,EX0,3662,4,0,0,0,0,244,2500.0
0.95,EX0,3663,2,0,0,0,0,244,2500.0
0.95,EX0,3664,2,0,0,0,0,244,2500.0
0.95,EX0,3665,2,0,0,0,0,244,2500.0
0.95,EX0,3666,3,0,0,0,0,244,2500.0
0.95,EX0,3667,3,0,0,0,0,244,2500.0
0.95,EX0,3668,3,0,0,0,0,244,2500.0
0.95,EX0,3669,3,0,0,0,0,244,2500.0
0.95,EX0,3670,3,0,0,0,0,244,2500.0
0.95,EX0,3671,1,0,0,0,0,244,2500.0
0.95,EX0,3672,1,0,0,0,0,244,2500.0
0.95,EX0,3673,2,0,0,0,0,244,2500.0
0.95,EX0,3674,2,0,0,0,0,244,2500.0
0.95,EX0,3735,2,0,0,0,0,249,2500.0
0.95,EX0,3736,5,0,0,0,0,249,2500.0
0.95,EX0,3737,1,0,0,0,0,249,2500.0
0.95,EX0,3738,4,0,0,0,0,249,2500.0
0.95,EX0,3739,3,0,0,0,0,249,2500.0
0.95,EX0,3740,5,0,0,0,0,249,2500.0
0.95,EX0,3741,4,0,0,0,0,249,2500.0
0.95,EX0,3742,2,0,0,0,0,249,2500.0
0.95,EX0,3743,1,0,0,0,0,249,2500.0
0.95,EX0,3744,1,0,0,0,0,249,2500.0
0.95,EX0,3745,4,0,0,0,0,249,2500.0
0.95,EX0,3746,3,0,0,0,0,249,2500.0
0.95,EX0,3747,3,0,0,0,0,249,2500.0
0.95,EX0,3748,3,0,0,0,0,249,2500.0
0.95,EX0,3749,2,0,0,0,0,249,2500.0
0.95,EX0,3750,6,0,0,0,0,250,2500.0
0.95,EX0,3751,4,0,0,0,0,250,2500.0
0.95,EX0,3752,2,0,0,0,0,250,2500.0
0.95,EX0,3753,2,0,0,0,0,250,2500.0
0.95,EX0,3754,3,0,0,0,0,250,2500.0
0.95,EX0,3755,6,0,0,0,0,250,2500.0
0.95,EX0,3756,6,0,0,0,0,250,2500.0
0.95,EX0,3757,5,0,0,0,0,250,2500.0
0.95,EX0,3758,3,0,0,0,0,250,2500.0
0.95,EX0,3759,3,0,0,0,0,250,2500.0
0.95,EX0,3760,4,0,0,0,0,250,2500.0
0.95,EX0,3761,2,0,0,0,0,250,2500.0
0.95,EX0,3762,2,0,0,0,0,250,2500.0
0.95,EX0,3763,5,0,0,0,0,250,2500.0
0.95,EX0,3764,1,0,0,0,0,250,2500.0
0.95,EX0,3840,2,0,0,0,0,256,2500.0
0.95,EX0,3841,1,0,0,0,0,256,2500.0
0.95,EX0,3842,0,0,0,0,0,256,2500.0
0.95,EX0,3843,2,0,0,0,0,256,2500.0
0.95,EX0,3844,4,0,0,0,0,256,2500.0
0.95,EX0,3845,4,0,0,0,0,256,2500.0
0.95,EX0,3846,3,0,0,0,0,256,2500.0
0.95,EX0,3847,3,0,0,0,0,256,2500.0
0.95,EX0,3848,3,0,0,0,0,256,2500.0
0.95,EX0,3849,3,0,0,0,0,256,2500.0
0.95,EX0,3850,7,0,0,0,0,256,2500.0
0.95,EX0,3851,2,0,0,0,0,256,2500.0
0.95,EX0,3852,4,0,0,0,0,256,2500.0
0.95,EX0,3853,3,0,0,0,0,256,2500.0
0.95,EX0,3854,6,1,1,0,0,256,2500.0
0.95,EX0,3900,3,0,0,0,0,260,2500.0
0.95,EX0,3901,1,0,0,0,0,260,2500.0
0.95,EX0,3902,3,0,0,0,0,260,2500.0
0.95,EX0,3903,4,0,0,0,0,260,2500.0
0.95,EX0,3904,1,0,0,0,0,260,2500.0
0.95,EX0,3905,3,0,0,0,0,260,2500.0
0.95,EX0,3906,0,0,0,0,0,260,2500.0
0.95,EX0,3907,1,0,0,0,0,260,2500.0
0.95,EX0,3908,4,0,0,0,0,260,2500.0
0.95,EX0,3909,1,0,0,0,0,260,2500.0
0.95,EX0,3910,5,0,0,0,0,260,2500.0
0.95,EX0,3911,5,0,0,0,0,260,2500.0
0.95,EX0,3912,4,0,0,0,0,260,2500.0
0.95,EX0,3913,6,1,1,0,0,260,2500.0
0.95,EX0,3914,8,0,0,0,0,260,2500.0
0.95,EX0,4065,0,0,0,0,0,271,2500.0
0.95,EX0,4066,5,0,0,0,0,271,2500.0
0.95,EX0,4067,1,0,0,0,0,271,2500.0
0.95,EX0,4068,4,0,0,0,0,271,2500.0
0.95,EX0,4069,5,0,0,0,0,271,2500.0
0.95,EX0,4070,1,0,0,0,0,271,2500.0
0.95,EX0,4071,2,0,0,0,0,271,2500.0
0.95,EX0,4072,8,0,0,0,0,271,2500.0
0.95,EX0,4073,1,0,0,0,0,271,2500.0
0.95,EX0,4074,4,1,1,0,0,271,2500.0
0.95,EX0,4075,2,0,0,0,0,271,2500.0
0.95,EX0,4076,1,0,0,0,0,271,2500.0
0.95,EX0,4077,2,0,0,0,0,271,2500.0
0.95,EX0,4078,3,0,0,0,0,271,2500.0
0.95,EX0,4079,2,0,0,0,0,271,2500.0
0.95,EX0,4215,5,0,0,0,0,281,2500.0
0.95,EX0,4216,8,1,1,0,0,281,2500.0
0.95,EX0,4217,4,0,0,0,0,281,2500.0
0.95,EX0,4218,3,0,0,0,0,281,2500.0
0.95,EX0,4219,2,0,0,0,0,281,2500.0
0.95,EX0,4220,3,1,1,0,0,281,2500.0
0.95,EX0,4221,0,0,0,0,0,281,2500.0
0.95,EX0,4222,2,0,0,0,0,281,2500.0
0.95,EX0,4223,3,0,0,0,0,281,2500.0
0.95,EX0,4224,4,0,0,0,0,281,2500.0
0.95,EX0,4225,1,0,0,0,0,281,2500.0
0.95,EX0,4226,3,0,0,0,0,281,2500.0
0.95,EX0,4227,3,0,0,0,0,281,2500.0
0.95,EX0,4228,5,1,1,0,0,281,2500.0
0.95,EX0,4229,2,0,0,0,0,281,2500.0
0.95,EX0,4260,4,0,0,0,0,284,2500.0
0.95,EX0,4261,3,0,0,0,0,284,2500.0
0.95,EX0,4262,6,0,0,0,0,284,2500.0
0.95,EX0,4263,1,0,0,0,0,284,2500.0
0.95,EX0,4264,5,0,0,0,0,284,2500.0
0.95,EX0,4265,3,0,0,0,0,284,2500.0
0.95,EX0,4266,2,0,0,0,0,284,2500.0
0.95,EX0,4267,1,0,0,0,0,284,2500.0
0.95,EX0,4268,1,0,0,0,0,284,2500.0
0.95,EX0,4269,4,0,0,0,0,284,2500.0
0.95,EX0,4270,2,0,0,0,0,284,2500.0
0.95,EX0,4271,2,0,0,0,0,284,2500.0
0.95,EX0,4272,5,0,0,0,0,284,2500.0
0.95,EX0,4273,4,1,1,0,0,284,2500.0
0.95,EX0,4274,1,0,0,0,0,284,2500.0
0.95,EX0,4290,3,0,0,0,0,286,2500.0
0.95,EX0,4291,3,0,0,0,0,286,2500.0
0.95,EX0,4292,4,0,0,0,0,286,2500.0
0.95,EX0,4293,3,0,0,0,0,286,2500.0
0.95,EX0,4294,1,0,0,0,0,286,2500.0
0.95,EX0,4295,1,0,0,0,0,286,2500.0
0.95,EX0,4296,1,0,0,0,0,286,2500.0
0.95,EX0,4297,7,0,0,0,0,286,2500.0
0.95,EX0,4298,5,0,0,0,0,286,2500.0
0.95,EX0,4299,2,0,0,0,0,286,2500.0
0.95,EX0,4300,3,0,0,0,0,286,2500.0
0.95,EX0,4301,1,0,0,0,0,286,2500.0
0.95,EX0,4302,3,1,1,0,0,286,2500.0
0.95,EX0,4303,1,0,0,0,0,286,2500.0
0.95,EX0,4304,2,0,0,0,0,286,2500.0
0.95,EX0,4365,4,0,0,0,0,291,2500.0
0.95,EX0,4366,2,0,0,0,0,291,2500.0
0.95,EX0,4367,3,0,0,0,0,291,2500.0
0.95,EX0,4368,0,0,0,0,0,291,2500.0
0.95,EX0,4369,3,0,0,0,0,291,2500.0
0.95,EX0,4370,3,0,0,0,0,291,2500.0
0.95,EX0,4371,3,0,0,0,0,291,2500.0
0.95,EX0,4372,3,0,0,0,0,291,2500.0
0.95,EX0,4373,1,0,0,0,0,291,2500.0
0.95,EX0,4374,5,0,0,0,0,291,2500.0
0.95,EX0,4375,4,0,0,0,0,291,2500.0
0.95,EX0,4376,8,1,1,0,0,291,2500.0
0.95,EX0,4377,2,0,0,0,0,291,2500.0
0.95,EX0,4378,1,0,0,0,0,291,2500.0
0.95,EX0,4379,3,0,0,0,0,291,2500.0
0.95,EX0,4380,2,0,0,0,0,292,2500.0
0.95,EX0,4381,1,0,0,0,0,292,2500.0
0.95,EX0,4382,4,0,0,0,0,292,2500.0
0.95,EX0,4383,6,1,1,0,0,292,2500.0
0.95,EX0,4384,1,0,0,0,0,292,2500.0
0.95,EX0,4385,7,0,0,0,0,292,2500.0
0.95,EX0,4386,1,0,0,0,0,292,2500.0
0.95,EX0,4387,3,0,0,0,0,292,2500.0
0.95,EX0,4388,5,1,1,0,0,292,2500.0
0.95,EX0,4389,4,0,0,0,0,292,2500.0
0.95,EX0,4390,2,1,1,0,0,292,2500.0
0.95,EX0,4391,2,0,0,0,0,292,2500.0
0.95,EX0,4392,2,0,0,0,0,292,2500.0
0.95,EX0,4393,7,0,0,0,0,292,2500.0
0.95,EX0,4394,3,0,0,0,0,292,2500.0
0.95,EX0,4440,2,0,0,0,0,296,2500.0
0.95,EX0,4441,3,0,0,0,0,296,2500.0
0.95,EX0,4442,3,0,0,0,0,296,2500.0
0.95,EX0,4443,1,0,0,0,0,296,2500.0
0.95,EX0,4444,4,0,0,0,0,296,2500.0
0.95,EX0,4445,2,0,0,0,0,296,2500.0
0.95,EX0,4446,2,0,0,0,0,296,2500.0
0.95,EX0,4447,2,0,0,0,0,296,2500.0
0.95,EX0,4448,2,0,0,0,0,296,2500.0
0.95,EX0,4449,3,1,1,0,0,296,2500.0
0.95,EX0,4450,4,0,0,0,0,296,2500.0
0.95,EX0,4451,6,0,0,0,0,296,2500.0
0.95,EX0,4452,2,0,0,0,0,296,2500.0
0.95,EX0,4453,1,1,1,0,0,296,2500.0
0.95,EX0,4454,3,0,0,0,0,296,2500.0
0.95,EX0,4530,1,0,0,0,0,302,2500.0
0.95,EX0,4531,6,0,0,0,0,302,2500.0
0.95,EX0,4532,3,0,0,0,0,302,2500.0
0.95,EX0,4533,3,1,1,0,0,302,2500.0
0.95,EX0,4534,7,0,0,0,0,302,2500.0
0.95,EX0,4535,4,0,0,0,0,302,2500.0
0.95,EX0,4536,3,0,0,0,0,302,2500.0
0.95,EX0,4537,5,0,0,0,0,302,2500.0
0.95,EX0,4538,3,0,0,0,0,302,2500.0
0.95,EX0,4539,1,0,0,0,0,302,2500.0
0.95,EX0,4540,5,0,0,0,0,302,2500.0
0.95,EX0,4541,5,0,0,0,0,302,2500.0
0.95,EX0,4542,3,0,0,0,0,302,2500.0
0.95,EX0,4543,3,0,0,0,0,302,2500.0
0.95,EX0,4544,9,0,0,0,0,302,2500.0
0.95,EX0,4560,2,0,0,0,0,304,2500.0
0.95,EX0,4561,3,0,0,0,0,304,2500.0
0.95,EX0,4562,6,0,0,0,0,304,2500.0
0.95,EX0,4563,5,0,0,0,0,304,2500.0
0.95,EX0,4564,2,0,0,0,0,304,2500.0
0.95,EX0,4565,4,0,0,0,0,304,2500.0
0.95,EX0,4566,2,0,0,0,0,304,2500.0
0.95,EX0,4567,3,0,0,0,0,304,2500.0
0.95,EX0,4568,3,0,0,0,0,304,2500.0
0.95,EX0,4569,2,0,0,0,0,304,2500.0
0.95,EX0,4570,3,0,0,0,0,304,2500.0
0.95,EX0,4571,4,0,0,0,0,304,2500.0
0.95,EX0,4572,2,0,0,0,0,304,2500.0
0.95,EX0,4573,3,0,0,0,0,304,2500.0
0.95,EX0,4574,3,0,0,0,0,304,2500.0
0.95,EX0,4650,3,0,0,0,0,310,2500.0
0.95,EX0,4651,2,0,0,0,0,310,2500.0
0.95,EX0,4652,2,0,0,0,0,310,2500.0
0.95,EX0,4653,1,0,0,0,0,310,2500.0
0.95,EX0,4654,1,0,0,0,0,310,2500.0
0.95,EX0,4655,5,0,0,0,0,310,2500.0
0.95,EX0,4656,1,0,0,0,0,310,2500.0
0.95,EX0,4657,1,0,0,0,0,310,2500.0
0.95,EX0,4658,3,0,0,0,0,310,2500.0
0.95,EX0,4659,3,0,0,0,0,310,2500.0
0.95,EX0,4660,1,0,0,0,0,310,2500.0
0.95,EX0,4661,4,1,1,0,0,310,2500.0
0.95,EX0,4662,4,0,0,0,0,310,2500.0
0.95,EX0,4663,0,0,0,0,0,310,2500.0
0.95,EX0,4664,1,0,0,0,0,310,2500.0
0.95,EX0,4710,1,0,0,0,0,314,2500.0
0.95,EX0,4711,3,0,0,0,0,314,2500.0
0.95,EX0,4712,3,0,0,0,0,314,2500.0
0.95,EX0,4713,2,0,0,0,0,314,2500.0
0.95,EX0,4714,2,0,0,0,0,314,2500.0
0.95,EX0,4715,2,0,0,0,0,314,2500.0
0.95,EX0,4716,6,0,0,0,0,314,2500.0
0.95,EX0,4717,3,0,0,0,0,314,2500.0
0.95,EX0,4718,4,0,0,0,0,314,2500.0
0.95,EX0,4719,4,0,0,0,0,314,2500.0
0.95,EX0,4720,4,1,1,0,0,314,2500.0
0.95,EX0,4721,3,0,0,0,0,314,2500.0
0.95,EX0,4722,3,0,0,0,0,314,2500.0
0.95,EX0,4723,2,0,0,0,0,314,2500.0
0.95,EX0,4724,3,0,0,0,0,314,2500.0
0.95,EX0,4770,1,0,0,0,0,318,2500.0
0.95,EX0,4771,0,0,0,0,0,318,2500.0
0.95,EX0,4772,3,0,0,0,0,318,2500.0
0.95,EX0,4773,2,0,0,0,0,318,2500.0
0.95,EX0,4774,2,0,0,0,0,318,2500.0
0.95,EX0,4775,0,0,0,0,0,318,2500.0
0.95,EX0,4776,4,0,0,0,0,318,2500.0
0.95,EX0,4777,8,2,2,0,0,318,2500.0
0.95,EX0,4778,1,0,0,0,0,318,2500.0
0.95,EX0,4779,5,1,1,0,0,318,2500.0
0.95,EX0,4780,6,0,0,0,0,318,2500.0
0.95,EX0,4781,2,0,0,0,0,318,2500.0
0.95,EX0,4782,3,0,0,0,0,318,2500.0
0.95,EX0,4783,2,0,0,0,0,318,2500.0
0.95,EX0,4784,4,0,0,0,0,318,2500.0
0.95,EX0,4935,4,0,0,0,0,329,2500.0
0.95,EX0,4936,4,0,0,0,0,329,2500.0
0.95,EX0,4937,4,0,0,0,0,329,2500.0
0.95,EX0,4938,3,0,0,0,0,329,2500.0
0.95,EX0,4939,4,1,1,0,0,329,2500.0
0.95,EX0,4940,2,0,0,0,0,329,2500.0
0.95,EX0,4941,4,0,0,0,0,329,2500.0
0.95,EX0,4942,2,0,0,0,0,329,2500.0
0.95,EX0,4943,2,0,0,0,0,329,2500.0
0.95,EX0,4944,1,0,0,0,0,329,2500.0
0.95,EX0,4945,3,0,0,0,0,329,2500.0
0.95,EX0,4946,2,0,0,0,0,329,2500.0
0.95,EX0,4947,3,0,0,0,0,329,2500.0
0.95,EX0,4948,5,0,0,0,0,329,2500.0
0.95,EX0,4949,2,1,1,0,0,329,2500.0
0.95,EX0,4995,0,0,0,0,0,333,2500.0
0.95,EX0,4996,4,0,0,0,0,333,2500.0
0.95,EX0,4997,6,2,1,1,0,333,2500.0
0.95,EX0,4998,0,0,0,0,0,333,2500.0
0.95,EX0,4999,9,0,0,0,0,333,2500.0
0.95,EX0,5000,2,0,0,0,0,333,2500.0
0.95,EX0,5001,4,0,0,0,0,333,2500.0
0.95,EX0,5002,7,0,0,0,0,333,2500.0
0.95,EX0,5003,0,0,0,0,0,333,2500.0
0.95,EX0,5004,4,0,0,0,0,333,2500.0
0.95,EX0,5005,1,0,0,0,0,333,2500.0
0.95,EX0,5006,3,0,0,0,0,333,2500.0
0.95,EX0,5007,4,0,0,0,0,333,2500.0
0.95,EX0,5008,4,0,0,0,0,333,2500.0
0.95,EX0,5009,2,1,1,0,0,333,2500.0
0.95,EX0,5070,3,0,0,0,0,338,2500.0
0.95,EX0,5071,3,0,0,0,0,338,2500.0
0.95,EX0,5072,4,0,0,0,0,338,2500.0
0.95,EX0,5073,4,1,0,1,0,338,2500.0
0.95,EX0,5074,2,0,0,0,0,338,2500.0
0.95,EX0,5075,3,0,0,0,0,338,2500.0
0.95,EX0,5076,4,0,0,0,0,338,2500.0
0.95,EX0,5077,6,0,0,0,0,338,2500.0
0.95,EX0,5078,6,0,0,0,0,338,2500.0
0.95,EX0,5079,1,0,0,0,0,338,2500.0
0.95,EX0,5080,2,0,0,0,0,338,2500.0
0.95,EX0,5081,5,0,0,0,0,338,2500.0
0.95,EX0,5082,5,0,0,0,0,338,2500.0
0.95,EX0,5083,2,0,0,0,0,338,2500.0
0.95,EX0,5084,2,0,0,0,0,338,2500.0
0.95,EX0,5115,3,0,0,0,0,341,2500.0
0.95,EX0,5116,2,1,1,0,0,341,2500.0
0.95,EX0,5117,3,0,0,0,0,341,2500.0
0.95,EX0,5118,2,0,0,0,0,341,2500.0
0.95,EX0,5119,4,0,0,0,0,341,2500.0
0.95,EX0,5120,3,0,0,0,0,341,2500.0
0.95,EX0,5121,6,0,0,0,0,341,2500.0
0.95,EX0,5122,1,0,0,0,0,341,2500.0
0.95,EX0,5123,8,0,0,0,0,341,2500.0
0.95,EX0,5124,4,1,1,0,0,341,2500.0
0.95,EX0,5125,3,0,0,0,0,341,2500.0
0.95,EX0,5126,3,0,0,0,0,341,2500.0
0.95,EX0,5127,2,0,0,0,0,341,2500.0
0.95,EX0,5128,3,0,0,0,0,341,2500.0
0.95,EX0,5129,3,0,0,0,0,341,2500.0
0.95,EX0,5295,5,0,0,0,0,353,2500.0
0.95,EX0,5296,5,0,0,0,0,353,2500.0
0.95,EX0,5297,2,0,0,0,0,353,2500.0
0.95,EX0,5298,5,0,0,0,0,353,2500.0
0.95,EX0,5299,3,0,0,0,0,353,2500.0
0.95,EX0,5300,9,0,0,0,0,353,2500.0
0.95,EX0,5301,3,0,0,0,0,353,2500.0
0.95,EX0,5302,7,0,0,0,0,353,2500.0
0.95,EX0,5303,0,0,0,0,0,353,2500.0
0.95,EX0,5304,3,0,0,0,0,353,2500.0
0.95,EX0,5305,2,0,0,0,0,353,2500.0
0.95,EX0,5306,4,1,1,0,0,353,2500.0
0.95,EX0,5307,4,1,1,0,0,353,2500.0
0.95,EX0,5308,6,0,0,0,0,353,2500.0
0.95,EX0,5309,5,1,1,0,0,353,2500.0
0.95,EX0,5400,6,0,0,0,0,360,2500.0
0.95,EX0,5401,5,0,0,0,0,360,2500.0
0.95,EX0,5402,2,0,0,0,0,360,2500.0
0.95,EX0,5403,3,0,0,0,0,360,2500.0
0.95,EX0,5404,3,0,0,0,0,360,2500.0
0.95,EX0,5405,1,0,0,0,0,360,2500.0
0.95,EX0,5406,3,0,0,0,0,360,2500.0
0.95,EX0,5407,8,1,1,0,0,360,2500.0
0.95,EX0,5408,0,0,0,0,0,360,2500.0
0.95,EX0,5409,3,0,0,0,0,360,2500.0
0.95,EX0,5410,6,3,3,0,0,360,2500.0
0.95,EX0,5411,2,0,0,0,0,360,2500.0
0.95,EX0,5412,3,0,0,0,0,360,2500.0
0.95,EX0,5413,4,0,0,0,0,360,2500.0
0.95,EX0,5414,2,0,0,0,0,360,2500.0
0.95,EX0,5415,2,0,0,0,0,361,2500.0
0.95,EX0,5416,2,0,0,0,0,361,2500.0
0.95,EX0,5417,4,1,1,0,0,361,2500.0
0.95,EX0,5418,1,0,0,0,0,361,2500.0
0.95,EX0,5419,2,0,0,0,0,361,2500.0
0.95,EX0,5420,7,0,0,0,0,361,2500.0
0.95,EX0,5421,4,0,0,0,0,361,2500.0
0.95,EX0,5422,3,0,0,0,0,361,2500.0
0.95,EX0,5423,1,0,0,0,0,361,2500.0
0.95,EX0,5424,2,0,0,0,0,361,2500.0
0.95,EX0,5425,3,0,0,0,0,361,2500.0
0.95,EX0,5426,4,1,1,0,0,361,2500.0
0.95,EX0,5427,2,1,1,0,0,361,2500.0
0.95,EX0,5428,4,0,0,0,0,361,2500.0
0.95,EX0,5429,3,0,0,0,0,361,2500.0
0.95,EX0,5535,1,0,0,0,0,369,2500.0
0.95,EX0,5536,6,0,0,0,0,369,2500.0
0.95,EX0,5537,4,0,0,0,0,369,2500.0
0.95,EX0,5538,3,0,0,0,0,369,2500.0
0.95,EX0,5539,5,0,0,0,0,369,2500.0
0.95,EX0,5540,3,0,0,0,0,369,2500.0
0.95,EX0,5541,1,0,0,0,0,369,2500.0
0.95,EX0,5542,2,1,1,0,0,369,2500.0
0.95,EX0,5543,4,0,0,0,0,369,2500.0
0.95,EX0,5544,3,0,0,0,0,369,2500.0
0.95,EX0,5545,4,0,0,0,0,369,2500.0
0.95,EX0,5546,2,0,0,0,0,369,2500.0
0.95,EX0,5547,2,0,0,0,0,369,2500.0
0.95,EX0,5548,2,0,0,0,0,369,2500.0
0.95,EX0,5549,2,0,0,0,0,369,2500.0
0.95,EX0,5820,2,0,0,0,0,388,2500.0
0.95,EX0,5821,6,0,0,0,0,388,2500.0
0.95,EX0,5822,1,0,0,0,0,388,2500.0
0.95,EX0,5823,2,0,0,0,0,388,2500.0
0.95,EX0,5824,4,0,0,0,0,388,2500.0
0.95,EX0,5825,2,0,0,0,0,388,2500.0
0.95,EX0,5826,3,0,0,0,0,388,2500.0
0.95,EX0,5827,3,0,0,0,0,388,2500.0
0.95,EX0,5828,1,0,0,0,0,388,2500.0
0.95,EX0,5829,1,0,0,0,0,388,2500.0
0.95,EX0,5830,2,0,0,0,0,388,2500.0
0.95,EX0,5831,3,1,1,0,0,388,2500.0
0.95,EX0,5832,7,1,1,0,0,388,2500.0
0.95,EX0,5833,4,0,0,0,0,388,2500.0
0.95,EX0,5834,4,0,0,0,0,388,2500.0
0.95,EX0,5850,2,0,0,0,0,390,2500.0
0.95,EX0,5851,4,0,0,0,0,390,2500.0
0.95,EX0,5852,5,0,0,0,0,390,2500.0
0.95,EX0,5853,1,0,0,0,0,390,2500.0
0.95,EX0,5854,1,0,0,0,0,390,2500.0
0.95,EX0,5855,2,0,0,0,0,390,2500.0
0.95,EX0,5856,3,0,0,0,0,390,2500.0
0.95,EX0,5857,3,0,0,0,0,390,2500.0
0.95,EX0,5858,1,0,0,0,0,390,2500.0
0.95,EX0,5859,2,0,0,0,0,390,2500.0
0.95,EX0,5860,2,0,0,0,0,390,2500.0
0.95,EX0,5861,3,0,0,0,0,390,2500.0
0.95,EX0,5862,2,0,0,0,0,390,2500.0
0.95,EX0,5863,2,0,0,0,0,390,2500.0
0.95,EX0,5864,3,0,0,0,0,390,2500.0
0.95,EX0,5895,6,0,0,0,0,393,2500.0
0.95,EX0,5896,1,0,0,0,0,393,2500.0
0.95,EX0,5897,2,0,0,0,0,393,2500.0
0.95,EX0,5898,7,0,0,0,0,393,2500.0
0.95,EX0,5899,6,1,1,0,0,393,2500.0
0.95,EX0,5900,4,0,0,0,0,393,2500.0
0.95,EX0,5901,7,0,0,0,0,393,2500.0
0.95,EX0,5902,2,0,0,0,0,393,2500.0
0.95,EX0,5903,3,0,0,0,0,393,2500.0
0.95,EX0,5904,3,0,0,0,0,393,2500.0
0.95,EX0,5905,4,0,0,0,0,393,2500.0
0.95,EX0,5906,3,0,0,0,0,393,2500.0
0.95,EX0,5907,4,0,0,0,0,393,2500.0
0.95,EX0,5908,2,0,0,0,0,393,2500.0
0.95,EX0,5909,2,0,0,0,0,393,2500.0
0.95,EX0,5985,4,0,0,0,0,399,2500.0
0.95,EX0,5986,1,0,0,0,0,399,2500.0
0.95,EX0,5987,3,0,0,0,0,399,2500.0
0.95,EX0,5988,5,0,0,0,0,399,2500.0
0.95,EX0,5989,5,0,0,0,0,399,2500.0
0.95,EX0,5990,4,1,1,0,0,399,2500.0
0.95,EX0,5991,4,0,0,0,0,399,2500.0
0.95,EX0,5992,2,0,0,0,0,399,2500.0
0.95,EX0,5993,4,0,0,0,0,399,2500.0
0.95,EX0,5994,1,0,0,0,0,399,2500.0
0.95,EX0,5995,4,0,0,0,0,399,2500.0
0.95,EX0,5996,4,0,0,0,0,399,2500.0
0.95,EX0,5997,5,0,0,0,0,399,2500.0
0.95,EX0,5998,2,0,0,0,0,399,2500.0
0.95,EX0,5999,3,0,0,0,0,399,2500.0
0.95,EX0,6165,3,0,0,0,0,411,2500.0
0.95,EX0,6166,3,0,0,0,0,411,2500.0
0.95,EX0,6167,2,0,0,0,0,411,2500.0
0.95,EX0,6168,4,0,0,0,0,411,2500.0
0.95,EX0,6169,2,0,0,0,0,411,2500.0
0.95,EX0,6170,2,0,0,0,0,411,2500.0
0.95,EX0,6171,3,0,0,0,0,411,2500.0
0.95,EX0,6172,1,0,0,0,0,411,2500.0
0.95,EX0,6173,5,0,0,0,0,411,2500.0
0.95,EX0,6174,6,0,0,0,0,411,2500.0
0.95,EX0,6175,3,0,0,0,0,411,2500.0
0.95,EX0,6176,3,0,0,0,0,411,2500.0
0.95,EX0,6177,4,0,0,0,0,411,2500.0
0.95,EX0,6178,1,0,0,0,0,411,2500.0
0.95,EX0,6179,2,0,0,0,0,411,2500.0
0.95,EX0,6255,0,0,0,0,0,417,2500.0
0.95,EX0,6256,4,0,0,0,0,417,2500.0
0.95,EX0,6257,2,0,0,0,0,417,2500.0
0.95,EX0,6258,3,0,0,0,0,417,2500.0
0.95,EX0,6259,1,0,0,0,0,417,2500.0
0.95,EX0,6260,2,0,0,0,0,417,2500.0
0.95,EX0,6261,3,0,0,0,0,417,2500.0
0.95,EX0,6262,5,3,3,0,0,417,2500.0
0.95,EX0,6263,4,1,1,0,0,417,2500.0
0.95,EX0,6264,8,0,0,0,0,417,2500.0
0.95,EX0,6265,3,0,0,0,0,417,2500.0
0.95,EX0,6266,0,0,0,0,0,417,2500.0
0.95,EX0,6267,5,0,0,0,0,417,2500.0
0.95,EX0,6268,3,0,0,0,0,417,2500.0
0.95,EX0,6269,5,0,0,0,0,417,2500.0
0.95,EX0,6540,3,0,0,0,0,436,2500.0
0.95,EX0,6541,2,0,0,0,0,436,2500.0
0.95,EX0,6542,2,0,0,0,0,436,2500.0
0.95,EX0,6543,0,0,0,0,0,436,2500.0
0.95,EX0,6544,2,0,0,0,0,436,2500.0
0.95,EX0,6545,5,0,0,0,0,436,2500.0
0.95,EX0,6546,2,0,0,0,0,436,2500.0
0.95,EX0,6547,3,0,0,0,0,436,2500.0
0.95,EX0,6548,1,0,0,0,0,436,2500.0
0.95,EX0,6549,3,0,0,0,0,436,2500.0
0.95,EX0,6550,7,1,0,1,0,436,2500.0
0.95,EX0,6551,4,1,1,0,0,436,2500.0
0.95,EX0,6552,5,0,0,0,0,436,2500.0
0.95,EX0,6553,5,1,1,0,0,436,2500.0
0.95,EX0,6554,4,0,0,0,0,436,2500.0
0.95,EX0,6645,1,0,0,0,0,443,2500.0
0.95,EX0,6646,1,0,0,0,0,443,2500.0
0.95,EX0,6647,3,0,0,0,0,443,2500.0
0.95,EX0,6648,5,0,0,0,0,443,2500.0
0.95,EX0,6649,4,0,0,0,0,443,2500.0
0.95,EX0,6650,5,0,0,0,0,443,2500.0
0.95,EX0,6651,3,0,0,0,0,443,2500.0
0.95,EX0,6652,4,0,0,0,0,443,2500.0
0.95,EX0,6653,6,0,0,0,0,443,2500.0
0.95,EX0,6654,4,0,0,0,0,443,2500.0
0.95,EX0,6655,5,0,0,0,0,443,2500.0
0.95,EX0,6656,0,0,0,0,0,443,2500.0
0.95,EX0,6657,4,0,0,0,0,443,2500.0
0.95,EX0,6658,4,0,0,0,0,443,2500.0
0.95,EX0,6659,4,1,1,0,0,443,2500.0
0.95,EX0,6690,3,0,0,0,0,446,2500.0
0.95,EX0,6691,3,0,0,0,0,446,2500.0
0.95,EX0,6692,2,0,0,0,0,446,2500.0
0.95,EX0,6693,1,0,0,0,0,446,2500.0
0.95,EX0,6694,2,1,1,0,0,446,2500.0
0.95,EX0,6695,3,0,0,0,0,446,2500.0
0.95,EX0,6696,4,0,0,0,0,446,2500.0
0.95,EX0,6697,3,0,0,0,0,446,2500.0
0.95,EX0,6698,3,0,0,0,0,446,2500.0
0.95,EX0,6699,0,0,0,0,0,446,2500.0
0.95,EX0,6700,3,0,0,0,0,446,2500.0
0.95,EX0,6701,2,0,0,0,0,446,2500.0
0.95,EX0,6702,3,0,0,0,0,446,2500.0
0.95,EX0,6703,1,0,0,0,0,446,2500.0
0.95,EX0,6704,4,0,0,0,0,446,2500.0
0.95,EX0,6705,4,0,0,0,0,447,2500.0
0.95,EX0,6706,5,0,0,0,0,447,2500.0
0.95,EX0,6707,2,0,0,0,0,447,2500.0
0.95,EX0,6708,7,0,0,0,0,447,2500.0
0.95,EX0,6709,2,0,0,0,0,447,2500.0
0.95,EX0,6710,4,0,0,0,0,447,2500.0
0.95,EX0,6711,6,0,0,0,0,447,2500.0
0.95,EX0,6712,2,0,0,0,0,447,2500.0
0.95,EX0,6713,3,0,0,0,0,447,2500.0
0.95,EX0,6714,3,0,0,0,0,447,2500.0
0.95,EX0,6715,1,0,0,0,0,447,2500.0
0.95,EX0,6716,3,1,1,0,0,447,2500.0
0.95,EX0,6717,4,0,0,0,0,447,2500.0
0.95,EX0,6718,2,0,0,0,0,447,2500.0
0.95,EX0,6719,4,0,0,0,0,447,2500.0
0.95,EX0,6720,3,0,0,0,0,448,2500.0
0.95,EX0,6721,0,0,0,0,0,448,2500.0
0.95,EX0,6722,3,0,0,0,0,448,2500.0
0.95,EX0,6723,5,0,0,0,0,448,2500.0
0.95,EX0,6724,4,0,0,0,0,448,2500.0
0.95,EX0,6725,1,0,0,0,0,448,2500.0
0.95,EX0,6726,2,1,1,0,0,448,2500.0
0.95,EX0,6727,4,0,0,0,0,448,2500.0
0.95,EX0,6728,1,0,0,0,0,448,2500.0
0.95,EX0,6729,1,0,0,0,0,448,2500.0
0.95,EX0,6730,4,0,0,0,0,448,2500.0
0.95,EX0,6731,2,0,0,0,0,448,2500.0
0.95,EX0,6732,3,0,0,0,0,448,2500.0
0.95,EX0,6733,6,0,0,0,0,448,2500.0
0.95,EX0,6734,2,0,0,0,0,448,2500.0
0.95,EX0,6930,2,0,0,0,0,462,2500.0
0.95,EX0,6931,4,0,0,0,0,462,2500.0
0.95,EX0,6932,2,0,0,0,0,462,2500.0
0.95,EX0,6933,3,0,0,0,0,462,2500.0
0.95,EX0,6934,3,0,0,0,0,462,2500.0
0.95,EX0,6935,9,1,0,1,0,462,2500.0
0.95,EX0,6936,1,0,0,0,0,462,2500.0
0.95,EX0,6937,3,1,1,0,0,462,2500.0
0.95,EX0,6938,3,0,0,0,0,462,2500.0
0.95,EX0,6939,1,1,1,0,0,462,2500.0
0.95,EX0,6940,3,0,0,0,0,462,2500.0
0.95,EX0,6941,6,0,0,0,0,462,2500.0
0.95,EX0,6942,3,0,0,0,0,462,2500.0
0.95,EX0,6943,0,0,0,0,0,462,2500.0
0.95,EX0,6944,3,0,0,0,0,462,2500.0
0.95,EX0,6975,3,0,0,0,0,465,2500.0
0.95,EX0,6976,4,0,0,0,0,465,2500.0
0.95,EX0,6977,2,0,0,0,0,465,2500.0
0.95,EX0,6978,1,0,0,0,0,465,2500.0
0.95,EX0,6979,4,2,2,0,0,465,2500.0
0.95,EX0,6980,3,0,0,0,0,465,2500.0
0.95,EX0,6981,4,0,0,0,0,465,2500.0
0.95,EX0,6982,7,1,1,0,0,465,2500.0
0.95,EX0,6983,2,0,0,0,0,465,2500.0
0.95,EX0,6984,6,0,0,0,0,465,2500.0
0.95,EX0,6985,2,0,0,0,0,465,2500.0
0.95,EX0,6986,2,0,0,0,0,465,2500.0
0.95,EX0,6987,3,0,0,0,0,465,2500.0
0.95,EX0,6988,2,0,0,0,0,465,2500.0
0.95,EX0,6989,0,0,0,0,0,465,2500.0
0.95,EX0,7005,3,0,0,0,0,467,2500.0
0.95,EX0,7006,1,0,0,0,0,467,2500.0
0.95,EX0,7007,10,0,0,0,0,467,2500.0
0.95,EX0,7008,5,0,0,0,0,467,2500.0
0.95,EX0,7009,2,1,1,0,0,467,2500.0
0.95,EX0,7010,4,0,0,0,0,467,2500.0
0.95,EX0,7011,4,0,0,0,0,467,2500.0
0.95,EX0,7012,1,0,0,0,0,467,2500.0
0.95,EX0,7013,3,0,0,0,0,467,2500.0
0.95,EX0,7014,4,0,0,0,0,467,2500.0
0.95,EX0,7015,3,0,0,0,0,467,2500.0
0.95,EX0,7016,3,0,0,0,0,467,2500.0
0.95,EX0,7017,2,0,0,0,0,467,2500.0
0.95,EX0,7018,5,2,2,0,0,467,2500.0
0.95,EX0,7019,2,0,0,0,0,467,2500.0
0.95,EX0,7020,6,0,0,0,0,468,2500.0
0.95,EX0,7021,4,0,0,0,0,468,2500.0
0.95,EX0,7022,4,1,1,0,0,468,2500.0
0.95,EX0,7023,5,0,0,0,0,468,2500.0
0.95,EX0,7024,3,0,0,0,0,468,2500.0
0.95,EX0,7025,3,1,1,0,0,468,2500.0
0.95,EX0,7026,7,0,0,0,0,468,2500.0
0.95,EX0,7027,3,0,0,0,0,468,2500.0
0.95,EX0,7028,0,0,0,0,0,468,2500.0
0.95,EX0,7029,4,1,1,0,0,468,2500.0
0.95,EX0,7030,2,0,0,0,0,468,2500.0
0.95,EX0,7031,6,0,0,0,0,468,2500.0
0.95,EX0,7032,4,0,0,0,0,468,2500.0
0.95,EX0,7033,2,0,0,0,0,468,2500.0
0.95,EX0,7034,2,0,0,0,0,468,2500.0
0.95,EX0,7035,4,0,0,0,0,469,2500.0
0.95,EX0,7036,2,1,1,0,0,469,2500.0
0.95,EX0,7037,3,0,0,0,0,469,2500.0
0.95,EX0,7038,2,0,0,0,0,469,2500.0
0.95,EX0,7039,2,0,0,0,0,469,2500.0
0.95,EX0,7040,2,0,0,0,0,469,2500.0
0.95,EX0,7041,1,0,0,0,0,469,2500.0
0.95,EX0,7042,2,0,0,0,0,469,2500.0
0.95,EX0,7043,4,0,0,0,0,469,2500.0
0.95,EX0,7044,5,0,0,0,0,469,2500.0
0.95,EX0,7045,5,0,0,0,0,469,2500.0
0.95,EX0,7046,1,0,0,0,0,469,2500.0
0.95,EX0,7047,7,0,0,0,0,469,2500.0
0.95,EX0,7048,2,0,0,0,0,469,2500.0
0.95,EX0,7049,4,0,0,0,0,469,2500.0
0.95,EX0,7050,5,0,0,0,0,470,2500.0
0.95,EX0,7051,2,0,0,0,0,470,2500.0
0.95,EX0,7052,3,0,0,0,0,470,2500.0
0.95,EX0,7053,7,0,0,0,0,470,2500.0
0.95,EX0,7054,2,0,0,0,0,470,2500.0
0.95,EX0,7055,2,0,0,0,0,470,2500.0
0.95,EX0,7056,1,0,0,0,0,470,2500.0
0.95,EX0,7057,5,0,0,0,0,470,2500.0
0.95,EX0,7058,4,0,0,0,0,470,2500.0
0.95,EX0,7059,1,0,0,0,0,470,2500.0
0.95,EX0,7060,7,1,1,0,0,470,2500.0
0.95,EX0,7061,1,0,0,0,0,470,2500.0
0.95,EX0,7062,5,0,0,0,0,470,2500.0
0.95,EX0,7063,3,1,1,0,0,470,2500.0
0.95,EX0,7064,1,0,0,0,0,470,2500.0
0.95,EX0,7095,1,0,0,0,0,473,2500.0
0.95,EX0,7096,4,0,0,0,0,473,2500.0
0.95,EX0,7097,3,0,0,0,0,473,2500.0
0.95,EX0,7098,4,1,1,0,0,473,2500.0
0.95,EX0,7099,5,0,0,0,0,473,2500.0
0.95,EX0,7100,3,0,0,0,0,473,2500.0
0.95,EX0,7101,3,0,0,0,0,473,2500.0
0.95,EX0,7102,2,0,0,0,0,473,2500.0
0.95,EX0,7103,3,0,0,0,0,473,2500.0
0.95,EX0,7104,3,0,0,0,0,473,2500.0
0.95,EX0,7105,1,0,0,0,0,473,2500.0
0.95,EX0,7106,1,0,0,0,0,473,2500.0
0.95,EX0,7107,4,0,0,0,0,473,2500.0
0.95,EX0,7108,2,0,0,0,0,473,2500.0
0.95,EX0,7109,2,0,0,0,0,473,2500.0
0.95,EX0,7155,4,0,0,0,0,477,2500.0
0.95,EX0,7156,1,0,0,0,0,477,2500.0
0.95,EX0,7157,3,0,0,0,0,477,2500.0
0.95,EX0,7158,2,0,0,0,0,477,2500.0
0.95,EX0,7159,3,0,0,0,0,477,2500.0
0.95,EX0,7160,1,0,0,0,0,477,2500.0
0.95,EX0,7161,5,0,0,0,0,477,2500.0
0.95,EX0,7162,2,0,0,0,0,477,2500.0
0.95,EX0,7163,3,0,0,0,0,477,2500.0
0.95,EX0,7164,3,0,0,0,0,477,2500.0
0.95,EX0,7165,0,0,0,0,0,477,2500.0
0.95,EX0,7166,4,0,0,0,0,477,2500.0
0.95,EX0,7167,2,0,0,0,0,477,2500.0
0.95,EX0,7168,3,0,0,0,0,477,2500.0
0.95,EX0,7169,3,0,0,0,0,477,2500.0
0.95,EX0,7185,2,0,0,0,0,479,2500.0
0.95,EX0,7186,3,0,0,0,0,479,2500.0
0.95,EX0,7187,3,0,0,0,0,479,2500.0
0.95,EX0,7188,6,0,0,0,0,479,2500.0
0.95,EX0,7189,3,0,0,0,0,479,2500.0
0.95,EX0,7190,2,0,0,0,0,479,2500.0
0.95,EX0,7191,2,0,0,0,0,479,2500.0
0.95,EX0,7192,2,0,0,0,0,479,2500.0
0.95,EX0,7193,3,0,0,0,0,479,2500.0
0.95,EX0,7194,2,0,0,0,0,479,2500.0
0.95,EX0,7195,3,0,0,0,0,479,2500.0
0.95,EX0,7196,3,0,0,0,0,479,2500.0
0.95,EX0,7197,5,0,0,0,0,479,2500.0
0.95,EX0,7198,3,0,0,0,0,479,2500.0
0.95,EX0,7199,5,1,1,0,0,479,2500.0
0.95,EX0,7410,1,0,0,0,0,494,2500.0
0.95,EX0,7411,2,0,0,0,0,494,2500.0
0.95,EX0,7412,5,0,0,0,0,494,2500.0
0.95,EX0,7413,2,0,0,0,0,494,2500.0
0.95,EX0,7414,5,0,0,0,0,494,2500.0
0.95,EX0,7415,3,0,0,0,0,494,2500.0
0.95,EX0,7416,2,0,0,0,0,494,2500.0
0.95,EX0,7417,1,0,0,0,0,494,2500.0
0.95,EX0,7418,5,0,0,0,0,494,2500.0
0.95,EX0,7419,3,0,0,0,0,494,2500.0
0.95,EX0,7420,4,0,0,0,0,494,2500.0
0.95,EX0,7421,3,0,0,0,0,494,2500.0
0.95,EX0,7422,2,0,0,0,0,494,2500.0
0.95,EX0,7423,3,2,2,0,0,494,2500.0
0.95,EX0,7424,2,0,0,0,0,494,2500.0
0.95,EX0,7605,3,0,0,0,0,507,2500.0
0.95,EX0,7606,3,0,0,0,0,507,2500.0
0.95,EX0,7607,2,0,0,0,0,507,2500.0
0.95,EX0,7608,1,0,0,0,0,507,2500.0
0.95,EX0,7609,1,0,0,0,0,507,2500.0
0.95,EX0,7610,4,0,0,0,0,507,2500.0
0.95,EX0,7611,1,0,0,0,0,507,2500.0
0.95,EX0,7612,4,0,0,0,0,507,2500.0
0.95,EX0,7613,7,0,0,0,0,507,2500.0
0.95,EX0,7614,2,0,0,0,0,507,2500.0
0.95,EX0,7615,1,0,0,0,0,507,2500.0
0.95,EX0,7616,0,0,0,0,0,507,2500.0
0.95,EX0,7617,7,0,0,0,0,507,2500.0
0.95,EX0,7618,3,0,0,0,0,507,2500.0
0.95,EX0,7619,3,0,0,0,0,507,2500.0
0.95,EX0,7635,5,0,0,0,0,509,2500.0
0.95,EX0,7636,4,0,0,0,0,509,2500.0
0.95,EX0,7637,2,0,0,0,0,509,2500.0
0.95,EX0,7638,3,0,0,0,0,509,2500.0
0.95,EX0,7639,1,0,0,0,0,509,2500.0
0.95,EX0,7640,2,0,0,0,0,509,2500.0
0.95,EX0,7641,3,0,0,0,0,509,2500.0
0.95,EX0,7642,4,0,0,0,0,509,2500.0
0.95,EX0,7643,2,0,0,0,0,509,2500.0
0.95,EX0,7644,0,0,0,0,0,509,2500.0
0.95,EX0,7645,1,0,0,0,0,509,2500.0
0.95,EX0,7646,4,0,0,0,0,509,2500.0
0.95,EX0,7647,3,0,0,0,0,509,2500.0
0.95,EX0,7648,4,0,0,0,0,509,2500.0
0.95,EX0,7649,2,0,0,0,0,509,2500.0
0.95,EX0,7785,4,0,0,0,0,519,2500.0
0.95,EX0,7786,2,0,0,0,0,519,2500.0
0.95,EX0,7787,5,0,0,0,0,519,2500.0
0.95,EX0,7788,2,0,0,0,0,519,2500.0
0.95,EX0,7789,0,0,0,0,0,519,2500.0
0.95,EX0,7790,1,0,0,0,0,519,2500.0
0.95,EX0,7791,2,0,0,0,0,519,2500.0
0.95,EX0,7792,1,0,0,0,0,519,2500.0
0.95,EX0,7793,2,0,0,0,0,519,2500.0
0.95,EX0,7794,2,0,0,0,0,519,2500.0
0.95,EX0,7795,3,0,0,0,0,519,2500.0
0.95,EX0,7796,4,1,1,0,0,519,2500.0
0.95,EX0,7797,5,0,0,0,0,519,2500.0
0.95,EX0,7798,1,0,0,0,0,519,2500.0
0.95,EX0,7799,8,0,0,0,0,519,2500.0
0.95,EX0,7965,1,0,0,0,0,531,2500.0
0.95,EX0,7966,3,0,0,0,0,531,2500.0
0.95,EX0,7967,2,0,0,0,0,531,2500.0
0.95,EX0,7968,2,0,0,0,0,531,2500.0
0.95,EX0,7969,3,0,0,0,0,531,2500.0
0.95,EX0,7970,1,0,0,0,0,531,2500.0
0.95,EX0,7971,5,0,0,0,0,531,2500.0
0.95,EX0,7972,5,0,0,0,0,531,2500.0
0.95,EX0,7973,4,0,0,0,0,531,2500.0
0.95,EX0,7974,3,0,0,0,0,531,2500.0
0.95,EX0,7975,1,0,0,0,0,531,2500.0
0.95,EX0,7976,3,0,0,0,0,531,2500.0
0.95,EX0,7977,1,0,0,0,0,531,2500.0
0.95,EX0,7978,3,0,0,0,0,531,2500.0
0.95,EX0,7979,3,0,0,0,0,531,2500.0
0.95,EX0,7995,3,0,0,0,0,533,2500.0
0.95,EX0,7996,4,0,0,0,0,533,2500.0
0.95,EX0,7997,3,0,0,0,0,533,2500.0
0.95,EX0,7998,4,0,0,0,0,533,2500.0
0.95,EX0,7999,1,1,1,0,0,533,2500.0
0.95,EX0,8000,4,1,1,0,0,533,2500.0
0.95,EX0,8001,5,0,0,0,0,533,2500.0
0.95,EX0,8002,2,0,0,0,0,533,2500.0
0.95,EX0,8003,2,0,0,0,0,533,2500.0
0.95,EX0,8004,1,0,0,0,0,533,2500.0
0.95,EX0,8005,5,1,1,0,0,533,2500.0
0.95,EX0,8006,3,0,0,0,0,533,2500.0
0.95,EX0,8007,4,0,0,0,0,533,2500.0
0.95,EX0,8008,2,0,0,0,0,533,2500.0
0.95,EX0,8009,1,0,0,0,0,533,2500.0
0.95,EX0,8025,2,0,0,0,0,535,2500.0
0.95,EX0,8026,4,0,0,0,0,535,2500.0
0.95,EX0,8027,2,0,0,0,0,535,2500.0
0.95,EX0,8028,2,0,0,0,0,535,2500.0
0.95,EX0,8029,8,0,0,0,0,535,2500.0
0.95,EX0,8030,4,0,0,0,0,535,2500.0
0.95,EX0,8031,0,0,0,0,0,535,2500.0
0.95,EX0,8032,0,0,0,0,0,535,2500.0
0.95,EX0,8033,5,0,0,0,0,535,2500.0
0.95,EX0,8034,4,0,0,0,0,535,2500.0
0.95,EX0,8035,2,0,0,0,0,535,2500.0
0.95,EX0,8036,3,0,0,0,0,535,2500.0
0.95,EX0,8037,3,0,0,0,0,535,2500.0
0.95,EX0,8038,4,0,0,0,0,535,2500.0
0.95,EX0,8039,3,0,0,0,0,535,2500.0
0.95,EX0,8055,7,0,0,0,0,537,2500.0
0.95,EX0,8056,4,0,0,0,0,537,2500.0
0.95,EX0,8057,3,0,0,0,0,537,2500.0
0.95,EX0,8058,3,0,0,0,0,537,2500.0
0.95,EX0,8059,5,0,0,0,0,537,2500.0
0.95,EX0,8060,7,1,0,1,0,537,2500.0
0.95,EX0,8061,4,0,0,0,0,537,2500.0
0.95,EX0,8062,4,0,0,0,0,537,2500.0
0.95,EX0,8063,1,0,0,0,0,537,2500.0
0.95,EX0,8064,1,1,1,0,0,537,2500.0
0.95,EX0,8065,2,0,0,0,0,537,2500.0
0.95,EX0,8066,3,0,0,0,0,537,2500.0
0.95,EX0,8067,3,0,0,0,0,537,2500.0
0.95,EX0,8068,5,0,0,0,0,537,2500.0
0.95,EX0,8069,0,0,0,0,0,537,2500.0
0.95,EX0,8220,1,0,0,0,0,548,2500.0
0.95,EX0,8221,4,0,0,0,0,548,2500.0
0.95,EX0,8222,3,0,0,0,0,548,2500.0
0.95,EX0,8223,7,0,0,0,0,548,2500.0
0.95,EX0,8224,3,0,0,0,0,548,2500.0
0.95,EX0,8225,3,0,0,0,0,548,2500.0
0.95,EX0,8226,2,0,0,0,0,548,2500.0
0.95,EX0,8227,2,0,0,0,0,548,2500.0
0.95,EX0,8228,3,0,0,0,0,548,2500.0
0.95,EX0,8229,1,0,0,0,0,548,2500.0
0.95,EX0,8230,2,0,0,0,0,548,2500.0
0.95,EX0,8231,3,0,0,0,0,548,2500.0
0.95,EX0,8232,3,0,0,0,0,548,2500.0
0.95,EX0,8233,3,0,0,0,0,548,2500.0
0.95,EX0,8234,1,1,1,0,0,548,2500.0
0.95,EX0,8235,3,0,0,0,0,549,2500.0
0.95,EX0,8236,1,0,0,0,0,549,2500.0
0.95,EX0,8237,3,0,0,0,0,549,2500.0
0.95,EX0,8238,6,0,0,0,0,549,2500.0
0.95,EX0,8239,2,0,0,0,0,549,2500.0
0.95,EX0,8240,2,0,0,0,0,549,2500.0
0.95,EX0,8241,7,1,1,0,0,549,2500.0
0.95,EX0,8242,2,0,0,0,0,549,2500.0
0.95,EX0,8243,3,0,0,0,0,549,2500.0
0.95,EX0,8244,2,0,0,0,0,549,2500.0
0.95,EX0,8245,1,0,0,0,0,549,2500.0
0.95,EX0,8246,2,0,0,0,0,549,2500.0
0.95,EX0,8247,3,0,0,0,0,549,2500.0
0.95,EX0,8248,1,0,0,0,0,549,2500.0
0.95,EX0,8249,4,0,0,0,0,549,2500.0
0.95,EX0,8265,5,0,0,0,0,551,2500.0
0.95,EX0,8266,3,0,0,0,0,551,2500.0
0.95,EX0,8267,2,0,0,0,0,551,2500.0
0.95,EX0,8268,1,0,0,0,0,551,2500.0
0.95,EX0,8269,2,0,0,0,0,551,2500.0
0.95,EX0,8270,4,0,0,0,0,551,2500.0
0.95,EX0,8271,2,0,0,0,0,551,2500.0
0.95,EX0,8272,2,0,0,0,0,551,2500.0
0.95,EX0,8273,1,0,0,0,0,551,2500.0
0.95,EX0,8274,9,0,0,0,0,551,2500.0
0.95,EX0,8275,2,0,0,0,0,551,2500.0
0.95,EX0,8276,6,0,0,0,0,551,2500.0
0.95,EX0,8277,2,0,0,0,0,551,2500.0
0.95,EX0,8278,3,0,0,0,0,551,2500.0
0.95,EX0,8279,2,0,0,0,0,551,2500.0
0.95,EX0,8295,7,0,0,0,0,553,2500.0
0.95,EX0,8296,3,0,0,0,0,553,2500.0
0.95,EX0,8297,7,0,0,0,0,553,2500.0
0.95,EX0,8298,9,2,2,0,0,553,2500.0
0.95,EX0,8299,7,0,0,0,0,553,2500.0
0.95,EX0,8300,1,0,0,0,0,553,2500.0
0.95,EX0,8301,4,0,0,0,0,553,2500.0
0.95,EX0,8302,1,0,0,0,0,553,2500.0
0.95,EX0,8303,1,1,1,0,0,553,2500.0
0.95,EX0,8304,6,0,0,0,0,553,2500.0
0.95,EX0,8305,1,0,0,0,0,553,2500.0
0.95,EX0,8306,4,0,0,0,0,553,2500.0
0.95,EX0,8307,2,0,0,0,0,553,2500.0
0.95,EX0,8308,4,0,0,0,0,553,2500.0
0.95,EX0,8309,0,0,0,0,0,553,2500.0
0.95,EX0,8580,2,0,0,0,0,572,2500.0
0.95,EX0,8581,3,0,0,0,0,572,2500.0
0.95,EX0,8582,4,0,0,0,0,572,2500.0
0.95,EX0,8583,6,0,0,0,0,572,2500.0
0.95,EX0,8584,1,0,0,0,0,572,2500.0
0.95,EX0,8585,3,1,1,0,0,572,2500.0
0.95,EX0,8586,3,0,0,0,0,572,2500.0
0.95,EX0,8587,4,0,0,0,0,572,2500.0
0.95,EX0,8588,1,0,0,0,0,572,2500.0
0.95,EX0,8589,4,0,0,0,0,572,2500.0
0.95,EX0,8590,2,0,0,0,0,572,2500.0
0.95,EX0,8591,3,0,0,0,0,572,2500.0
0.95,EX0,8592,3,0,0,0,0,572,2500.0
0.95,EX0,8593,6,0,0,0,0,572,2500.0
0.95,EX0,8594,2,0,0,0,0,572,2500.0
0.95,EX0,8610,2,0,0,0,0,574,2500.0
0.95,EX0,8611,3,0,0,0,0,574,2500.0
0.95,EX0,8612,1,0,0,0,0,574,2500.0
0.95,EX0,8613,5,0,0,0,0,574,2500.0
0.95,EX0,8614,3,0,0,0,0,574,2500.0
0.95,EX0,8615,3,0,0,0,0,574,2500.0
0.95,EX0,8616,2,0,0,0,0,574,2500.0
0.95,EX0,8617,1,0,0,0,0,574,2500.0
0.95,EX0,8618,3,0,0,0,0,574,2500.0
0.95,EX0,8619,4,0,0,0,0,574,2500.0
0.95,EX0,8620,5,0,0,0,0,574,2500.0
0.95,EX0,8621,2,0,0,0,0,574,2500.0
0.95,EX0,8622,2,0,0,0,0,574,2500.0
0.95,EX0,8623,3,0,0,0,0,574,2500.0
0.95,EX0,8624,2,0,0,0,0,574,2500.0
0.95,EX0,8760,3,0,0,0,0,584,2500.0
0.95,EX0,8761,2,0,0,0,0,584,2500.0
0.95,EX0,8762,3,0,0,0,0,584,2500.0
0.95,EX0,8763,4,0,0,0,0,584,2500.0
0.95,EX0,8764,1,0,0,0,0,584,2500.0
0.95,EX0,8765,6,0,0,0,0,584,2500.0
0.95,EX0,8766,4,0,0,0,0,584,2500.0
0.95,EX0,8767,2,0,0,0,0,584,2500.0
0.95,EX0,8768,3,0,0,0,0,584,2500.0
0.95,EX0,8769,0,0,0,0,0,584,2500.0
0.95,EX0,8770,4,0,0,0,0,584,2500.0
0.95,EX0,8771,4,0,0,0,0,584,2500.0
0.95,EX0,8772,2,0,0,0,0,584,2500.0
0.95,EX0,8773,3,0,0,0,0,584,2500.0
0.95,EX0,8774,3,0,0,0,0,584,2500.0
0.95,EX0,8925,3,0,0,0,0,595,2500.0
0.95,EX0,8926,1,0,0,0,0,595,2500.0
0.95,EX0,8927,0,0,0,0,0,595,2500.0
0.95,EX0,8928,4,0,0,0,0,595,2500.0
0.95,EX0,8929,2,0,0,0,0,595,2500.0
0.95,EX0,8930,2,0,0,0,0,595,2500.0
0.95,EX0,8931,2,0,0,0,0,595,2500.0
0.95,EX0,8932,2,0,0,0,0,595,2500.0
0.95,EX0,8933,4,0,0,0,0,595,2500.0
0.95,EX0,8934,4,0,0,0,0,595,2500.0
0.95,EX0,8935,2,0,0,0,0,595,2500.0
0.95,EX0,8936,4,0,0,0,0,595,2500.0
0.95,EX0,8937,2,0,0,0,0,595,2500.0
0.95,EX0,8938,4,0,0,0,0,595,2500.0
0.95,EX0,8939,4,0,0,0,0,595,2500.0
0.95,EX0,8940,2,0,0,0,0,596,2500.0
0.95,EX0,8941,5,1,1,0,0,596,2500.0
0.95,EX0,8942,4,0,0,0,0,596,2500.0
0.95,EX0,8943,1,0,0,0,0,596,2500.0
0.95,EX0,8944,4,0,0,0,0,596,2500.0
0.95,EX0,8945,5,2,2,0,0,596,2500.0
0.95,EX0,8946,3,0,0,0,0,596,2500.0
0.95,EX0,8947,3,0,0,0,0,596,2500.0
0.95,EX0,8948,2,0,0,0,0,596,2500.0
0.95,EX0,8949,6,0,0,0,0,596,2500.0
0.95,EX0,8950,2,0,0,0,0,596,2500.0
0.95,EX0,8951,2,0,0,0,0,596,2500.0
0.95,EX0,8952,4,0,0,0,0,596,2500.0
0.95,EX0,8953,1,0,0,0,0,596,2500.0
0.95,EX0,8954,2,0,0,0,0,596,2500.0
0.95,EX0,9150,4,0,0,0,0,610,2500.0
0.95,EX0,9151,4,0,0,0,0,610,2500.0
0.95,EX0,9152,0,0,0,0,0,610,2500.0
0.95,EX0,9153,2,0,0,0,0,610,2500.0
0.95,EX0,9154,3,0,0,0,0,610,2500.0
0.95,EX0,9155,3,0,0,0,0,610,2500.0
0.95,EX0,9156,4,0,0,0,0,610,2500.0
0.95,EX0,9157,3,0,0,0,0,610,2500.0
0.95,EX0,9158,2,0,0,0,0,610,2500.0
0.95,EX0,9159,4,0,0,0,0,610,2500.0
0.95,EX0,9160,3,0,0,0,0,610,2500.0
0.95,EX0,9161,3,0,0,0,0,610,2500.0
0.95,EX0,9162,2,0,0,0,0,610,2500.0
0.95,EX0,9163,2,1,1,0,0,610,2500.0
0.95,EX0,9164,7,0,0,0,0,610,2500.0
0.95,EX0,9195,3,0,0,0,0,613,2500.0
0.95,EX0,9196,2,0,0,0,0,613,2500.0
0.95,EX0,9197,3,0,0,0,0,613,2500.0
0.95,EX0,9198,1,0,0,0,0,613,2500.0
0.95,EX0,9199,3,0,0,0,0,613,2500.0
0.95,EX0,9200,2,0,0,0,0,613,2500.0
0.95,EX0,9201,5,3,3,0,0,613,2500.0
0.95,EX0,9202,1,0,0,0,0,613,2500.0
0.95,EX0,9203,7,0,0,0,0,613,2500.0
0.95,EX0,9204,4,0,0,0,0,613,2500.0
0.95,EX0,9205,5,0,0,0,0,613,2500.0
0.95,EX0,9206,3,0,0,0,0,613,2500.0
0.95,EX0,9207,1,0,0,0,0,613,2500.0
0.95,EX0,9208,2,0,0,0,0,613,2500.0
0.95,EX0,9209,3,0,0,0,0,613,2500.0
0.95,EX0,9285,6,0,0,0,0,619,2500.0
0.95,EX0,9286,3,0,0,0,0,619,2500.0
0.95,EX0,9287,3,0,0,0,0,619,2500.0
0.95,EX0,9288,6,1,1,0,0,619,2500.0
0.95,EX0,9289,3,0,0,0,0,619,2500.0
0.95,EX0,9290,5,0,0,0,0,619,2500.0
0.95,EX0,9291,4,0,0,0,0,619,2500.0
0.95,EX0,9292,4,0,0,0,0,619,2500.0
0.95,EX0,9293,7,0,0,0,0,619,2500.0
0.95,EX0,9294,3,0,0,0,0,619,2500.0
0.95,EX0,9295,1,0,0,0,0,619,2500.0
0.95,EX0,9296,2,0,0,0,0,619,2500.0
0.95,EX0,9297,4,1,1,0,0,619,2500.0
0.95,EX0,9298,3,0,0,0,0,619,2500.0
0.95,EX0,9299,6,0,0,0,0,619,2500.0
0.95,EX0,9315,0,0,0,0,0,621,2500.0
0.95,EX0,9316,1,0,0,0,0,621,2500.0
0.95,EX0,9317,7,0,0,0,0,621,2500.0
0.95,EX0,9318,3,0,0,0,0,621,2500.0
0.95,EX0,9319,2,0,0,0,0,621,2500.0
0.95,EX0,9320,4,0,0,0,0,621,2500.0
0.95,EX0,9321,2,0,0,0,0,621,2500.0
0.95,EX0,9322,1,0,0,0,0,621,2500.0
0.95,EX0,9323,4,0,0,0,0,621,2500.0
0.95,EX0,9324,0,0,0,0,0,621,2500.0
0.95,EX0,9325,2,0,0,0,0,621,2500.0
0.95,EX0,9326,4,0,0,0,0,621,2500.0
0.95,EX0,9327,2,0,0,0,0,621,2500.0
0.95,EX0,9328,5,0,0,0,0,621,2500.0
0.95,EX0,9329,5,0,0,0,0,621,2500.0
0.95,EX0,9360,6,0,0,0,0,624,2500.0
0.95,EX0,9361,5,2,2,0,0,624,2500.0
0.95,EX0,9362,4,0,0,0,0,624,2500.0
0.95,EX0,9363,2,0,0,0,0,624,2500.0
0.95,EX0,9364,2,0,0,0,0,624,2500.0
0.95,EX0,9365,2,0,0,0,0,624,2500.0
0.95,EX0,9366,2,0,0,0,0,624,2500.0
0.95,EX0,9367,2,0,0,0,0,624,2500.0
0.95,EX0,9368,6,0,0,0,0,624,2500.0
0.95,EX0,9369,4,0,0,0,0,624,2500.0
0.95,EX0,9370,1,0,0,0,0,624,2500.0
0.95,EX0,9371,3,0,0,0,0,624,2500.0
0.95,EX0,9372,4,0,0,0,0,624,2500.0
0.95,EX0,9373,4,0,0,0,0,624,2500.0
0.95,EX0,9374,6,0,0,0,0,624,2500.0
0.95,EX0,9450,2,0,0,0,0,630,2500.0
0.95,EX0,9451,1,0,0,0,0,630,2500.0
0.95,EX0,9452,5,0,0,0,0,630,2500.0
0.95,EX0,9453,3,0,0,0,0,630,2500.0
0.95,EX0,9454,1,0,0,0,0,630,2500.0
0.95,EX0,9455,2,0,0,0,0,630,2500.0
0.95,EX0,9456,3,0,0,0,0,630,2500.0
0.95,EX0,9457,6,0,0,0,0,630,2500.0
0.95,EX0,9458,4,0,0,0,0,630,2500.0
0.95,EX0,9459,3,0,0,0,0,630,2500.0
0.95,EX0,9460,3,0,0,0,0,630,2500.0
0.95,EX0,9461,3,0,0,0,0,630,2500.0
0.95,EX0,9462,4,0,0,0,0,630,2500.0
0.95,EX0,9463,3,0,0,0,0,630,2500.0
0.95,EX0,9464,3,0,0,0,0,630,2500.0
0.95,EX0,9495,5,0,0,0,0,633,2500.0
0.95,EX0,9496,2,0,0,0,0,633,2500.0
0.95,EX0,9497,4,0,0,0,0,633,2500.0
0.95,EX0,9498,3,0,0,0,0,633,2500.0
0.95,EX0,9499,4,0,0,0,0,633,2500.0
0.95,EX0,9500,2,0,0,0,0,633,2500.0
0.95,EX0,9501,5,0,0,0,0,633,2500.0
0.95,EX0,9502,3,0,0,0,0,633,2500.0
0.95,EX0,9503,6,0,0,0,0,633,2500.0
0.95,EX0,9504,3,0,0,0,0,633,2500.0
0.95,EX0,9505,5,0,0,0,0,633,2500.0
0.95,EX0,9506,2,0,0,0,0,633,2500.0
0.95,EX0,9507,0,0,0,0,0,633,2500.0
0.95,EX0,9508,3,0,0,0,0,633,2500.0
0.95,EX0,9509,4,0,0,0,0,633,2500.0
0.95,EX0,9510,3,0,0,0,0,634,2500.0
0.95,EX0,9511,4,0,0,0,0,634,2500.0
0.95,EX0,9512,4,0,0,0,0,634,2500.0
0.95,EX0,9513,2,0,0,0,0,634,2500.0
0.95,EX0,9514,5,0,0,0,0,634,2500.0
0.95,EX0,9515,1,0,0,0,0,634,2500.0
0.95,EX0,9516,4,0,0,0,0,634,2500.0
0.95,EX0,9517,2,0,0,0,0,634,2500.0
0.95,EX0,9518,2,0,0,0,0,634,2500.0
0.95,EX0,9519,4,0,0,0,0,634,2500.0
0.95,EX0,9520,1,0,0,0,0,634,2500.0
0.95,EX0,9521,1,0,0,0,0,634,2500.0
0.95,EX0,9522,4,0,0,0,0,634,2500.0
0.95,EX0,9523,3,0,0,0,0,634,2500.0
0.95,EX0,9524,2,0,0,0,0,634,2500.0
0.95,EX0,9525,2,0,0,0,0,635,2500.0
0.95,EX0,9526,3,0,0,0,0,635,2500.0
0.95,EX0,9527,5,1,1,0,0,635,2500.0
0.95,EX0,9528,2,0,0,0,0,635,2500.0
0.95,EX0,9529,4,0,0,0,0,635,2500.0
0.95,EX0,9530,4,0,0,0,0,635,2500.0
0.95,EX0,9531,2,0,0,0,0,635,2500.0
0.95,EX0,9532,4,0,0,0,0,635,2500.0
0.95,EX0,9533,3,0,0,0,0,635,2500.0
0.95,EX0,9534,4,1,1,0,0,635,2500.0
0.95,EX0,9535,2,0,0,0,0,635,2500.0
0.95,EX0,9536,4,0,0,0,0,635,2500.0
0.95,EX0,9537,5,0,0,0,0,635,2500.0
0.95,EX0,9538,4,1,1,0,0,635,2500.0
0.95,EX0,9539,5,0,0,0,0,635,2500.0
0.95,EX0,9540,2,0,0,0,0,636,2500.0
0.95,EX0,9541,6,0,0,0,0,636,2500.0
0.95,EX0,9542,4,0,0,0,0,636,2500.0
0.95,EX0,9543,2,0,0,0,0,636,2500.0
0.95,EX0,9544,2,0,0,0,0,636,2500.0
0.95,EX0,9545,3,0,0,0,0,636,2500.0
0.95,EX0,9546,3,0,0,0,0,636,2500.0
0.95,EX0,9547,2,0,0,0,0,636,2500.0
0.95,EX0,9548,2,0,0,0,0,636,2500.0
0.95,EX0,9549,1,0,0,0,0,636,2500.0
0.95,EX0,9550,2,1,1,0,0,636,2500.0
0.95,EX0,9551,2,0,0,0,0,636,2500.0
0.95,EX0,9552,3,0,0,0,0,636,2500.0
0.95,EX0,9553,4,0,0,0,0,636,2500.0
0.95,EX0,9554,4,1,1,0,0,636,2500.0
0.95,EX0,9705,2,0,0,0,0,647,2500.0
0.95,EX0,9706,3,0,0,0,0,647,2500.0
0.95,EX0,9707,4,1,1,0,0,647,2500.0
0.95,EX0,9708,5,0,0,0,0,647,2500.0
0.95,EX0,9709,3,0,0,0,0,647,2500.0
0.95,EX0,9710,1,0,0,0,0,647,2500.0
0.95,EX0,9711,1,0,0,0,0,647,2500.0
0.95,EX0,9712,1,0,0,0,0,647,2500.0
0.95,EX0,9713,2,0,0,0,0,647,2500.0
0.95,EX0,9714,3,0,0,0,0,647,2500.0
0.95,EX0,9715,3,0,0,0,0,647,2500.0
0.95,EX0,9716,6,0,0,0,0,647,2500.0
0.95,EX0,9717,5,0,0,0,0,647,2500.0
0.95,EX0,9718,3,0,0,0,0,647,2500.0
0.95,EX0,9719,0,0,0,0,0,647,2500.0
0.95,EX0,9735,4,0,0,0,0,649,2500.0
0.95,EX0,9736,3,0,0,0,0,649,2500.0
0.95,EX0,9737,4,0,0,0,0,649,2500.0
0.95,EX0,9738,2,0,0,0,0,649,2500.0
0.95,EX0,9739,2,0,0,0,0,649,2500.0
0.95,EX0,9740,5,0,0,0,0,649,2500.0
0.95,EX0,9741,1,0,0,0,0,649,2500.0
0.95,EX0,9742,3,0,0,0,0,649,2500.0
0.95,EX0,9743,2,0,0,0,0,649,2500.0
0.95,EX0,9744,5,0,0,0,0,649,2500.0
0.95,EX0,9745,1,0,0,0,0,649,2500.0
0.95,EX0,9746,5,0,0,0,0,649,2500.0
0.95,EX0,9747,2,0,0,0,0,649,2500.0
0.95,EX0,9748,4,0,0,0,0,649,2500.0
0.95,EX0,9749,2,0,0,0,0,649,2500.0
0.95,EX0,9795,3,0,0,0,0,653,2500.0
0.95,EX0,9796,1,1,1,0,0,653,2500.0
0.95,EX0,9797,5,0,0,0,0,653,2500.0
0.95,EX0,9798,3,0,0,0,0,653,2500.0
0.95,EX0,9799,6,0,0,0,0,653,2500.0
0.95,EX0,9800,6,0,0,0,0,653,2500.0
0.95,EX0,9801,5,0,0,0,0,653,2500.0
0.95,EX0,9802,4,0,0,0,0,653,2500.0
0.95,EX0,9803,2,0,0,0,0,653,2500.0
0.95,EX0,9804,2,0,0,0,0,653,2500.0
0.95,EX0,9805,6,0,0,0,0,653,2500.0
0.95,EX0,9806,3,0,0,0,0,653,2500.0
0.95,EX0,9807,1,0,0,0,0,653,2500.0
0.95,EX0,9808,5,0,0,0,0,653,2500.0
0.95,EX0,9809,1,0,0,0,0,653,2500.0
0.95,EX0,9915,4,0,0,0,0,661,2500.0
0.95,EX0,9916,1,0,0,0,0,661,2500.0
0.95,EX0,9917,3,0,0,0,0,661,2500.0
0.95,EX0,9918,0,0,0,0,0,661,2500.0
0.95,EX0,9919,7,0,0,0,0,661,2500.0
0.95,EX0,9920,2,0,0,0,0,661,2500.0
0.95,EX0,9921,3,0,0,0,0,661,2500.0
0.95,EX0,9922,2,0,0,0,0,661,2500.0
0.95,EX0,9923,4,0,0,0,0,661,2500.0
0.95,EX0,9924,4,0,0,0,0,661,2500.0
0.95,EX0,9925,1,0,0,0,0,661,2500.0
0.95,EX0,9926,4,0,0,0,0,661,2500.0
0.95,EX0,9927,0,0,0,0,0,661,2500.0
0.95,EX0,9928,2,1,1,0,0,661,2500.0
0.95,EX0,9929,4,0,0,0,0,661,2500.0
0.95,EX0,9930,6,0,0,0,0,662,2500.0
0.95,EX0,9931,3,0,0,0,0,662,2500.0
0.95,EX0,9932,3,0,0,0,0,662,2500.0
0.95,EX0,9933,3,0,0,0,0,662,2500.0
0.95,EX0,9934,1,0,0,0,0,662,2500.0
0.95,EX0,9935,7,0,0,0,0,662,2500.0
0.95,EX0,9936,1,0,0,0,0,662,2500.0
0.95,EX0,9937,3,0,0,0,0,662,2500.0
0.95,EX0,9938,3,0,0,0,0,662,2500.0
0.95,EX0,9939,5,0,0,0,0,662,2500.0
0.95,EX0,9940,1,0,0,0,0,662,2500.0
0.95,EX0,9941,1,0,0,0,0,662,2500.0
0.95,EX0,9942,5,0,0,0,0,662,2500.0
0.95,EX0,9943,1,1,1,0,0,662,2500.0
0.95,EX0,9944,5,2,2,0,0,662,2500.0
0.95,EX1,30,0,0,0,0,0,2,2500.0
0.95,EX1,31,2,0,0,0,0,2,2500.0
0.95,EX1,32,4,0,0,0,0,2,2500.0
0.95,EX1,33,2,0,0,0,0,2,2500.0
0.95,EX1,34,0,0,0,0,0,2,2500.0
0.95,EX1,35,4,0,0,0,0,2,2500.0
0.95,EX1,36,3,0,0,0,0,2,2500.0
0.95,EX1,37,1,0,0,0,0,2,2500.0
0.95,EX1,38,3,0,0,0,0,2,2500.0
0.95,EX1,39,3,0,0,0,0,2,2500.0
0.95,EX1,40,3,0,0,0,0,2,2500.0
0.95,EX1,41,3,0,0,0,0,2,2500.0
0.95,EX1,42,5,0,0,0,0,2,2500.0
0.95,EX1,43,3,0,0,0,0,2,2500.0
0.95,EX1,44,4,1,1,0,0,2,2500.0
0.95,EX1,90,3,1,1,0,0,6,2500.0
0.95,EX1,91,3,0,0,0,0,6,2500.0
0.95,EX1,92,1,0,0,0,0,6,2500.0
0.95,EX1,93,4,0,0,0,0,6,2500.0
0.95,EX1,94,3,0,0,0,0,6,2500.0
0.95,EX1,95,7,0,0,0,0,6,2500.0
0.95,EX1,96,4,0,0,0,0,6,2500.0
0.95,EX1,97,1,0,0,0,0,6,2500.0
0.95,EX1,98,1,0,0,0,0,6,2500.0
0.95,EX1,99,4,0,0,0,0,6,2500.0
0.95,EX1,100,3,0,0,0,0,6,2500.0
0.95,EX1,101,2,0,0,0,0,6,2500.0
0.95,EX1,102,1,0,0,0,0,6,2500.0
0.95,EX1,103,3,0,0,0,0,6,2500.0
0.95,EX1,104,4,0,0,0,0,6,2500.0
0.95,EX1,150,0,0,0,0,0,10,2500.0
0.95,EX1,151,2,0,0,0,0,10,2500.0
0.95,EX1,152,0,0,0,0,0,10,2500.0
0.95,EX1,153,4,0,0,0,0,10,2500.0
0.95,EX1,154,0,0,0,0,0,10,2500.0
0.95,EX1,155,4,0,0,0,0,10,2500.0
0.95,EX1,156,7,0,0,0,0,10,2500.0
0.95,EX1,157,2,1,1,0,0,10,2500.0
0.95,EX1,158,5,1,1,0,0,10,2500.0
0.95,EX1,159,2,0,0,0,0,10,2500.0
0.95,EX1,160,5,0,0,0,0,10,2500.0
0.95,EX1,161,2,0,0,0,0,10,2500.0
0.95,EX1,162,3,0,0,0,0,10,2500.0
0.95,EX1,163,3,0,0,0,0,10,2500.0
0.95,EX1,164,2,0,0,0,0,10,2500.0
0.95,EX1,270,5,0,0,0,0,18,2500.0
0.95,EX1,271,3,0,0,0,0,18,2500.0
0.95,EX1,272,2,0,0,0,0,18,2500.0
0.95,EX1,273,1,0,0,0,0,18,2500.0
0.95,EX1,274,3,0,0,0,0,18,2500.0
0.95,EX1,275,2,0,0,0,0,18,2500.0
0.95,EX1,276,2,0,0,0,0,18,2500.0
0.95,EX1,277,2,0,0,0,0,18,2500.0
0.95,EX1,278,2,0,0,0,0,18,2500.0
0.95,EX1,279,0,0,0,0,0,18,2500.0
0.95,EX1,280,1,0,0,0,0,18,2500.0
0.95,EX1,281,6,0,0,0,0,18,2500.0
0.95,EX1,282,3,0,0,0,0,18,2500.0
0.95,EX1,283,3,0,0,0,0,18,2500.0
0.95,EX1,284,4,0,0,0,0,18,2500.0
0.95,EX1,360,4,0,0,0,0,24,2500.0
0.95,EX1,361,6,0,0,0,0,24,2500.0
0.95,EX1,362,5,0,0,0,0,24,2500.0
0.95,EX1,363,5,2,2,0,0,24,2500.0
0.95,EX1,364,2,0,0,0,0,24,2500.0
0.95,EX1,365,3,0,0,0,0,24,2500.0
0.95,EX1,366,3,0,0,0,0,24,2500.0
0.95,EX1,367,7,0,0,0,0,24,2500.0
0.95,EX1,368,4,0,0,0,0,24,2500.0
0.95,EX1,369,2,0,0,0,0,24,2500.0
0.95,EX1,370,2,0,0,0,0,24,2500.0
0.95,EX1,371,3,0,0,0,0,24,2500.0
0.95,EX1,372,2,0,0,0,0,24,2500.0
0.95,EX1,373,1,0,0,0,0,24,2500.0
0.95,EX1,374,1,0,0,0,0,24,2500.0
0.95,EX1,450,3,0,0,0,0,30,2500.0
0.95,EX1,451,5,1,0,1,0,30,2500.0
0.95,EX1,452,4,0,0,0,0,30,2500.0
0.95,EX1,453,1,0,0,0,0,30,2500.0
0.95,EX1,454,5,0,0,0,0,30,2500.0
0.95,EX1,455,2,0,0,0,0,30,2500.0
0.95,EX1,456,3,1,1,0,0,30,2500.0
0.95,EX1,457,0,0,0,0,0,30,2500.0
0.95,EX1,458,1,0,0,0,0,30,2500.0
0.95,EX1,459,3,0,0,0,0,30,2500.0
0.95,EX1,460,4,0,0,0,0,30,2500.0
0.95,EX1,461,0,0,0,0,0,30,2500.0
0.95,EX1,462,2,0,0,0,0,30,2500.0
0.95,EX1,463,2,1,1,0,0,30,2500.0
0.95,EX1,464,2,0,0,0,0,30,2500.0
0.95,EX1,465,3,1,0,1,0,31,2500.0
0.95,EX1,466,1,0,0,0,0,31,2500.0
0.95,EX1,467,3,0,0,0,0,31,2500.0
0.95,EX1,468,2,0,0,0,0,31,2500.0
0.95,EX1,469,1,0,0,0,0,31,2500.0
0.95,EX1,470,6,0,0,0,0,31,2500.0
0.95,EX1,471,2,0,0,0,0,31,2500.0
0.95,EX1,472,4,0,0,0,0,31,2500.0
0.95,EX1,473,1,0,0,0,0,31,2500.0
0.95,EX1,474,3,0,0,0,0,31,2500.0
0.95,EX1,475,0,0,0,0,0,31,2500.0
0.95,EX1,476,6,0,0,0,0,31,2500.0
0.95,EX1,477,4,0,0,0,0,31,2500.0
0.95,EX1,478,1,0,0,0,0,31,2500.0
0.95,EX1,479,1,0,0,0,0,31,2500.0
0.95,EX1,585,5,0,0,0,0,39,2500.0
0.95,EX1,586,3,1,0,1,0,39,2500.0
0.95,EX1,587,5,0,0,0,0,39,2500.0
0.95,EX1,588,3,0,0,0,0,39,2500.0
0.95,EX1,589,3,0,0,0,0,39,2500.0
0.95,EX1,590,2,0,0,0,0,39,2500.0
0.95,EX1,591,2,0,0,0,0,39,2500.0
0.95,EX1,592,0,0,0,0,0,39,2500.0
0.95,EX1,593,3,0,0,0,0,39,2500.0
0.95,EX1,594,3,0,0,0,0,39,2500.0
0.95,EX1,595,2,1,1,0,0,39,2500.0
0.95,EX1,596,4,0,0,0,0,39,2500.0
0.95,EX1,597,3,0,0,0,0,39,2500.0
0.95,EX1,598,3,0,0,0,0,39,2500.0
0.95,EX1,599,3,0,0,0,0,39,2500.0
0.95,EX1,615,1,0,0,0,0,41,2500.0
0.95,EX1,616,3,0,0,0,0,41,2500.0
0.95,EX1,617,4,0,0,0,0,41,2500.0
0.95,EX1,618,1,0,0,0,0,41,2500.0
0.95,EX1,619,3,0,0,0,0,41,2500.0
0.95,EX1,620,1,0,0,0,0,41,2500.0
0.95,EX1,621,9,0,0,0,0,41,2500.0
0.95,EX1,622,2,0,0,0,0,41,2500.0
0.95,EX1,623,2,2,2,0,0,41,2500.0
0.95,EX1,624,4,1,1,0,0,41,2500.0
0.95,EX1,625,1,0,0,0,0,41,2500.0
0.95,EX1,626,2,0,0,0,0,41,2500.0
0.95,EX1,627,4,0,0,0,0,41,2500.0
0.95,EX1,628,2,0,0,0,0,41,2500.0
0.95,EX1,629,2,0,0,0,0,41,2500.0
0.95,EX1,660,4,0,0,0,0,44,2500.0
0.95,EX1,661,3,0,0,0,0,44,2500.0
0.95,EX1,662,4,0,0,0,0,44,2500.0
0.95,EX1,663,1,0,0,0,0,44,2500.0
0.95,EX1,664,1,0,0,0,0,44,2500.0
0.95,EX1,665,5,0,0,0,0,44,2500.0
0.95,EX1,666,6,0,0,0,0,44,2500.0
0.95,EX1,667,2,0,0,0,0,44,2500.0
0.95,EX1,668,4,0,0,0,0,44,2500.0
0.95,EX1,669,2,0,0,0,0,44,2500.0
0.95,EX1,670,2,0,0,0,0,44,2500.0
0.95,EX1,671,2,0,0,0,0,44,2500.0
0.95,EX1,672,3,0,0,0,0,44,2500.0
0.95,EX1,673,3,0,0,0,0,44,2500.0
0.95,EX1,674,2,0,0,0,0,44,2500.0
0.95,EX1,735,6,0,0,0,0,49,2500.0
0.95,EX1,736,0,0,0,0,0,49,2500.0
0.95,EX1,737,2,0,0,0,0,49,2500.0
0.95,EX1,738,1,0,0,0,0,49,2500.0
0.95,EX1,739,2,0,0,0,0,49,2500.0
0.95,EX1,740,1,0,0,0,0,49,2500.0
0.95,EX1,741,2,0,0,0,0,49,2500.0
0.95,EX1,742,3,0,0,0,0,49,2500.0
0.95,EX1,743,5,0,0,0,0,49,2500.0
0.95,EX1,744,5,0,0,0,0,49,2500.0
0.95,EX1,745,0,0,0,0,0,49,2500.0
0.95,EX1,746,3,0,0,0,0,49,2500.0
0.95,EX1,747,2,0,0,0,0,49,2500.0
0.95,EX1,748,2,1,1,0,0,49,2500.0
0.95,EX1,749,0,0,0,0,0,49,2500.0
0.95,EX1,810,1,0,0,0,0,54,2500.0
0.95,EX1,811,8,0,0,0,0,54,2500.0
0.95,EX1,812,3,0,0,0,0,54,2500.0
0.95,EX1,813,4,0,0,0,0,54,2500.0
0.95,EX1,814,1,0,0,0,0,54,2500.0
0.95,EX1,815,1,0,0,0,0,54,2500.0
0.95,EX1,816,1,0,0,0,0,54,2500.0
0.95,EX1,817,3,0,0,0,0,54,2500.0
0.95,EX1,818,1,0,0,0,0,54,2500.0
0.95,EX1,819,4,1,1,0,0,54,2500.0
0.95,EX1,820,3,0,0,0,0,54,2500.0
0.95,EX1,821,3,0,0,0,0,54,2500.0
0.95,EX1,822,0,0,0,0,0,54,2500.0
0.95,EX1,823,3,0,0,0,0,54,2500.0
0.95,EX1,824,3,0,0,0,0,54,2500.0
0.95,EX1,825,4,0,0,0,0,55,2500.0
0.95,EX1,826,5,0,0,0,0,55,2500.0
0.95,EX1,827,2,1,1,0,0,55,2500.0
0.95,EX1,828,6,1,1,0,0,55,2500.0
0.95,EX1,829,6,0,0,0,0,55,2500.0
0.95,EX1,830,5,0,0,0,0,55,2500.0
0.95,EX1,831,0,0,0,0,0,55,2500.0
0.95,EX1,832,3,0,0,0,0,55,2500.0
0.95,EX1,833,5,1,1,0,0,55,2500.0
0.95,EX1,834,3,0,0,0,0,55,2500.0
0.95,EX1,835,2,0,0,0,0,55,2500.0
0.95,EX1,836,3,0,0,0,0,55,2500.0
0.95,EX1,837,2,0,0,0,0,55,2500.0
0.95,EX1,838,4,0,0,0,0,55,2500.0
0.95,EX1,839,6,0,0,0,0,55,2500.0
0.95,EX1,840,4,0,0,0,0,56,2500.0
0.95,EX1,841,5,0,0,0,0,56,2500.0
0.95,EX1,842,1,0,0,0,0,56,2500.0
0.95,EX1,843,5,0,0,0,0,56,2500.0
0.95,EX1,844,2,0,0,0,0,56,2500.0
0.95,EX1,845,1,0,0,0,0,56,2500.0
0.95,EX1,846,2,0,0,0,0,56,2500.0
0.95,EX1,847,0,0,0,0,0,56,2500.0
0.95,EX1,848,2,0,0,0,0,56,2500.0
0.95,EX1,849,3,0,0,0,0,56,2500.0
0.95,EX1,850,5,0,0,0,0,56,2500.0
0.95,EX1,851,3,1,1,0,0,56,2500.0
0.95,EX1,852,3,0,0,0,0,56,2500.0
0.95,EX1,853,1,1,1,0,0,56,2500.0
0.95,EX1,854,6,0,0,0,0,56,2500.0
0.95,EX1,900,6,0,0,0,0,60,2500.0
0.95,EX1,901,3,0,0,0,0,60,2500.0
0.95,EX1,902,5,0,0,0,0,60,2500.0
0.95,EX1,903,3,1,1,0,0,60,2500.0
0.95,EX1,904,3,0,0,0,0,60,2500.0
0.95,EX1,905,6,0,0,0,0,60,2500.0
0.95,EX1,906,3,0,0,0,0,60,2500.0
0.95,EX1,907,2,0,0,0,0,60,2500.0
0.95,EX1,908,0,0,0,0,0,60,2500.0
0.95,EX1,909,5,0,0,0,0,60,2500.0
0.95,EX1,910,4,1,1,0,0,60,2500.0
0.95,EX1,911,4,0,0,0,0,60,2500.0
0.95,EX1,912,2,1,1,0,0,60,2500.0
0.95,EX1,913,3,0,0,0,0,60,2500.0
0.95,EX1,914,0,0,0,0,0,60,2500.0
0.95,EX1,945,4,0,0,0,0,63,2500.0
0.95,EX1,946,4,0,0,0,0,63,2500.0
0.95,EX1,947,3,0,0,0,0,63,2500.0
0.95,EX1,948,3,0,0,0,0,63,2500.0
0.95,EX1,949,4,0,0,0,0,63,2500.0
0.95,EX1,950,0,0,0,0,0,63,2500.0
0.95,EX1,951,3,0,0,0,0,63,2500.0
0.95,EX1,952,2,0,0,0,0,63,2500.0
0.95,EX1,953,2,0,0,0,0,63,2500.0
0.95,EX1,954,5,0,0,0,0,63,2500.0
0.95,EX1,955,4,0,0,0,0,63,2500.0
0.95,EX1,956,4,0,0,0,0,63,2500.0
0.95,EX1,957,3,0,0,0,0,63,2500.0
0.95,EX1,958,1,0,0,0,0,63,2500.0
0.95,EX1,959,2,0,0,0,0,63,2500.0
0.95,EX1,975,4,0,0,0,0,65,2500.0
0.95,EX1,976,4,0,0,0,0,65,2500.0
0.95,EX1,977,4,0,0,0,0,65,2500.0
0.95,EX1,978,1,0,0,0,0,65,2500.0
0.95,EX1,979,0,0,0,0,0,65,2500.0
0.95,EX1,980,3,0,0,0,0,65,2500.0
0.95,EX1,981,2,0,0,0,0,65,2500.0
0.95,EX1,982,3,1,1,0,0,65,2500.0
0.95,EX1,983,3,0,0,0,0,65,2500.0
0.95,EX1,984,4,1,1,0,0,65,2500.0
0.95,EX1,985,5,0,0,0,0,65,2500.0
0.95,EX1,986,4,0,0,0,0,65,2500.0
0.95,EX1,987,1,0,0,0,0,65,2500.0
0.95,EX1,988,4,0,0,0,0,65,2500.0
0.95,EX1,989,2,0,0,0,0,65,2500.0
0.95,EX1,1035,7,0,0,0,0,69,2500.0
0.95,EX1,1036,2,0,0,0,0,69,2500.0
0.95,EX1,1037,2,1,1,0,0,69,2500.0
0.95,EX1,1038,2,0,0,0,0,69,2500.0
0.95,EX1,1039,3,0,0,0,0,69,2500.0
0.95,EX1,1040,2,0,0,0,0,69,2500.0
0.95,EX1,1041,3,0,0,0,0,69,2500.0
0.95,EX1,1042,1,0,0,0,0,69,2500.0
0.95,EX1,1043,3,0,0,0,0,69,2500.0
0.95,EX1,1044,2,0,0,0,0,69,2500.0
0.95,EX1,1045,6,0,0,0,0,69,2500.0
0.95,EX1,1046,2,0,0,0,0,69,2500.0
0.95,EX1,1047,3,0,0,0,0,69,2500.0
0.95,EX1,1048,3,0,0,0,0,69,2500.0
0.95,EX1,1049,2,0,0,0,0,69,2500.0
0.95,EX1,1050,1,0,0,0,0,70,2500.0
0.95,EX1,1051,2,0,0,0,0,70,2500.0
0.95,EX1,1052,2,0,0,0,0,70,2500.0
0.95,EX1,1053,4,0,0,0,0,70,2500.0
0.95,EX1,1054,2,0,0,0,0,70,2500.0
0.95,EX1,1055,4,0,0,0,0,70,2500.0
0.95,EX1,1056,6,2,1,1,0,70,2500.0
0.95,EX1,1057,0,0,0,0,0,70,2500.0
0.95,EX1,1058,1,0,0,0,0,70,2500.0
0.95,EX1,1059,1,0,0,0,0,70,2500.0
0.95,EX1,1060,3,0,0,0,0,70,2500.0
0.95,EX1,1061,3,0,0,0,0,70,2500.0
0.95,EX1,1062,3,0,0,0,0,70,2500.0
0.95,EX1,1063,2,0,0,0,0,70,2500.0
0.95,EX1,1064,5,1,1,0,0,70,2500.0
0.95,EX1,1080,4,0,0,0,0,72,2500.0
0.95,EX1,1081,3,1,1,0,0,72,2500.0
0.95,EX1,1082,3,0,0,0,0,72,2500.0
0.95,EX1,1083,5,0,0,0,0,72,2500.0
0.95,EX1,1084,0,0,0,0,0,72,2500.0
0.95,EX1,1085,2,0,0,0,0,72,2500.0
0.95,EX1,1086,7,3,3,0,0,72,2500.0
0.95,EX1,1087,5,0,0,0,0,72,2500.0
0.95,EX1,1088,6,0,0,0,0,72,2500.0
0.95,EX1,1089,0,0,0,0,0,72,2500.0
0.95,EX1,1090,2,0,0,0,0,72,2500.0
0.95,EX1,1091,2,0,0,0,0,72,2500.0
0.95,EX1,1092,2,0,0,0,0,72,2500.0
0.95,EX1,1093,2,0,0,0,0,72,2500.0
0.95,EX1,1094,1,0,0,0,0,72,2500.0
0.95,EX1,1140,3,0,0,0,0,76,2500.0
0.95,EX1,1141,8,0,0,0,0,76,2500.0
0.95,EX1,1142,2,0,0,0,0,76,2500.0
0.95,EX1,1143,5,0,0,0,0,76,2500.0
0.95,EX1,1144,5,1,1,0,0,76,2500.0
0.95,EX1,1145,3,0,0,0,0,76,2500.0
0.95,EX1,1146,4,0,0,0,0,76,2500.0
0.95,EX1,1147,2,0,0,0,0,76,2500.0
0.95,EX1,1148,2,0,0,0,0,76,2500.0
0.95,EX1,1149,1,0,0,0,0,76,2500.0
0.95,EX1,1150,3,0,0,0,0,76,2500.0
0.95,EX1,1151,1,0,0,0,0,76,2500.0
0.95,EX1,1152,1,0,0,0,0,76,2500.0
0.95,EX1,1153,1,0,0,0,0,76,2500.0
0.95,EX1,1154,2,0,0,0,0,76,2500.0
0.95,EX1,1155,4,0,0,0,0,77,2500.0
0.95,EX1,1156,0,0,0,0,0,77,2500.0
0.95,EX1,1157,3,0,0,0,0,77,2500.0
0.95,EX1,1158,2,0,0,0,0,77,2500.0
0.95,EX1,1159,2,0,0,0,0,77,2500.0
0.95,EX1,1160,2,1,1,0,0,77,2500.0
0.95,EX1,1161,4,1,1,0,0,77,2500.0
0.95,EX1,1162,1,0,0,0,0,77,2500.0
0.95,EX1,1163,4,1,1,0,0,77,2500.0
0.95,EX1,1164,2,0,0,0,0,77,2500.0
0.95,EX1,1165,3,0,0,0,0,77,2500.0
0.95,EX1,1166,8,0,0,0,0,77,2500.0
0.95,EX1,1167,4,0,0,0,0,77,2500.0
0.95,EX1,1168,4,0,0,0,0,77,2500.0
0.95,EX1,1169,3,0,0,0,0,77,2500.0
0.95,EX1,1170,1,0,0,0,0,78,2500.0
0.95,EX1,1171,3,0,0,0,0,78,2500.0
0.95,EX1,1172,1,0,0,0,0,78,2500.0
0.95,EX1,1173,3,1,1,0,0,78,2500.0
0.95,EX1,1174,6,0,0,0,0,78,2500.0
0.95,EX1,1175,5,0,0,0,0,78,2500.0
0.95,EX1,1176,2,0,0,0,0,78,2500.0
0.95,EX1,1177,7,0,0,0,0,78,2500.0
0.95,EX1,1178,5,0,0,0,0,78,2500.0
0.95,EX1,1179,4,0,0,0,0,78,2500.0
0.95,EX1,1180,2,0,0,0,0,78,2500.0
0.95,EX1,1181,4,0,0,0,0,78,2500.0
0.95,EX1,1182,7,0,0,0,0,78,2500.0
0.95,EX1,1183,3,0,0,0,0,78,2500.0
0.95,EX1,1184,4,1,1,0,0,78,2500.0
0.95,EX1,1215,6,1,1,0,0,81,2500.0
0.95,EX1,1216,6,0,0,0,0,81,2500.0
0.95,EX1,1217,3,0,0,0,0,81,2500.0
0.95,EX1,1218,3,1,1,0,0,81,2500.0
0.95,EX1,1219,3,2,2,0,0,81,2500.0
0.95,EX1,1220,1,0,0,0,0,81,2500.0
0.95,EX1,1221,3,0,0,0,0,81,2500.0
0.95,EX1,1222,2,0,0,0,0,81,2500.0
0.95,EX1,1223,4,0,0,0,0,81,2500.0
0.95,EX1,1224,1,0,0,0,0,81,2500.0
0.95,EX1,1225,1,0,0,0,0,81,2500.0
0.95,EX1,1226,4,0,0,0,0,81,2500.0
0.95,EX1,1227,2,0,0,0,0,81,2500.0
0.95,EX1,1228,4,1,1,0,0,81,2500.0
0.95,EX1,1229,3,0,0,0,0,81,2500.0
0.95,EX1,1230,5,0,0,0,0,82,2500.0
0.95,EX1,1231,3,0,0,0,0,82,2500.0
0.95,EX1,1232,4,0,0,0,0,82,2500.0
0.95,EX1,1233,2,0,0,0,0,82,2500.0
0.95,EX1,1234,1,1,1,0,0,82,2500.0
0.95,EX1,1235,2,0,0,0,0,82,2500.0
0.95,EX1,1236,2,0,0,0,0,82,2500.0
0.95,EX1,1237,3,0,0,0,0,82,2500.0
0.95,EX1,1238,0,0,0,0,0,82,2500.0
0.95,EX1,1239,2,0,0,0,0,82,2500.0
0.95,EX1,1240,2,0,0,0,0,82,2500.0
0.95,EX1,1241,3,0,0,0,0,82,2500.0
0.95,EX1,1242,2,1,1,0,0,82,2500.0
0.95,EX1,1243,5,0,0,0,0,82,2500.0
0.95,EX1,1244,3,0,0,0,0,82,2500.0
0.95,EX1,1290,5,0,0,0,0,86,2500.0
0.95,EX1,1291,2,0,0,0,0,86,2500.0
0.95,EX1,1292,1,0,0,0,0,86,2500.0
0.95,EX1,1293,2,0,0,0,0,86,2500.0
0.95,EX1,1294,2,0,0,0,0,86,2500.0
0.95,EX1,1295,3,0,0,0,0,86,2500.0
0.95,EX1,1296,5,0,0,0,0,86,2500.0
0.95,EX1,1297,2,0,0,0,0,86,2500.0
0.95,EX1,1298,3,0,0,0,0,86,2500.0
0.95,EX1,1299,3,0,0,0,0,86,2500.0
0.95,EX1,1300,4,1,1,0,0,86,2500.0
0.95,EX1,1301,2,0,0,0,0,86,2500.0
0.95,EX1,1302,2,0,0,0,0,86,2500.0
0.95,EX1,1303,2,0,0,0,0,86,2500.0
0.95,EX1,1304,2,0,0,0,0,86,2500.0
0.95,EX1,1350,7,1,1,0,0,90,2500.0
0.95,EX1,1351,3,0,0,0,0,90,2500.0
0.95,EX1,1352,1,0,0,0,0,90,2500.0
0.95,EX1,1353,4,0,0,0,0,90,2500.0
0.95,EX1,1354,5,0,0,0,0,90,2500.0
0.95,EX1,1355,1,1,1,0,0,90,2500.0
0.95,EX1,1356,2,0,0,0,0,90,2500.0
0.95,EX1,1357,4,0,0,0,0,90,2500.0
0.95,EX1,1358,2,0,0,0,0,90,2500.0
0.95,EX1,1359,0,0,0,0,0,90,2500.0
0.95,EX1,1360,2,0,0,0,0,90,2500.0
0.95,EX1,1361,3,0,0,0,0,90,2500.0
0.95,EX1,1362,3,0,0,0,0,90,2500.0
0.95,EX1,1363,1,0,0,0,0,90,2500.0
0.95,EX1,1364,4,1,1,0,0,90,2500.0
0.95,EX1,1515,4,0,0,0,0,101,2500.0
0.95,EX1,1516,2,0,0,0,0,101,2500.0
0.95,EX1,1517,3,0,0,0,0,101,2500.0
0.95,EX1,1518,1,0,0,0,0,101,2500.0
0.95,EX1,1519,2,0,0,0,0,101,2500.0
0.95,EX1,1520,3,0,0,0,0,101,2500.0
0.95,EX1,1521,3,0,0,0,0,101,2500.0
0.95,EX1,1522,5,0,0,0,0,101,2500.0
0.95,EX1,1523,6,0,0,0,0,101,2500.0
0.95,EX1,1524,2,0,0,0,0,101,2500.0
0.95,EX1,1525,3,0,0,0,0,101,2500.0
0.95,EX1,1526,5,1,1,0,0,101,2500.0
0.95,EX1,1527,5,0,0,0,0,101,2500.0
0.95,EX1,1528,1,0,0,0,0,101,2500.0
0.95,EX1,1529,1,0,0,0,0,101,2500.0
0.95,EX1,1620,2,1,1,0,0,108,2500.0
0.95,EX1,1621,1,0,0,0,0,108,2500.0
0.95,EX1,1622,2,0,0,0,0,108,2500.0
0.95,EX1,1623,5,0,0,0,0,108,2500.0
0.95,EX1,1624,4,0,0,0,0,108,2500.0
0.95,EX1,1625,1,0,0,0,0,108,2500.0
0.95,EX1,1626,3,1,1,0,0,108,2500.0
0.95,EX1,1627,5,0,0,0,0,108,2500.0
0.95,EX1,1628,2,0,0,0,0,108,2500.0
0.95,EX1,1629,6,0,0,0,0,108,2500.0
0.95,EX1,1630,1,0,0,0,0,108,2500.0
0.95,EX1,1631,3,0,0,0,0,108,2500.0
0.95,EX1,1632,3,1,1,0,0,108,2500.0
0.95,EX1,1633,1,0,0,0,0,108,2500.0
0.95,EX1,1634,2,0,0,0,0,108,2500.0
0.95,EX1,1635,2,1,1,0,0,109,2500.0
0.95,EX1,1636,2,0,0,0,0,109,2500.0
0.95,EX1,1637,4,0,0,0,0,109,2500.0
0.95,EX1,1638,4,0,0,0,0,109,2500.0
0.95,EX1,1639,2,0,0,0,0,109,2500.0
0.95,EX1,1640,2,0,0,0,0,109,2500.0
0.95,EX1,1641,2,0,0,0,0,109,2500.0
0.95,EX1,1642,3,0,0,0,0,109,2500.0
0.95,EX1,1643,2,0,0,0,0,109,2500.0
0.95,EX1,1644,4,0,0,0,0,109,2500.0
0.95,EX1,1645,4,1,1,0,0,109,2500.0
0.95,EX1,1646,5,0,0,0,0,109,2500.0
0.95,EX1,1647,4,0,0,0,0,109,2500.0
0.95,EX1,1648,3,0,0,0,0,109,2500.0
0.95,EX1,1649,3,0,0,0,0,109,2500.0
0.95,EX1,1650,3,0,0,0,0,110,2500.0
0.95,EX1,1651,2,0,0,0,0,110,2500.0
0.95,EX1,1652,2,0,0,0,0,110,2500.0
0.95,EX1,1653,1,1,1,0,0,110,2500.0
0.95,EX1,1654,0,0,0,0,0,110,2500.0
0.95,EX1,1655,2,0,0,0,0,110,2500.0
0.95,EX1,1656,1,0,0,0,0,110,2500.0
0.95,EX1,1657,1,0,0,0,0,110,2500.0
0.95,EX1,1658,2,0,0,0,0,110,2500.0
0.95,EX1,1659,2,0,0,0,0,110,2500.0
0.95,EX1,1660,1,0,0,0,0,110,2500.0
0.95,EX1,1661,1,0,0,0,0,110,2500.0
0.95,EX1,1662,3,1,1,0,0,110,2500.0
0.95,EX1,1663,2,0,0,0,0,110,2500.0
0.95,EX1,1664,2,0,0,0,0,110,2500.0
0.95,EX1,1770,1,0,0,0,0,118,2500.0
0.95,EX1,1771,2,1,1,0,0,118,2500.0
0.95,EX1,1772,7,0,0,0,0,118,2500.0
0.95,EX1,1773,3,0,0,0,0,118,2500.0
0.95,EX1,1774,2,0,0,0,0,118,2500.0
0.95,EX1,1775,4,0,0,0,0,118,2500.0
0.95,EX1,1776,3,0,0,0,0,118,2500.0
0.95,EX1,1777,1,0,0,0,0,118,2500.0
0.95,EX1,1778,3,0,0,0,0,118,2500.0
0.95,EX1,1779,2,0,0,0,0,118,2500.0
0.95,EX1,1780,3,0,0,0,0,118,2500.0
0.95,EX1,1781,2,0,0,0,0,118,2500.0
0.95,EX1,1782,2,0,0,0,0,118,2500.0
0.95,EX1,1783,6,0,0,0,0,118,2500.0
0.95,EX1,1784,5,0,0,0,0,118,2500.0
0.95,EX1,1800,3,0,0,0,0,120,2500.0
0.95,EX1,1801,2,0,0,0,0,120,2500.0
0.95,EX1,1802,2,0,0,0,0,120,2500.0
0.95,EX1,1803,2,0,0,0,0,120,2500.0
0.95,EX1,1804,1,0,0,0,0,120,2500.0
0.95,EX1,1805,4,0,0,0,0,120,2500.0
0.95,EX1,1806,4,1,1,0,0,120,2500.0
0.95,EX1,1807,2,0,0,0,0,120,2500.0
0.95,EX1,1808,5,0,0,0,0,120,2500.0
0.95,EX1,1809,0,0,0,0,0,120,2500.0
0.95,EX1,1810,0,0,0,0,0,120,2500.0
0.95,EX1,1811,0,0,0,0,0,120,2500.0
0.95,EX1,1812,4,0,0,0,0,120,2500.0
0.95,EX1,1813,4,1,1,0,0,120,2500.0
0.95,EX1,1814,3,0,0,0,0,120,2500.0
0.95,EX1,1965,3,1,1,0,0,131,2500.0
0.95,EX1,1966,1,0,0,0,0,131,2500.0
0.95,EX1,1967,5,0,0,0,0,131,2500.0
0.95,EX1,1968,1,0,0,0,0,131,2500.0
0.95,EX1,1969,2,0,0,0,0,131,2500.0
0.95,EX1,1970,4,0,0,0,0,131,2500.0
0.95,EX1,1971,6,0,0,0,0,131,2500.0
0.95,EX1,1972,5,0,0,0,0,131,2500.0
0.95,EX1,1973,0,0,0,0,0,131,2500.0
0.95,EX1,1974,3,0,0,0,0,131,2500.0
0.95,EX1,1975,4,0,0,0,0,131,2500.0
0.95,EX1,1976,4,0,0,0,0,131,2500.0
0.95,EX1,1977,5,0,0,0,0,131,2500.0
0.95,EX1,1978,3,0,0,0,0,131,2500.0
0.95,EX1,1979,7,0,0,0,0,131,2500.0
0.95,EX1,1980,5,0,0,0,0,132,2500.0
0.95,EX1,1981,4,0,0,0,0,132,2500.0
0.95,EX1,1982,1,0,0,0,0,132,2500.0
0.95,EX1,1983,2,0,0,0,0,132,2500.0
0.95,EX1,1984,0,0,0,0,0,132,2500.0
0.95,EX1,1985,1,0,0,0,0,132,2500.0
0.95,EX1,1986,2,1,1,0,0,132,2500.0
0.95,EX1,1987,3,0,0,0,0,132,2500.0
0.95,EX1,1988,3,0,0,0,0,132,2500.0
0.95,EX1,1989,3,0,0,0,0,132,2500.0
0.95,EX1,1990,6,0,0,0,0,132,2500.0
0.95,EX1,1991,4,0,0,0,0,132,2500.0
0.95,EX1,1992,0,0,0,0,0,132,2500.0
0.95,EX1,1993,2,0,0,0,0,132,2500.0
0.95,EX1,1994,4,0,0,0,0,132,2500.0
0.95,EX1,1995,3,0,0,0,0,133,2500.0
0.95,EX1,1996,0,0,0,0,0,133,2500.0
0.95,EX1,1997,3,0,0,0,0,133,2500.0
0.95,EX1,1998,2,0,0,0,0,133,2500.0
0.95,EX1,1999,2,0,0,0,0,133,2500.0
0.95,EX1,2000,5,0,0,0,0,133,2500.0
0.95,EX1,2001,3,0,0,0,0,133,2500.0
0.95,EX1,2002,1,0,0,0,0,133,2500.0
0.95,EX1,2003,3,0,0,0,0,133,2500.0
0.95,EX1,2004,2,0,0,0,0,133,2500.0
0.95,EX1,2005,3,0,0,0,0,133,2500.0
0.95,EX1,2006,1,0,0,0,0,133,2500.0
0.95,EX1,2007,1,0,0,0,0,133,2500.0
0.95,EX1,2008,1,0,0,0,0,133,2500.0
0.95,EX1,2009,13,0,0,0,0,133,2500.0
0.95,EX1,2025,2,0,0,0,0,135,2500.0
0.95,EX1,2026,4,1,1,0,0,135,2500.0
0.95,EX1,2027,2,0,0,0,0,135,2500.0
0.95,EX1,2028,4,0,0,0,0,135,2500.0
0.95,EX1,2029,1,0,0,0,0,135,2500.0
0.95,EX1,2030,1,0,0,0,0,135,2500.0
0.95,EX1,2031,1,0,0,0,0,135,2500.0
0.95,EX1,2032,8,0,0,0,0,135,2500.0
0.95,EX1,2033,3,0,0,0,0,135,2500.0
0.95,EX1,2034,4,0,0,0,0,135,2500.0
0.95,EX1,2035,6,1,1,0,0,135,2500.0
0.95,EX1,2036,1,0,0,0,0,135,2500.0
0.95,EX1,2037,5,0,0,0,0,135,2500.0
0.95,EX1,2038,2,0,0,0,0,135,2500.0
0.95,EX1,2039,7,0,0,0,0,135,2500.0
0.95,EX1,2040,3,1,1,0,0,136,2500.0
0.95,EX1,2041,2,0,0,0,0,136,2500.0
0.95,EX1,2042,3,0,0,0,0,136,2500.0
0.95,EX1,2043,1,0,0,0,0,136,2500.0
0.95,EX1,2044,3,0,0,0,0,136,2500.0
0.95,EX1,2045,1,0,0,0,0,136,2500.0
0.95,EX1,2046,3,0,0,0,0,136,2500.0
0.95,EX1,2047,2,0,0,0,0,136,2500.0
0.95,EX1,2048,2,0,0,0,0,136,2500.0
0.95,EX1,2049,2,0,0,0,0,136,2500.0
0.95,EX1,2050,2,0,0,0,0,136,2500.0
0.95,EX1,2051,5,0,0,0,0,136,2500.0
0.95,EX1,2052,1,0,0,0,0,136,2500.0
0.95,EX1,2053,8,0,0,0,0,136,2500.0
0.95,EX1,2054,5,0,0,0,0,136,2500.0
0.95,EX1,2220,5,2,2,0,0,148,2500.0
0.95,EX1,2221,2,0,0,0,0,148,2500.0
0.95,EX1,2222,4,0,0,0,0,148,2500.0
0.95,EX1,2223,1,0,0,0,0,148,2500.0
0.95,EX1,2224,5,0,0,0,0,148,2500.0
0.95,EX1,2225,3,0,0,0,0,148,2500.0
0.95,EX1,2226,4,0,0,0,0,148,2500.0
0.95,EX1,2227,3,0,0,0,0,148,2500.0
0.95,EX1,2228,3,0,0,0,0,148,2500.0
0.95,EX1,2229,4,0,0,0,0,148,2500.0
0.95,EX1,2230,4,0,0,0,0,148,2500.0
0.95,EX1,2231,2,0,0,0,0,148,2500.0
0.95,EX1,2232,4,0,0,0,0,148,2500.0
0.95,EX1,2233,2,0,0,0,0,148,2500.0
0.95,EX1,2234,3,1,1,0,0,148,2500.0
0.95,EX1,2325,5,1,0,1,0,155,2500.0
0.95,EX1,2326,1,0,0,0,0,155,2500.0
0.95,EX1,2327,1,0,0,0,0,155,2500.0
0.95,EX1,2328,4,0,0,0,0,155,2500.0
0.95,EX1,2329,2,0,0,0,0,155,2500.0
0.95,EX1,2330,5,0,0,0,0,155,2500.0
0.95,EX1,2331,1,0,0,0,0,155,2500.0
0.95,EX1,2332,1,0,0,0,0,155,2500.0
0.95,EX1,2333,5,0,0,0,0,155,2500.0
0.95,EX1,2334,2,0,0,0,0,155,2500.0
0.95,EX1,2335,3,0,0,0,0,155,2500.0
0.95,EX1,2336,1,0,0,0,0,155,2500.0
0.95,EX1,2337,2,0,0,0,0,155,2500.0
0.95,EX1,2338,6,3,3,0,0,155,2500.0
0.95,EX1,2339,5,1,1,0,0,155,2500.0
0.95,EX1,2370,2,0,0,0,0,158,2500.0
0.95,EX1,2371,6,0,0,0,0,158,2500.0
0.95,EX1,2372,2,0,0,0,0,158,2500.0
0.95,EX1,2373,1,1,1,0,0,158,2500.0
0.95,EX1,2374,1,0,0,0,0,158,2500.0
0.95,EX1,2375,5,0,0,0,0,158,2500.0
0.95,EX1,2376,1,0,0,0,0,158,2500.0
0.95,EX1,2377,6,0,0,0,0,158,2500.0
0.95,EX1,2378,2,0,0,0,0,158,2500.0
0.95,EX1,2379,3,0,0,0,0,158,2500.0
0.95,EX1,2380,5,0,0,0,0,158,2500.0
0.95,EX1,2381,2,0,0,0,0,158,2500.0
0.95,EX1,2382,2,0,0,0,0,158,2500.0
0.95,EX1,2383,6,0,0,0,0,158,2500.0
0.95,EX1,2384,5,0,0,0,0,158,2500.0
0.95,EX1,2460,1,0,0,0,0,164,2500.0
0.95,EX1,2461,3,0,0,0,0,164,2500.0
0.95,EX1,2462,4,0,0,0,0,164,2500.0
0.95,EX1,2463,2,0,0,0,0,164,2500.0
0.95,EX1,2464,2,0,0,0,0,164,2500.0
0.95,EX1,2465,1,0,0,0,0,164,2500.0
0.95,EX1,2466,2,0,0,0,0,164,2500.0
0.95,EX1,2467,2,0,0,0,0,164,2500.0
0.95,EX1,2468,3,1,1,0,0,164,2500.0
0.95,EX1,2469,6,0,0,0,0,164,2500.0
0.95,EX1,2470,2,0,0,0,0,164,2500.0
0.95,EX1,2471,1,0,0,0,0,164,2500.0
0.95,EX1,2472,4,0,0,0,0,164,2500.0
0.95,EX1,2473,3,0,0,0,0,164,2500.0
0.95,EX1,2474,2,0,0,0,0,164,2500.0
0.95,EX1,2475,0,0,0,0,0,165,2500.0
0.95,EX1,2476,1,0,0,0,0,165,2500.0
0.95,EX1,2477,2,0,0,0,0,165,2500.0
0.95,EX1,2478,3,0,0,0,0,165,2500.0
0.95,EX1,2479,8,2,2,0,0,165,2500.0
0.95,EX1,2480,4,0,0,0,0,165,2500.0
0.95,EX1,2481,0,0,0,0,0,165,2500.0
0.95,EX1,2482,2,0,0,0,0,165,2500.0
0.95,EX1,2483,4,0,0,0,0,165,2500.0
0.95,EX1,2484,7,1,1,0,0,165,2500.0
0.95,EX1,2485,1,0,0,0,0,165,2500.0
0.95,EX1,2486,4,0,0,0,0,165,2500.0
0.95,EX1,2487,3,2,2,0,0,165,2500.0
0.95,EX1,2488,6,0,0,0,0,165,2500.0
0.95,EX1,2489,3,0,0,0,0,165,2500.0
0.95,EX1,2640,3,1,1,0,0,176,2500.0
0.95,EX1,2641,5,0,0,0,0,176,2500.0
0.95,EX1,2642,3,0,0,0,0,176,2500.0
0.95,EX1,2643,3,0,0,0,0,176,2500.0
0.95,EX1,2644,5,1,1,0,0,176,2500.0
0.95,EX1,2645,5,0,0,0,0,176,2500.0
0.95,EX1,2646,3,1,1,0,0,176,2500.0
0.95,EX1,2647,4,0,0,0,0,176,2500.0
0.95,EX1,2648,5,0,0,0,0,176,2500.0
0.95,EX1,2649,4,0,0,0,0,176,2500.0
0.95,EX1,2650,1,0,0,0,0,176,2500.0
0.95,EX1,2651,6,0,0,0,0,176,2500.0
0.95,EX1,2652,5,0,0,0,0,176,2500.0
0.95,EX1,2653,2,0,0,0,0,176,2500.0
0.95,EX1,2654,2,0,0,0,0,176,2500.0
0.95,EX1,2715,6,0,0,0,0,181,2500.0
0.95,EX1,2716,3,0,0,0,0,181,2500.0
0.95,EX1,2717,3,0,0,0,0,181,2500.0
0.95,EX1,2718,6,0,0,0,0,181,2500.0
0.95,EX1,2719,4,0,0,0,0,181,2500.0
0.95,EX1,2720,6,0,0,0,0,181,2500.0
0.95,EX1,2721,2,0,0,0,0,181,2500.0
0.95,EX1,2722,3,0,0,0,0,181,2500.0
0.95,EX1,2723,1,0,0,0,0,181,2500.0
0.95,EX1,2724,2,0,0,0,0,181,2500.0
0.95,EX1,2725,2,0,0,0,0,181,2500.0
0.95,EX1,2726,2,0,0,0,0,181,2500.0
0.95,EX1,2727,6,0,0,0,0,181,2500.0
0.95,EX1,2728,2,0,0,0,0,181,2500.0
0.95,EX1,2729,2,0,0,0,0,181,2500.0
0.95,EX1,2730,2,0,0,0,0,182,2500.0
0.95,EX1,2731,3,0,0,0,0,182,2500.0
0.95,EX1,2732,4,1,1,0,0,182,2500.0
0.95,EX1,2733,2,0,0,0,0,182,2500.0
0.95,EX1,2734,2,0,0,0,0,182,2500.0
0.95,EX1,2735,0,0,0,0,0,182,2500.0
0.95,EX1,2736,1,0,0,0,0,182,2500.0
0.95,EX1,2737,1,0,0,0,0,182,2500.0
0.95,EX1,2738,5,0,0,0,0,182,2500.0
0.95,EX1,2739,3,0,0,0,0,182,2500.0
0.95,EX1,2740,3,0,0,0,0,182,2500.0
0.95,EX1,2741,8,1,0,1,0,182,2500.0
0.95,EX1,2742,1,0,0,0,0,182,2500.0
0.95,EX1,2743,4,2,2,0,0,182,2500.0
0.95,EX1,2744,2,1,1,0,0,182,2500.0
0.95,EX1,2880,3,1,1,0,0,192,2500.0
0.95,EX1,2881,4,1,1,0,0,192,2500.0
0.95,EX1,2882,2,0,0,0,0,192,2500.0
0.95,EX1,2883,4,0,0,0,0,192,2500.0
0.95,EX1,2884,3,0,0,0,0,192,2500.0
0.95,EX1,2885,1,0,0,0,0,192,2500.0
0.95,EX1,2886,2,0,0,0,0,192,2500.0
0.95,EX1,2887,2,0,0,0,0,192,2500.0
0.95,EX1,2888,3,0,0,0,0,192,2500.0
0.95,EX1,2889,1,0,0,0,0,192,2500.0
0.95,EX1,2890,5,0,0,0,0,192,2500.0
0.95,EX1,2891,6,0,0,0,0,192,2500.0
0.95,EX1,2892,2,0,0,0,0,192,2500.0
0.95,EX1,2893,2,0,0,0,0,192,2500.0
0.95,EX1,2894,2,0,0,0,0,192,2500.0
0.95,EX1,2985,7,0,0,0,0,199,2500.0
0.95,EX1,2986,2,0,0,0,0,199,2500.0
0.95,EX1,2987,3,0,0,0,0,199,2500.0
0.95,EX1,2988,4,0,0,0,0,199,2500.0
0.95,EX1,2989,2,0,0,0,0,199,2500.0
0.95,EX1,2990,3,0,0,0,0,199,2500.0
0.95,EX1,2991,4,0,0,0,0,199,2500.0
0.95,EX1,2992,2,0,0,0,0,199,2500.0
0.95,EX1,2993,3,0,0,0,0,199,2500.0
0.95,EX1,2994,1,0,0,0,0,199,2500.0
0.95,EX1,2995,2,0,0,0,0,199,2500.0
0.95,EX1,2996,1,0,0,0,0,199,2500.0
0.95,EX1,2997,1,0,0,0,0,199,2500.0
0.95,EX1,2998,5,0,0,0,0,199,2500.0
0.95,EX1,2999,4,0,0,0,0,199,2500.0
0.95,EX1,3060,2,0,0,0,0,204,2500.0
0.95,EX1,3061,3,1,1,0,0,204,2500.0
0.95,EX1,3062,4,0,0,0,0,204,2500.0
0.95,EX1,3063,2,1,1,0,0,204,2500.0
0.95,EX1,3064,3,0,0,0,0,204,2500.0
0.95,EX1,3065,3,1,1,0,0,204,2500.0
0.95,EX1,3066,2,0,0,0,0,204,2500.0
0.95,EX1,3067,5,0,0,0,0,204,2500.0
0.95,EX1,3068,3,0,0,0,0,204,2500.0
0.95,EX1,3069,3,1,1,0,0,204,2500.0
0.95,EX1,3070,4,0,0,0,0,204,2500.0
0.95,EX1,3071,4,0,0,0,0,204,2500.0
0.95,EX1,3072,5,0,0,0,0,204,2500.0
0.95,EX1,3073,3,0,0,0,0,204,2500.0
0.95,EX1,3074,2,1,1,0,0,204,2500.0
0.95,EX1,3135,2,0,0,0,0,209,2500.0
0.95,EX1,3136,3,0,0,0,0,209,2500.0
0.95,EX1,3137,4,0,0,0,0,209,2500.0
0.95,EX1,3138,3,0,0,0,0,209,2500.0
0.95,EX1,3139,4,1,1,0,0,209,2500.0
0.95,EX1,3140,8,2,2,0,0,209,2500.0
0.95,EX1,3141,4,0,0,0,0,209,2500.0
0.95,EX1,3142,2,0,0,0,0,209,2500.0
0.95,EX1,3143,3,0,0,0,0,209,2500.0
0.95,EX1,3144,6,0,0,0,0,209,2500.0
0.95,EX1,3145,3,0,0,0,0,209,2500.0
0.95,EX1,3146,1,0,0,0,0,209,2500.0
0.95,EX1,3147,5,0,0,0,0,209,2500.0
0.95,EX1,3148,3,0,0,0,0,209,2500.0
0.95,EX1,3149,0,0,0,0,0,209,2500.0
0.95,EX1,3150,4,0,0,0,0,210,2500.0
0.95,EX1,3151,2,0,0,0,0,210,2500.0
0.95,EX1,3152,2,0,0,0,0,210,2500.0
0.95,EX1,3153,5,0,0,0,0,210,2500.0
0.95,EX1,3154,7,0,0,0,0,210,2500.0
0.95,EX1,3155,4,0,0,0,0,210,2500.0
0.95,EX1,3156,1,0,0,0,0,210,2500.0
0.95,EX1,3157,2,0,0,0,0,210,2500.0
0.95,EX1,3158,2,0,0,0,0,210,2500.0
0.95,EX1,3159,0,0,0,0,0,210,2500.0
0.95,EX1,3160,6,0,0,0,0,210,2500.0
0.95,EX1,3161,3,0,0,0,0,210,2500.0
0.95,EX1,3162,2,0,0,0,0,210,2500.0
0.95,EX1,3163,5,0,0,0,0,210,2500.0
0.95,EX1,3164,1,0,0,0,0,210,2500.0
0.95,EX1,3165,4,0,0,0,0,211,2500.0
0.95,EX1,3166,1,0,0,0,0,211,2500.0
0.95,EX1,3167,3,0,0,0,0,211,2500.0
0.95,EX1,3168,1,0,0,0,0,211,2500.0
0.95,EX1,3169,4,0,0,0,0,211,2500.0
0.95,EX1,3170,5,0,0,0,0,211,2500.0
0.95,EX1,3171,5,0,0,0,0,211,2500.0
0.95,EX1,3172,4,0,0,0,0,211,2500.0
0.95,EX1,3173,3,1,1,0,0,211,2500.0
0.95,EX1,3174,1,0,0,0,0,211,2500.0
0.95,EX1,3175,3,1,1,0,0,211,2500.0
0.95,EX1,3176,1,0,0,0,0,211,2500.0
0.95,EX1,3177,5,1,0,1,0,211,2500.0
0.95,EX1,3178,3,0,0,0,0,211,2500.0
0.95,EX1,3179,1,0,0,0,0,211,2500.0
0.95,EX1,3195,4,0,0,0,0,213,2500.0
0.95,EX1,3196,3,0,0,0,0,213,2500.0
0.95,EX1,3197,2,0,0,0,0,213,2500.0
0.95,EX1,3198,4,0,0,0,0,213,2500.0
0.95,EX1,3199,8,0,0,0,0,213,2500.0
0.95,EX1,3200,3,0,0,0,0,213,2500.0
0.95,EX1,3201,1,0,0,0,0,213,2500.0
0.95,EX1,3202,0,0,0,0,0,213,2500.0
0.95,EX1,3203,4,0,0,0,0,213,2500.0
0.95,EX1,3204,1,0,0,0,0,213,2500.0
0.95,EX1,3205,5,0,0,0,0,213,2500.0
0.95,EX1,3206,3,0,0,0,0,213,2500.0
0.95,EX1,3207,3,0,0,0,0,213,2500.0
0.95,EX1,3208,2,0,0,0,0,213,2500.0
0.95,EX1,3209,4,0,0,0,0,213,2500.0
0.95,EX1,3270,2,0,0,0,0,218,2500.0
0.95,EX1,3271,7,0,0,0,0,218,2500.0
0.95,EX1,3272,2,0,0,0,0,218,2500.0
0.95,EX1,3273,3,0,0,0,0,218,2500.0
0.95,EX1,3274,7,0,0,0,0,218,2500.0
0.95,EX1,3275,1,0,0,0,0,218,2500.0
0.95,EX1,3276,7,0,0,0,0,218,2500.0
0.95,EX1,3277,0,0,0,0,0,218,2500.0
0.95,EX1,3278,3,0,0,0,0,218,2500.0
0.95,EX1,3279,3,0,0,0,0,218,2500.0
0.95,EX1,3280,4,0,0,0,0,218,2500.0
0.95,EX1,3281,2,1,0,1,0,218,2500.0
0.95,EX1,3282,1,0,0,0,0,218,2500.0
0.95,EX1,3283,2,0,0,0,0,218,2500.0
0.95,EX1,3284,0,0,0,0,0,218,2500.0
0.95,EX1,3300,4,0,0,0,0,220,2500.0
0.95,EX1,3301,3,1,1,0,0,220,2500.0
0.95,EX1,3302,1,0,0,0,0,220,2500.0
0.95,EX1,3303,5,1,1,0,0,220,2500.0
0.95,EX1,3304,1,0,0,0,0,220,2500.0
0.95,EX1,3305,4,1,1,0,0,220,2500.0
0.95,EX1,3306,3,0,0,0,0,220,2500.0
0.95,EX1,3307,3,0,0,0,0,220,2500.0
0.95,EX1,3308,7,0,0,0,0,220,2500.0
0.95,EX1,3309,1,0,0,0,0,220,2500.0
0.95,EX1,3310,2,2,2,0,0,220,2500.0
0.95,EX1,3311,7,0,0,0,0,220,2500.0
0.95,EX1,3312,1,0,0,0,0,220,2500.0
0.95,EX1,3313,5,1,1,0,0,220,2500.0
0.95,EX1,3314,1,0,0,0,0,220,2500.0
0.95,EX1,3405,3,0,0,0,0,227,2500.0
0.95,EX1,3406,7,1,1,0,0,227,2500.0
0.95,EX1,3407,2,0,0,0,0,227,2500.0
0.95,EX1,3408,0,0,0,0,0,227,2500.0
0.95,EX1,3409,2,0,0,0,0,227,2500.0
0.95,EX1,3410,1,0,0,0,0,227,2500.0
0.95,EX1,3411,0,0,0,0,0,227,2500.0
0.95,EX1,3412,3,0,0,0,0,227,2500.0
0.95,EX1,3413,5,0,0,0,0,227,2500.0
0.95,EX1,3414,2,0,0,0,0,227,2500.0
0.95,EX1,3415,3,0,0,0,0,227,2500.0
0.95,EX1,3416,3,0,0,0,0,227,2500.0
0.95,EX1,3417,7,0,0,0,0,227,2500.0
0.95,EX1,3418,2,0,0,0,0,227,2500.0
0.95,EX1,3419,4,0,0,0,0,227,2500.0
0.95,EX1,3525,1,0,0,0,0,235,2500.0
0.95,EX1,3526,2,0,0,0,0,235,2500.0
0.95,EX1,3527,5,0,0,0,0,235,2500.0
0.95,EX1,3528,3,0,0,0,0,235,2500.0
0.95,EX1,3529,3,0,0,0,0,235,2500.0
0.95,EX1,3530,3,0,0,0,0,235,2500.0
0.95,EX1,3531,5,1,0,1,0,235,2500.0
0.95,EX1,3532,2,0,0,0,0,235,2500.0
0.95,EX1,3533,1,0,0,0,0,235,2500.0
0.95,EX1,3534,3,0,0,0,0,235,2500.0
0.95,EX1,3535,1,0,0,0,0,235,2500.0
0.95,EX1,3536,4,0,0,0,0,235,2500.0
0.95,EX1,3537,3,0,0,0,0,235,2500.0
0.95,EX1,3538,4,0,0,0,0,235,2500.0
0.95,EX1,3539,6,0,0,0,0,235,2500.0
0.95,EX1,3660,4,0,0,0,0,244,2500.0
0.95,EX1,3661,9,2,2,0,0,244,2500.0
0.95,EX1,3662,4,0,0,0,0,244,2500.0
0.95,EX1,3663,2,0,0,0,0,244,2500.0
0.95,EX1,3664,2,0,0,0,0,244,2500.0
0.95,EX1,3665,2,0,0,0,0,244,2500.0
0.95,EX1,3666,3,0,0,0,0,244,2500.0
0.95,EX1,3667,3,0,0,0,0,244,2500.0
0.95,EX1,3668,3,0,0,0,0,244,2500.0
0.95,EX1,3669,4,0,0,0,0,244,2500.0
0.95,EX1,3670,4,0,0,0,0,244,2500.0
0.95,EX1,3671,1,0,0,0,0,244,2500.0
0.95,EX1,3672,2,0,0,0,0,244,2500.0
0.95,EX1,3673,3,0,0,0,0,244,2500.0
0.95,EX1,3674,1,0,0,0,0,244,2500.0
0.95,EX1,3735,2,0,0,0,0,249,2500.0
0.95,EX1,3736,5,0,0,0,0,249,2500.0
0.95,EX1,3737,1,0,0,0,0,249,2500.0
0.95,EX1,3738,4,0,0,0,0,249,2500.0
0.95,EX1,3739,3,0,0,0,0,249,2500.0
0.95,EX1,3740,5,0,0,0,0,249,2500.0
0.95,EX1,3741,4,0,0,0,0,249,2500.0
0.95,EX1,3742,3,0,0,0,0,249,2500.0
0.95,EX1,3743,1,0,0,0,0,249,2500.0
0.95,EX1,3744,1,0,0,0,0,249,2500.0
0.95,EX1,3745,4,0,0,0,0,249,2500.0
0.95,EX1,3746,3,0,0,0,0,249,2500.0
0.95,EX1,3747,3,1,1,0,0,249,2500.0
0.95,EX1,3748,3,0,0,0,0,249,2500.0
0.95,EX1,3749,2,0,0,0,0,249,2500.0
0.95,EX1,3750,7,0,0,0,0,250,2500.0
0.95,EX1,3751,3,0,0,0,0,250,2500.0
0.95,EX1,3752,2,1,1,0,0,250,2500.0
0.95,EX1,3753,2,0,0,0,0,250,2500.0
0.95,EX1,3754,1,0,0,0,0,250,2500.0
0.95,EX1,3755,5,0,0,0,0,250,2500.0
0.95,EX1,3756,6,0,0,0,0,250,2500.0
0.95,EX1,3757,5,0,0,0,0,250,2500.0
0.95,EX1,3758,3,0,0,0,0,250,2500.0
0.95,EX1,3759,3,0,0,0,0,250,2500.0
0.95,EX1,3760,5,0,0,0,0,250,2500.0
0.95,EX1,3761,1,0,0,0,0,250,2500.0
0.95,EX1,3762,3,0,0,0,0,250,2500.0
0.95,EX1,3763,6,1,1,0,0,250,2500.0
0.95,EX1,3764,1,0,0,0,0,250,2500.0
0.95,EX1,3840,2,0,0,0,0,256,2500.0
0.95,EX1,3841,1,0,0,0,0,256,2500.0
0.95,EX1,3842,1,0,0,0,0,256,2500.0
0.95,EX1,3843,2,0,0,0,0,256,2500.0
0.95,EX1,3844,4,0,0,0,0,256,2500.0
0.95,EX1,3845,4,0,0,0,0,256,2500.0
0.95,EX1,3846,4,0,0,0,0,256,2500.0
0.95,EX1,3847,2,0,0,0,0,256,2500.0
0.95,EX1,3848,3,1,1,0,0,256,2500.0
0.95,EX1,3849,3,0,0,0,0,256,2500.0
0.95,EX1,3850,7,1,1,0,0,256,2500.0
0.95,EX1,3851,2,0,0,0,0,256,2500.0
0.95,EX1,3852,4,0,0,0,0,256,2500.0
0.95,EX1,3853,3,0,0,0,0,256,2500.0
0.95,EX1,3854,5,0,0,0,0,256,2500.0
0.95,EX1,3900,3,0,0,0,0,260,2500.0
0.95,EX1,3901,1,0,0,0,0,260,2500.0
0.95,EX1,3902,3,0,0,0,0,260,2500.0
0.95,EX1,3903,4,0,0,0,0,260,2500.0
0.95,EX1,3904,0,0,0,0,0,260,2500.0
0.95,EX1,3905,2,0,0,0,0,260,2500.0
0.95,EX1,3906,1,0,0,0,0,260,2500.0
0.95,EX1,3907,1,0,0,0,0,260,2500.0
0.95,EX1,3908,4,0,0,0,0,260,2500.0
0.95,EX1,3909,2,1,1,0,0,260,2500.0
0.95,EX1,3910,6,0,0,0,0,260,2500.0
0.95,EX1,3911,2,0,0,0,0,260,2500.0
0.95,EX1,3912,4,0,0,0,0,260,2500.0
0.95,EX1,3913,6,0,0,0,0,260,2500.0
0.95,EX1,3914,9,0,0,0,0,260,2500.0
0.95,EX1,4065,0,0,0,0,0,271,2500.0
0.95,EX1,4066,4,0,0,0,0,271,2500.0
0.95,EX1,4067,3,2,2,0,0,271,2500.0
0.95,EX1,4068,4,0,0,0,0,271,2500.0
0.95,EX1,4069,5,0,0,0,0,271,2500.0
0.95,EX1,4070,1,0,0,0,0,271,2500.0
0.95,EX1,4071,1,0,0,0,0,271,2500.0
0.95,EX1,4072,7,0,0,0,0,271,2500.0
0.95,EX1,4073,1,0,0,0,0,271,2500.0
0.95,EX1,4074,6,2,2,0,0,271,2500.0
0.95,EX1,4075,1,0,0,0,0,271,2500.0
0.95,EX1,4076,1,0,0,0,0,271,2500.0
0.95,EX1,4077,3,1,0,1,0,271,2500.0
0.95,EX1,4078,4,1,1,0,0,271,2500.0
0.95,EX1,4079,2,0,0,0,0,271,2500.0
0.95,EX1,4215,4,0,0,0,0,281,2500.0
0.95,EX1,4216,7,3,3,0,0,281,2500.0
0.95,EX1,4217,5,0,0,0,0,281,2500.0
0.95,EX1,4218,3,0,0,0,0,281,2500.0
0.95,EX1,4219,3,0,0,0,0,281,2500.0
0.95,EX1,4220,6,1,1,0,0,281,2500.0
0.95,EX1,4221,0,0,0,0,0,281,2500.0
0.95,EX1,4222,2,0,0,0,0,281,2500.0
0.95,EX1,4223,3,0,0,0,0,281,2500.0
0.95,EX1,4224,3,0,0,0,0,281,2500.0
0.95,EX1,4225,1,0,0,0,0,281,2500.0
0.95,EX1,4226,3,0,0,0,0,281,2500.0
0.95,EX1,4227,3,0,0,0,0,281,2500.0
0.95,EX1,4228,4,0,0,0,0,281,2500.0
0.95,EX1,4229,4,0,0,0,0,281,2500.0
0.95,EX1,4260,5,0,0,0,0,284,2500.0
0.95,EX1,4261,2,0,0,0,0,284,2500.0
0.95,EX1,4262,6,0,0,0,0,284,2500.0
0.95,EX1,4263,1,0,0,0,0,284,2500.0
0.95,EX1,4264,4,0,0,0,0,284,2500.0
0.95,EX1,4265,3,0,0,0,0,284,2500.0
0.95,EX1,4266,2,0,0,0,0,284,2500.0
0.95,EX1,4267,2,0,0,0,0,284,2500.0
0.95,EX1,4268,1,0,0,0,0,284,2500.0
0.95,EX1,4269,3,0,0,0,0,284,2500.0
0.95,EX1,4270,1,0,0,0,0,284,2500.0
0.95,EX1,4271,2,0,0,0,0,284,2500.0
0.95,EX1,4272,5,0,0,0,0,284,2500.0
0.95,EX1,4273,6,1,1,0,0,284,2500.0
0.95,EX1,4274,1,0,0,0,0,284,2500.0
0.95,EX1,4290,2,0,0,0,0,286,2500.0
0.95,EX1,4291,4,0,0,0,0,286,2500.0
0.95,EX1,4292,4,0,0,0,0,286,2500.0
0.95,EX1,4293,3,0,0,0,0,286,2500.0
0.95,EX1,4294,1,0,0,0,0,286,2500.0
0.95,EX1,4295,1,0,0,0,0,286,2500.0
0.95,EX1,4296,0,0,0,0,0,286,2500.0
0.95,EX1,4297,8,0,0,0,0,286,2500.0
0.95,EX1,4298,6,0,0,0,0,286,2500.0
0.95,EX1,4299,2,0,0,0,0,286,2500.0
0.95,EX1,4300,3,0,0,0,0,286,2500.0
0.95,EX1,4301,2,1,1,0,0,286,2500.0
0.95,EX1,4302,3,0,0,0,0,286,2500.0
0.95,EX1,4303,1,0,0,0,0,286,2500.0
0.95,EX1,4304,2,0,0,0,0,286,2500.0
0.95,EX1,4365,4,0,0,0,0,291,2500.0
0.95,EX1,4366,1,0,0,0,0,291,2500.0
0.95,EX1,4367,3,0,0,0,0,291,2500.0
0.95,EX1,4368,0,0,0,0,0,291,2500.0
0.95,EX1,4369,2,0,0,0,0,291,2500.0
0.95,EX1,4370,3,0,0,0,0,291,2500.0
0.95,EX1,4371,3,0,0,0,0,291,2500.0
0.95,EX1,4372,3,0,0,0,0,291,2500.0
0.95,EX1,4373,1,1,1,0,0,291,2500.0
0.95,EX1,4374,4,0,0,0,0,291,2500.0
0.95,EX1,4375,4,0,0,0,0,291,2500.0
0.95,EX1,4376,7,0,0,0,0,291,2500.0
0.95,EX1,4377,3,0,0,0,0,291,2500.0
0.95,EX1,4378,2,0,0,0,0,291,2500.0
0.95,EX1,4379,2,0,0,0,0,291,2500.0
0.95,EX1,4380,3,0,0,0,0,292,2500.0
0.95,EX1,4381,1,0,0,0,0,292,2500.0
0.95,EX1,4382,4,0,0,0,0,292,2500.0
0.95,EX1,4383,4,0,0,0,0,292,2500.0
0.95,EX1,4384,3,0,0,0,0,292,2500.0
0.95,EX1,4385,9,1,1,0,0,292,2500.0
0.95,EX1,4386,1,0,0,0,0,292,2500.0
0.95,EX1,4387,2,0,0,0,0,292,2500.0
0.95,EX1,4388,2,0,0,0,0,292,2500.0
0.95,EX1,4389,5,0,0,0,0,292,2500.0
0.95,EX1,4390,0,0,0,0,0,292,2500.0
0.95,EX1,4391,2,0,0,0,0,292,2500.0
0.95,EX1,4392,2,0,0,0,0,292,2500.0
0.95,EX1,4393,8,0,0,0,0,292,2500.0
0.95,EX1,4394,3,0,0,0,0,292,2500.0
0.95,EX1,4440,2,0,0,0,0,296,2500.0
0.95,EX1,4441,1,0,0,0,0,296,2500.0
0.95,EX1,4442,4,0,0,0,0,296,2500.0
0.95,EX1,4443,3,1,1,0,0,296,2500.0
0.95,EX1,4444,4,0,0,0,0,296,2500.0
0.95,EX1,4445,2,0,0,0,0,296,2500.0
0.95,EX1,4446,3,0,0,0,0,296,2500.0
0.95,EX1,4447,2,0,0,0,0,296,2500.0
0.95,EX1,4448,3,1,1,0,0,296,2500.0
0.95,EX1,4449,3,0,0,0,0,296,2500.0
0.95,EX1,4450,5,0,0,0,0,296,2500.0
0.95,EX1,4451,6,0,0,0,0,296,2500.0
0.95,EX1,4452,3,0,0,0,0,296,2500.0
0.95,EX1,4453,0,0,0,0,0,296,2500.0
0.95,EX1,4454,4,0,0,0,0,296,2500.0
0.95,EX1,4530,1,0,0,0,0,302,2500.0
0.95,EX1,4531,5,0,0,0,0,302,2500.0
0.95,EX1,4532,4,1,1,0,0,302,2500.0
0.95,EX1,4533,2,0,0,0,0,302,2500.0
0.95,EX1,4534,6,0,0,0,0,302,2500.0
0.95,EX1,4535,5,1,1,0,0,302,2500.0
0.95,EX1,4536,3,0,0,0,0,302,2500.0
0.95,EX1,4537,5,0,0,0,0,302,2500.0
0.95,EX1,4538,3,0,0,0,0,302,2500.0
0.95,EX1,4539,1,0,0,0,0,302,2500.0
0.95,EX1,4540,6,0,0,0,0,302,2500.0
0.95,EX1,4541,5,0,0,0,0,302,2500.0
0.95,EX1,4542,3,0,0,0,0,302,2500.0
0.95,EX1,4543,4,1,1,0,0,302,2500.0
0.95,EX1,4544,9,1,1,0,0,302,2500.0
0.95,EX1,4560,2,0,0,0,0,304,2500.0
0.95,EX1,4561,4,1,1,0,0,304,2500.0
0.95,EX1,4562,7,0,0,0,0,304,2500.0
0.95,EX1,4563,5,0,0,0,0,304,2500.0
0.95,EX1,4564,2,0,0,0,0,304,2500.0
0.95,EX1,4565,4,0,0,0,0,304,2500.0
0.95,EX1,4566,2,0,0,0,0,304,2500.0
0.95,EX1,4567,3,0,0,0,0,304,2500.0
0.95,EX1,4568,3,0,0,0,0,304,2500.0
0.95,EX1,4569,3,2,2,0,0,304,2500.0
0.95,EX1,4570,4,0,0,0,0,304,2500.0
0.95,EX1,4571,3,0,0,0,0,304,2500.0
0.95,EX1,4572,3,1,1,0,0,304,2500.0
0.95,EX1,4573,4,0,0,0,0,304,2500.0
0.95,EX1,4574,3,0,0,0,0,304,2500.0
0.95,EX1,4650,3,0,0,0,0,310,2500.0
0.95,EX1,4651,2,0,0,0,0,310,2500.0
0.95,EX1,4652,2,0,0,0,0,310,2500.0
0.95,EX1,4653,1,0,0,0,0,310,2500.0
0.95,EX1,4654,1,0,0,0,0,310,2500.0
0.95,EX1,4655,5,0,0,0,0,310,2500.0
0.95,EX1,4656,1,0,0,0,0,310,2500.0
0.95,EX1,4657,1,0,0,0,0,310,2500.0
0.95,EX1,4658,2,0,0,0,0,310,2500.0
0.95,EX1,4659,4,0,0,0,0,310,2500.0
0.95,EX1,4660,1,0,0,0,0,310,2500.0
0.95,EX1,4661,3,0,0,0,0,310,2500.0
0.95,EX1,4662,6,0,0,0,0,310,2500.0
0.95,EX1,4663,0,0,0,0,0,310,2500.0
0.95,EX1,4664,1,0,0,0,0,310,2500.0
0.95,EX1,4710,1,0,0,0,0,314,2500.0
0.95,EX1,4711,3,0,0,0,0,314,2500.0
0.95,EX1,4712,3,0,0,0,0,314,2500.0
0.95,EX1,4713,2,0,0,0,0,314,2500.0
0.95,EX1,4714,2,0,0,0,0,314,2500.0
0.95,EX1,4715,2,0,0,0,0,314,2500.0
0.95,EX1,4716,4,0,0,0,0,314,2500.0
0.95,EX1,4717,1,0,0,0,0,314,2500.0
0.95,EX1,4718,4,0,0,0,0,314,2500.0
0.95,EX1,4719,5,0,0,0,0,314,2500.0
0.95,EX1,4720,2,0,0,0,0,314,2500.0
0.95,EX1,4721,3,0,0,0,0,314,2500.0
0.95,EX1,4722,3,0,0,0,0,314,2500.0
0.95,EX1,4723,2,0,0,0,0,314,2500.0
0.95,EX1,4724,2,0,0,0,0,314,2500.0
0.95,EX1,4770,1,0,0,0,0,318,2500.0
0.95,EX1,4771,0,0,0,0,0,318,2500.0
0.95,EX1,4772,4,0,0,0,0,318,2500.0
0.95,EX1,4773,2,0,0,0,0,318,2500.0
0.95,EX1,4774,4,1,0,1,0,318,2500.0
0.95,EX1,4775,0,0,0,0,0,318,2500.0
0.95,EX1,4776,5,1,1,0,0,318,2500.0
0.95,EX1,4777,7,1,1,0,0,318,2500.0
0.95,EX1,4778,1,0,0,0,0,318,2500.0
0.95,EX1,4779,2,0,0,0,0,318,2500.0
0.95,EX1,4780,6,0,0,0,0,318,2500.0
0.95,EX1,4781,2,0,0,0,0,318,2500.0
0.95,EX1,4782,2,0,0,0,0,318,2500.0
0.95,EX1,4783,2,0,0,0,0,318,2500.0
0.95,EX1,4784,5,0,0,0,0,318,2500.0
0.95,EX1,4935,4,1,1,0,0,329,2500.0
0.95,EX1,4936,4,0,0,0,0,329,2500.0
0.95,EX1,4937,4,0,0,0,0,329,2500.0
0.95,EX1,4938,3,0,0,0,0,329,2500.0
0.95,EX1,4939,2,1,1,0,0,329,2500.0
0.95,EX1,4940,3,0,0,0,0,329,2500.0
0.95,EX1,4941,3,0,0,0,0,329,2500.0
0.95,EX1,4942,3,0,0,0,0,329,2500.0
0.95,EX1,4943,2,0,0,0,0,329,2500.0
0.95,EX1,4944,3,0,0,0,0,329,2500.0
0.95,EX1,4945,5,1,1,0,0,329,2500.0
0.95,EX1,4946,1,0,0,0,0,329,2500.0
0.95,EX1,4947,3,0,0,0,0,329,2500.0
0.95,EX1,4948,3,0,0,0,0,329,2500.0
0.95,EX1,4949,3,0,0,0,0,329,2500.0
0.95,EX1,4995,0,0,0,0,0,333,2500.0
0.95,EX1,4996,6,0,0,0,0,333,2500.0
0.95,EX1,4997,2,0,0,0,0,333,2500.0
0.95,EX1,4998,0,0,0,0,0,333,2500.0
0.95,EX1,4999,8,0,0,0,0,333,2500.0
0.95,EX1,5000,2,0,0,0,0,333,2500.0
0.95,EX1,5001,5,0,0,0,0,333,2500.0
0.95,EX1,5002,7,0,0,0,0,333,2500.0
0.95,EX1,5003,0,0,0,0,0,333,2500.0
0.95,EX1,5004,5,0,0,0,0,333,2500.0
0.95,EX1,5005,1,0,0,0,0,333,2500.0
0.95,EX1,5006,3,0,0,0,0,333,2500.0
0.95,EX1,5007,3,0,0,0,0,333,2500.0
0.95,EX1,5008,4,0,0,0,0,333,2500.0
0.95,EX1,5009,1,0,0,0,0,333,2500.0
0.95,EX1,5070,3,0,0,0,0,338,2500.0
0.95,EX1,5071,2,0,0,0,0,338,2500.0
0.95,EX1,5072,4,0,0,0,0,338,2500.0
0.95,EX1,5073,3,0,0,0,0,338,2500.0
0.95,EX1,5074,1,1,1,0,0,338,2500.0
0.95,EX1,5075,3,0,0,0,0,338,2500.0
0.95,EX1,5076,4,0,0,0,0,338,2500.0
0.95,EX1,5077,6,0,0,0,0,338,2500.0
0.95,EX1,5078,6,0,0,0,0,338,2500.0
0.95,EX1,5079,2,0,0,0,0,338,2500.0
0.95,EX1,5080,3,0,0,0,0,338,2500.0
0.95,EX1,5081,4,0,0,0,0,338,2500.0
0.95,EX1,5082,3,0,0,0,0,338,2500.0
0.95,EX1,5083,2,0,0,0,0,338,2500.0
0.95,EX1,5084,2,0,0,0,0,338,2500.0
0.95,EX1,5115,3,0,0,0,0,341,2500.0
0.95,EX1,5116,2,1,1,0,0,341,2500.0
0.95,EX1,5117,3,0,0,0,0,341,2500.0
0.95,EX1,5118,3,0,0,0,0,341,2500.0
0.95,EX1,5119,4,1,1,0,0,341,2500.0
0.95,EX1,5120,2,0,0,0,0,341,2500.0
0.95,EX1,5121,7,0,0,0,0,341,2500.0
0.95,EX1,5122,1,0,0,0,0,341,2500.0
0.95,EX1,5123,7,0,0,0,0,341,2500.0
0.95,EX1,5124,3,0,0,0,0,341,2500.0
0.95,EX1,5125,4,0,0,0,0,341,2500.0
0.95,EX1,5126,3,0,0,0,0,341,2500.0
0.95,EX1,5127,2,0,0,0,0,341,2500.0
0.95,EX1,5128,3,1,1,0,0,341,2500.0
0.95,EX1,5129,3,1,1,0,0,341,2500.0
0.95,EX1,5295,5,0,0,0,0,353,2500.0
0.95,EX1,5296,7,1,1,0,0,353,2500.0
0.95,EX1,5297,2,1,1,0,0,353,2500.0
0.95,EX1,5298,5,1,1,0,0,353,2500.0
0.95,EX1,5299,2,0,0,0,0,353,2500.0
0.95,EX1,5300,9,0,0,0,0,353,2500.0
0.95,EX1,5301,5,0,0,0,0,353,2500.0
0.95,EX1,5302,7,0,0,0,0,353,2500.0
0.95,EX1,5303,0,0,0,0,0,353,2500.0
0.95,EX1,5304,1,0,0,0,0,353,2500.0
0.95,EX1,5305,5,1,1,0,0,353,2500.0
0.95,EX1,5306,3,0,0,0,0,353,2500.0
0.95,EX1,5307,3,1,1,0,0,353,2500.0
0.95,EX1,5308,6,0,0,0,0,353,2500.0
0.95,EX1,5309,5,0,0,0,0,353,2500.0
0.95,EX1,5400,6,0,0,0,0,360,2500.0
0.95,EX1,5401,4,0,0,0,0,360,2500.0
0.95,EX1,5402,2,0,0,0,0,360,2500.0
0.95,EX1,5403,2,1,1,0,0,360,2500.0
0.95,EX1,5404,4,0,0,0,0,360,2500.0
0.95,EX1,5405,1,0,0,0,0,360,2500.0
0.95,EX1,5406,3,0,0,0,0,360,2500.0
0.95,EX1,5407,8,0,0,0,0,360,2500.0
0.95,EX1,5408,0,0,0,0,0,360,2500.0
0.95,EX1,5409,1,0,0,0,0,360,2500.0
0.95,EX1,5410,4,0,0,0,0,360,2500.0
0.95,EX1,5411,2,0,0,0,0,360,2500.0
0.95,EX1,5412,2,0,0,0,0,360,2500.0
0.95,EX1,5413,4,1,1,0,0,360,2500.0
0.95,EX1,5414,2,0,0,0,0,360,2500.0
0.95,EX1,5415,3,0,0,0,0,361,2500.0
0.95,EX1,5416,3,0,0,0,0,361,2500.0
0.95,EX1,5417,2,0,0,0,0,361,2500.0
0.95,EX1,5418,0,0,0,0,0,361,2500.0
0.95,EX1,5419,1,0,0,0,0,361,2500.0
0.95,EX1,5420,8,0,0,0,0,361,2500.0
0.95,EX1,5421,5,0,0,0,0,361,2500.0
0.95,EX1,5422,3,0,0,0,0,361,2500.0
0.95,EX1,5423,2,0,0,0,0,361,2500.0
0.95,EX1,5424,2,0,0,0,0,361,2500.0
0.95,EX1,5425,3,0,0,0,0,361,2500.0
0.95,EX1,5426,3,0,0,0,0,361,2500.0
0.95,EX1,5427,5,3,3,0,0,361,2500.0
0.95,EX1,5428,3,0,0,0,0,361,2500.0
0.95,EX1,5429,3,0,0,0,0,361,2500.0
0.95,EX1,5535,2,0,0,0,0,369,2500.0
0.95,EX1,5536,5,0,0,0,0,369,2500.0
0.95,EX1,5537,6,0,0,0,0,369,2500.0
0.95,EX1,5538,1,0,0,0,0,369,2500.0
0.95,EX1,5539,5,0,0,0,0,369,2500.0
0.95,EX1,5540,3,0,0,0,0,369,2500.0
0.95,EX1,5541,1,0,0,0,0,369,2500.0
0.95,EX1,5542,0,0,0,0,0,369,2500.0
0.95,EX1,5543,4,0,0,0,0,369,2500.0
0.95,EX1,5544,3,0,0,0,0,369,2500.0
0.95,EX1,5545,3,0,0,0,0,369,2500.0
0.95,EX1,5546,5,0,0,0,0,369,2500.0
0.95,EX1,5547,2,0,0,0,0,369,2500.0
0.95,EX1,5548,2,0,0,0,0,369,2500.0
0.95,EX1,5549,2,0,0,0,0,369,2500.0
0.95,EX1,5820,2,0,0,0,0,388,2500.0
0.95,EX1,5821,6,0,0,0,0,388,2500.0
0.95,EX1,5822,2,1,1,0,0,388,2500.0
0.95,EX1,5823,2,0,0,0,0,388,2500.0
0.95,EX1,5824,5,0,0,0,0,388,2500.0
0.95,EX1,5825,2,0,0,0,0,388,2500.0
0.95,EX1,5826,3,1,1,0,0,388,2500.0
0.95,EX1,5827,2,0,0,0,0,388,2500.0
0.95,EX1,5828,1,0,0,0,0,388,2500.0
0.95,EX1,5829,2,0,0,0,0,388,2500.0
0.95,EX1,5830,2,0,0,0,0,388,2500.0
0.95,EX1,5831,2,0,0,0,0,388,2500.0
0.95,EX1,5832,7,0,0,0,0,388,2500.0
0.95,EX1,5833,4,0,0,0,0,388,2500.0
0.95,EX1,5834,4,0,0,0,0,388,2500.0
0.95,EX1,5850,2,0,0,0,0,390,2500.0
0.95,EX1,5851,3,0,0,0,0,390,2500.0
0.95,EX1,5852,4,0,0,0,0,390,2500.0
0.95,EX1,5853,1,0,0,0,0,390,2500.0
0.95,EX1,5854,1,0,0,0,0,390,2500.0
0.95,EX1,5855,2,0,0,0,0,390,2500.0
0.95,EX1,5856,3,0,0,0,0,390,2500.0
0.95,EX1,5857,3,0,0,0,0,390,2500.0
0.95,EX1,5858,1,0,0,0,0,390,2500.0
0.95,EX1,5859,2,0,0,0,0,390,2500.0
0.95,EX1,5860,2,0,0,0,0,390,2500.0
0.95,EX1,5861,3,0,0,0,0,390,2500.0
0.95,EX1,5862,1,0,0,0,0,390,2500.0
0.95,EX1,5863,1,0,0,0,0,390,2500.0
0.95,EX1,5864,4,1,1,0,0,390,2500.0
0.95,EX1,5895,6,0,0,0,0,393,2500.0
0.95,EX1,5896,0,0,0,0,0,393,2500.0
0.95,EX1,5897,2,0,0,0,0,393,2500.0
0.95,EX1,5898,7,0,0,0,0,393,2500.0
0.95,EX1,5899,3,1,1,0,0,393,2500.0
0.95,EX1,5900,4,0,0,0,0,393,2500.0
0.95,EX1,5901,6,0,0,0,0,393,2500.0
0.95,EX1,5902,2,0,0,0,0,393,2500.0
0.95,EX1,5903,5,0,0,0,0,393,2500.0
0.95,EX1,5904,4,0,0,0,0,393,2500.0
0.95,EX1,5905,3,0,0,0,0,393,2500.0
0.95,EX1,5906,6,2,2,0,0,393,2500.0
0.95,EX1,5907,3,0,0,0,0,393,2500.0
0.95,EX1,5908,2,0,0,0,0,393,2500.0
0.95,EX1,5909,1,0,0,0,0,393,2500.0
0.95,EX1,5985,3,0,0,0,0,399,2500.0
0.95,EX1,5986,0,0,0,0,0,399,2500.0
0.95,EX1,5987,3,0,0,0,0,399,2500.0
0.95,EX1,5988,4,0,0,0,0,399,2500.0
0.95,EX1,5989,5,0,0,0,0,399,2500.0
0.95,EX1,5990,3,0,0,0,0,399,2500.0
0.95,EX1,5991,4,0,0,0,0,399,2500.0
0.95,EX1,5992,2,0,0,0,0,399,2500.0
0.95,EX1,5993,4,0,0,0,0,399,2500.0
0.95,EX1,5994,0,0,0,0,0,399,2500.0
0.95,EX1,5995,4,0,0,0,0,399,2500.0
0.95,EX1,5996,4,0,0,0,0,399,2500.0
0.95,EX1,5997,6,0,0,0,0,399,2500.0
0.95,EX1,5998,2,0,0,0,0,399,2500.0
0.95,EX1,5999,3,0,0,0,0,399,2500.0
0.95,EX1,6165,4,0,0,0,0,411,2500.0
0.95,EX1,6166,3,0,0,0,0,411,2500.0
0.95,EX1,6167,2,0,0,0,0,411,2500.0
0.95,EX1,6168,4,0,0,0,0,411,2500.0
0.95,EX1,6169,1,0,0,0,0,411,2500.0
0.95,EX1,6170,1,0,0,0,0,411,2500.0
0.95,EX1,6171,3,0,0,0,0,411,2500.0
0.95,EX1,6172,3,0,0,0,0,411,2500.0
0.95,EX1,6173,4,0,0,0,0,411,2500.0
0.95,EX1,6174,6,0,0,0,0,411,2500.0
0.95,EX1,6175,3,0,0,0,0,411,2500.0
0.95,EX1,6176,3,0,0,0,0,411,2500.0
0.95,EX1,6177,5,0,0,0,0,411,2500.0
0.95,EX1,6178,1,0,0,0,0,411,2500.0
0.95,EX1,6179,1,0,0,0,0,411,2500.0
0.95,EX1,6255,0,0,0,0,0,417,2500.0
0.95,EX1,6256,4,0,0,0,0,417,2500.0
0.95,EX1,6257,2,0,0,0,0,417,2500.0
0.95,EX1,6258,4,0,0,0,0,417,2500.0
0.95,EX1,6259,1,0,0,0,0,417,2500.0
0.95,EX1,6260,1,0,0,0,0,417,2500.0
0.95,EX1,6261,3,0,0,0,0,417,2500.0
0.95,EX1,6262,5,2,2,0,0,417,2500.0
0.95,EX1,6263,3,1,1,0,0,417,2500.0
0.95,EX1,6264,11,2,2,0,0,417,2500.0
0.95,EX1,6265,2,0,0,0,0,417,2500.0
0.95,EX1,6266,0,0,0,0,0,417,2500.0
0.95,EX1,6267,5,0,0,0,0,417,2500.0
0.95,EX1,6268,3,0,0,0,0,417,2500.0
0.95,EX1,6269,4,0,0,0,0,417,2500.0
0.95,EX1,6540,4,0,0,0,0,436,2500.0
0.95,EX1,6541,1,0,0,0,0,436,2500.0
0.95,EX1,6542,2,0,0,0,0,436,2500.0
0.95,EX1,6543,0,0,0,0,0,436,2500.0
0.95,EX1,6544,3,0,0,0,0,436,2500.0
0.95,EX1,6545,5,0,0,0,0,436,2500.0
0.95,EX1,6546,2,0,0,0,0,436,2500.0
0.95,EX1,6547,2,1,1,0,0,436,2500.0
0.95,EX1,6548,1,0,0,0,0,436,2500.0
0.95,EX1,6549,3,1,1,0,0,436,2500.0
0.95,EX1,6550,5,0,0,0,0,436,2500.0
0.95,EX1,6551,2,0,0,0,0,436,2500.0
0.95,EX1,6552,5,0,0,0,0,436,2500.0
0.95,EX1,6553,3,0,0,0,0,436,2500.0
0.95,EX1,6554,4,0,0,0,0,436,2500.0
0.95,EX1,6645,1,0,0,0,0,443,2500.0
0.95,EX1,6646,1,0,0,0,0,443,2500.0
0.95,EX1,6647,2,0,0,0,0,443,2500.0
0.95,EX1,6648,6,0,0,0,0,443,2500.0
0.95,EX1,6649,7,1,1,0,0,443,2500.0
0.95,EX1,6650,5,0,0,0,0,443,2500.0
0.95,EX1,6651,3,0,0,0,0,443,2500.0
0.95,EX1,6652,4,0,0,0,0,443,2500.0
0.95,EX1,6653,6,0,0,0,0,443,2500.0
0.95,EX1,6654,5,0,0,0,0,443,2500.0
0.95,EX1,6655,5,0,0,0,0,443,2500.0
0.95,EX1,6656,1,1,1,0,0,443,2500.0
0.95,EX1,6657,4,0,0,0,0,443,2500.0
0.95,EX1,6658,3,0,0,0,0,443,2500.0
0.95,EX1,6659,3,0,0,0,0,443,2500.0
0.95,EX1,6690,3,0,0,0,0,446,2500.0
0.95,EX1,6691,1,0,0,0,0,446,2500.0
0.95,EX1,6692,1,0,0,0,0,446,2500.0
0.95,EX1,6693,2,1,1,0,0,446,2500.0
0.95,EX1,6694,2,0,0,0,0,446,2500.0
0.95,EX1,6695,3,0,0,0,0,446,2500.0
0.95,EX1,6696,4,0,0,0,0,446,2500.0
0.95,EX1,6697,2,0,0,0,0,446,2500.0
0.95,EX1,6698,3,0,0,0,0,446,2500.0
0.95,EX1,6699,0,0,0,0,0,446,2500.0
0.95,EX1,6700,3,0,0,0,0,446,2500.0
0.95,EX1,6701,4,0,0,0,0,446,2500.0
0.95,EX1,6702,4,0,0,0,0,446,2500.0
0.95,EX1,6703,1,0,0,0,0,446,2500.0
0.95,EX1,6704,2,0,0,0,0,446,2500.0
0.95,EX1,6705,4,0,0,0,0,447,2500.0
0.95,EX1,6706,5,0,0,0,0,447,2500.0
0.95,EX1,6707,2,0,0,0,0,447,2500.0
0.95,EX1,6708,7,0,0,0,0,447,2500.0
0.95,EX1,6709,1,0,0,0,0,447,2500.0
0.95,EX1,6710,4,0,0,0,0,447,2500.0
0.95,EX1,6711,6,0,0,0,0,447,2500.0
0.95,EX1,6712,2,0,0,0,0,447,2500.0
0.95,EX1,6713,3,0,0,0,0,447,2500.0
0.95,EX1,6714,7,2,1,1,0,447,2500.0
0.95,EX1,6715,1,0,0,0,0,447,2500.0
0.95,EX1,6716,3,1,1,0,0,447,2500.0
0.95,EX1,6717,4,0,0,0,0,447,2500.0
0.95,EX1,6718,2,0,0,0,0,447,2500.0
0.95,EX1,6719,4,0,0,0,0,447,2500.0
0.95,EX1,6720,3,0,0,0,0,448,2500.0
0.95,EX1,6721,0,0,0,0,0,448,2500.0
0.95,EX1,6722,3,0,0,0,0,448,2500.0
0.95,EX1,6723,6,0,0,0,0,448,2500.0
0.95,EX1,6724,3,0,0,0,0,448,2500.0
0.95,EX1,6725,0,0,0,0,0,448,2500.0
0.95,EX1,6726,2,0,0,0,0,448,2500.0
0.95,EX1,6727,4,0,0,0,0,448,2500.0
0.95,EX1,6728,1,0,0,0,0,448,2500.0
0.95,EX1,6729,1,0,0,0,0,448,2500.0
0.95,EX1,6730,4,0,0,0,0,448,2500.0
0.95,EX1,6731,0,0,0,0,0,448,2500.0
0.95,EX1,6732,3,0,0,0,0,448,2500.0
0.95,EX1,6733,6,0,0,0,0,448,2500.0
0.95,EX1,6734,2,0,0,0,0,448,2500.0
0.95,EX1,6930,1,0,0,0,0,462,2500.0
0.95,EX1,6931,4,1,1,0,0,462,2500.0
0.95,EX1,6932,3,0,0,0,0,462,2500.0
0.95,EX1,6933,3,0,0,0,0,462,2500.0
0.95,EX1,6934,3,0,0,0,0,462,2500.0
0.95,EX1,6935,8,0,0,0,0,462,2500.0
0.95,EX1,6936,2,0,0,0,0,462,2500.0
0.95,EX1,6937,1,0,0,0,0,462,2500.0
0.95,EX1,6938,3,0,0,0,0,462,2500.0
0.95,EX1,6939,1,0,0,0,0,462,2500.0
0.95,EX1,6940,3,0,0,0,0,462,2500.0
0.95,EX1,6941,6,0,0,0,0,462,2500.0
0.95,EX1,6942,3,0,0,0,0,462,2500.0
0.95,EX1,6943,0,0,0,0,0,462,2500.0
0.95,EX1,6944,4,0,0,0,0,462,2500.0
0.95,EX1,6975,3,0,0,0,0,465,2500.0
0.95,EX1,6976,4,0,0,0,0,465,2500.0
0.95,EX1,6977,2,0,0,0,0,465,2500.0
0.95,EX1,6978,1,0,0,0,0,465,2500.0
0.95,EX1,6979,2,0,0,0,0,465,2500.0
0.95,EX1,6980,3,0,0,0,0,465,2500.0
0.95,EX1,6981,4,0,0,0,0,465,2500.0
0.95,EX1,6982,7,1,1,0,0,465,2500.0
0.95,EX1,6983,2,0,0,0,0,465,2500.0
0.95,EX1,6984,6,0,0,0,0,465,2500.0
0.95,EX1,6985,2,0,0,0,0,465,2500.0
0.95,EX1,6986,2,0,0,0,0,465,2500.0
0.95,EX1,6987,3,0,0,0,0,465,2500.0
0.95,EX1,6988,2,0,0,0,0,465,2500.0
0.95,EX1,6989,0,0,0,0,0,465,2500.0
0.95,EX1,7005,3,0,0,0,0,467,2500.0
0.95,EX1,7006,1,0,0,0,0,467,2500.0
0.95,EX1,7007,9,0,0,0,0,467,2500.0
0.95,EX1,7008,5,0,0,0,0,467,2500.0
0.95,EX1,7009,2,0,0,0,0,467,2500.0
0.95,EX1,7010,4,0,0,0,0,467,2500.0
0.95,EX1,7011,4,0,0,0,0,467,2500.0
0.95,EX1,7012,0,0,0,0,0,467,2500.0
0.95,EX1,7013,4,0,0,0,0,467,2500.0
0.95,EX1,7014,5,1,1,0,0,467,2500.0
0.95,EX1,7015,3,0,0,0,0,467,2500.0
0.95,EX1,7016,4,1,1,0,0,467,2500.0
0.95,EX1,7017,2,0,0,0,0,467,2500.0
0.95,EX1,7018,4,0,0,0,0,467,2500.0
0.95,EX1,7019,2,1,1,0,0,467,2500.0
0.95,EX1,7020,7,1,1,0,0,468,2500.0
0.95,EX1,7021,4,0,0,0,0,468,2500.0
0.95,EX1,7022,3,0,0,0,0,468,2500.0
0.95,EX1,7023,5,0,0,0,0,468,2500.0
0.95,EX1,7024,2,0,0,0,0,468,2500.0
0.95,EX1,7025,2,0,0,0,0,468,2500.0
0.95,EX1,7026,6,0,0,0,0,468,2500.0
0.95,EX1,7027,3,0,0,0,0,468,2500.0
0.95,EX1,7028,2,0,0,0,0,468,2500.0
0.95,EX1,7029,3,0,0,0,0,468,2500.0
0.95,EX1,7030,2,0,0,0,0,468,2500.0
0.95,EX1,7031,6,0,0,0,0,468,2500.0
0.95,EX1,7032,4,0,0,0,0,468,2500.0
0.95,EX1,7033,1,0,0,0,0,468,2500.0
0.95,EX1,7034,3,1,1,0,0,468,2500.0
0.95,EX1,7035,4,0,0,0,0,469,2500.0
0.95,EX1,7036,1,0,0,0,0,469,2500.0
0.95,EX1,7037,3,0,0,0,0,469,2500.0
0.95,EX1,7038,3,1,1,0,0,469,2500.0
0.95,EX1,7039,2,0,0,0,0,469,2500.0
0.95,EX1,7040,3,0,0,0,0,469,2500.0
0.95,EX1,7041,3,2,2,0,0,469,2500.0
0.95,EX1,7042,1,0,0,0,0,469,2500.0
0.95,EX1,7043,4,0,0,0,0,469,2500.0
0.95,EX1,7044,3,0,0,0,0,469,2500.0
0.95,EX1,7045,5,0,0,0,0,469,2500.0
0.95,EX1,7046,1,0,0,0,0,469,2500.0
0.95,EX1,7047,6,0,0,0,0,469,2500.0
0.95,EX1,7048,2,0,0,0,0,469,2500.0
0.95,EX1,7049,4,0,0,0,0,469,2500.0
0.95,EX1,7050,5,0,0,0,0,470,2500.0
0.95,EX1,7051,3,0,0,0,0,470,2500.0
0.95,EX1,7052,4,1,1,0,0,470,2500.0
0.95,EX1,7053,7,0,0,0,0,470,2500.0
0.95,EX1,7054,2,0,0,0,0,470,2500.0
0.95,EX1,7055,4,0,0,0,0,470,2500.0
0.95,EX1,7056,1,0,0,0,0,470,2500.0
0.95,EX1,7057,3,0,0,0,0,470,2500.0
0.95,EX1,7058,4,0,0,0,0,470,2500.0
0.95,EX1,7059,1,0,0,0,0,470,2500.0
0.95,EX1,7060,6,2,2,0,0,470,2500.0
0.95,EX1,7061,1,1,1,0,0,470,2500.0
0.95,EX1,7062,3,0,0,0,0,470,2500.0
0.95,EX1,7063,3,0,0,0,0,470,2500.0
0.95,EX1,7064,1,0,0,0,0,470,2500.0
0.95,EX1,7095,0,0,0,0,0,473,2500.0
0.95,EX1,7096,4,0,0,0,0,473,2500.0
0.95,EX1,7097,3,0,0,0,0,473,2500.0
0.95,EX1,7098,4,1,1,0,0,473,2500.0
0.95,EX1,7099,5,0,0,0,0,473,2500.0
0.95,EX1,7100,2,0,0,0,0,473,2500.0
0.95,EX1,7101,3,0,0,0,0,473,2500.0
0.95,EX1,7102,2,0,0,0,0,473,2500.0
0.95,EX1,7103,3,0,0,0,0,473,2500.0
0.95,EX1,7104,3,0,0,0,0,473,2500.0
0.95,EX1,7105,1,0,0,0,0,473,2500.0
0.95,EX1,7106,1,0,0,0,0,473,2500.0
0.95,EX1,7107,4,0,0,0,0,473,2500.0
0.95,EX1,7108,3,1,1,0,0,473,2500.0
0.95,EX1,7109,3,1,1,0,0,473,2500.0
0.95,EX1,7155,4,0,0,0,0,477,2500.0
0.95,EX1,7156,1,0,0,0,0,477,2500.0
0.95,EX1,7157,4,0,0,0,0,477,2500.0
0.95,EX1,7158,2,0,0,0,0,477,2500.0
0.95,EX1,7159,3,0,0,0,0,477,2500.0
0.95,EX1,7160,1,0,0,0,0,477,2500.0
0.95,EX1,7161,5,0,0,0,0,477,2500.0
0.95,EX1,7162,2,0,0,0,0,477,2500.0
0.95,EX1,7163,3,0,0,0,0,477,2500.0
0.95,EX1,7164,2,0,0,0,0,477,2500.0
0.95,EX1,7165,0,0,0,0,0,477,2500.0
0.95,EX1,7166,4,0,0,0,0,477,2500.0
0.95,EX1,7167,1,0,0,0,0,477,2500.0
0.95,EX1,7168,3,0,0,0,0,477,2500.0
0.95,EX1,7169,3,1,1,0,0,477,2500.0
0.95,EX1,7185,2,0,0,0,0,479,2500.0
0.95,EX1,7186,4,0,0,0,0,479,2500.0
0.95,EX1,7187,4,0,0,0,0,479,2500.0
0.95,EX1,7188,5,0,0,0,0,479,2500.0
0.95,EX1,7189,3,0,0,0,0,479,2500.0
0.95,EX1,7190,2,0,0,0,0,479,2500.0
0.95,EX1,7191,1,0,0,0,0,479,2500.0
0.95,EX1,7192,2,0,0,0,0,479,2500.0
0.95,EX1,7193,3,0,0,0,0,479,2500.0
0.95,EX1,7194,1,0,0,0,0,479,2500.0
0.95,EX1,7195,3,0,0,0,0,479,2500.0
0.95,EX1,7196,3,0,0,0,0,479,2500.0
0.95,EX1,7197,4,0,0,0,0,479,2500.0
0.95,EX1,7198,3,0,0,0,0,479,2500.0
0.95,EX1,7199,4,0,0,0,0,479,2500.0
0.95,EX1,7410,0,0,0,0,0,494,2500.0
0.95,EX1,7411,2,0,0,0,0,494,2500.0
0.95,EX1,7412,5,0,0,0,0,494,2500.0
0.95,EX1,7413,3,0,0,0,0,494,2500.0
0.95,EX1,7414,6,0,0,0,0,494,2500.0
0.95,EX1,7415,3,0,0,0,0,494,2500.0
0.95,EX1,7416,1,0,0,0,0,494,2500.0
0.95,EX1,7417,1,0,0,0,0,494,2500.0
0.95,EX1,7418,4,0,0,0,0,494,2500.0
0.95,EX1,7419,4,2,2,0,0,494,2500.0
0.95,EX1,7420,4,0,0,0,0,494,2500.0
0.95,EX1,7421,2,0,0,0,0,494,2500.0
0.95,EX1,7422,2,0,0,0,0,494,2500.0
0.95,EX1,7423,1,0,0,0,0,494,2500.0
0.95,EX1,7424,3,0,0,0,0,494,2500.0
0.95,EX1,7605,3,0,0,0,0,507,2500.0
0.95,EX1,7606,2,0,0,0,0,507,2500.0
0.95,EX1,7607,3,1,1,0,0,507,2500.0
0.95,EX1,7608,1,0,0,0,0,507,2500.0
0.95,EX1,7609,1,0,0,0,0,507,2500.0
0.95,EX1,7610,4,0,0,0,0,507,2500.0
0.95,EX1,7611,1,0,0,0,0,507,2500.0
0.95,EX1,7612,4,0,0,0,0,507,2500.0
0.95,EX1,7613,8,0,0,0,0,507,2500.0
0.95,EX1,7614,1,0,0,0,0,507,2500.0
0.95,EX1,7615,2,1,1,0,0,507,2500.0
0.95,EX1,7616,1,0,0,0,0,507,2500.0
0.95,EX1,7617,5,0,0,0,0,507,2500.0
0.95,EX1,7618,3,0,0,0,0,507,2500.0
0.95,EX1,7619,2,0,0,0,0,507,2500.0
0.95,EX1,7635,5,0,0,0,0,509,2500.0
0.95,EX1,7636,4,0,0,0,0,509,2500.0
0.95,EX1,7637,2,0,0,0,0,509,2500.0
0.95,EX1,7638,1,0,0,0,0,509,2500.0
0.95,EX1,7639,2,0,0,0,0,509,2500.0
0.95,EX1,7640,2,0,0,0,0,509,2500.0
0.95,EX1,7641,3,0,0,0,0,509,2500.0
0.95,EX1,7642,4,0,0,0,0,509,2500.0
0.95,EX1,7643,2,0,0,0,0,509,2500.0
0.95,EX1,7644,0,0,0,0,0,509,2500.0
0.95,EX1,7645,2,0,0,0,0,509,2500.0
0.95,EX1,7646,4,0,0,0,0,509,2500.0
0.95,EX1,7647,2,0,0,0,0,509,2500.0
0.95,EX1,7648,3,1,1,0,0,509,2500.0
0.95,EX1,7649,3,0,0,0,0,509,2500.0
0.95,EX1,7785,4,0,0,0,0,519,2500.0
0.95,EX1,7786,1,0,0,0,0,519,2500.0
0.95,EX1,7787,5,0,0,0,0,519,2500.0
0.95,EX1,7788,2,0,0,0,0,519,2500.0
0.95,EX1,7789,0,0,0,0,0,519,2500.0
0.95,EX1,7790,2,1,1,0,0,519,2500.0
0.95,EX1,7791,2,1,1,0,0,519,2500.0
0.95,EX1,7792,1,0,0,0,0,519,2500.0
0.95,EX1,7793,3,1,1,0,0,519,2500.0
0.95,EX1,7794,1,0,0,0,0,519,2500.0
0.95,EX1,7795,3,0,0,0,0,519,2500.0
0.95,EX1,7796,4,0,0,0,0,519,2500.0
0.95,EX1,7797,3,0,0,0,0,519,2500.0
0.95,EX1,7798,1,0,0,0,0,519,2500.0
0.95,EX1,7799,8,0,0,0,0,519,2500.0
0.95,EX1,7965,1,0,0,0,0,531,2500.0
0.95,EX1,7966,4,0,0,0,0,531,2500.0
0.95,EX1,7967,3,0,0,0,0,531,2500.0
0.95,EX1,7968,2,0,0,0,0,531,2500.0
0.95,EX1,7969,2,0,0,0,0,531,2500.0
0.95,EX1,7970,1,0,0,0,0,531,2500.0
0.95,EX1,7971,6,0,0,0,0,531,2500.0
0.95,EX1,7972,6,1,1,0,0,531,2500.0
0.95,EX1,7973,4,0,0,0,0,531,2500.0
0.95,EX1,7974,3,0,0,0,0,531,2500.0
0.95,EX1,7975,0,0,0,0,0,531,2500.0
0.95,EX1,7976,3,1,1,0,0,531,2500.0
0.95,EX1,7977,1,0,0,0,0,531,2500.0
0.95,EX1,7978,3,0,0,0,0,531,2500.0
0.95,EX1,7979,2,0,0,0,0,531,2500.0
0.95,EX1,7995,3,0,0,0,0,533,2500.0
0.95,EX1,7996,4,0,0,0,0,533,2500.0
0.95,EX1,7997,2,0,0,0,0,533,2500.0
0.95,EX1,7998,4,0,0,0,0,533,2500.0
0.95,EX1,7999,1,1,1,0,0,533,2500.0
0.95,EX1,8000,3,1,1,0,0,533,2500.0
0.95,EX1,8001,4,0,0,0,0,533,2500.0
0.95,EX1,8002,3,1,1,0,0,533,2500.0
0.95,EX1,8003,2,0,0,0,0,533,2500.0
0.95,EX1,8004,2,0,0,0,0,533,2500.0
0.95,EX1,8005,4,0,0,0,0,533,2500.0
0.95,EX1,8006,3,0,0,0,0,533,2500.0
0.95,EX1,8007,4,0,0,0,0,533,2500.0
0.95,EX1,8008,2,0,0,0,0,533,2500.0
0.95,EX1,8009,1,0,0,0,0,533,2500.0
0.95,EX1,8025,3,1,1,0,0,535,2500.0
0.95,EX1,8026,4,0,0,0,0,535,2500.0
0.95,EX1,8027,2,0,0,0,0,535,2500.0
0.95,EX1,8028,1,0,0,0,0,535,2500.0
0.95,EX1,8029,8,0,0,0,0,535,2500.0
0.95,EX1,8030,4,0,0,0,0,535,2500.0
0.95,EX1,8031,0,0,0,0,0,535,2500.0
0.95,EX1,8032,0,0,0,0,0,535,2500.0
0.95,EX1,8033,5,0,0,0,0,535,2500.0
0.95,EX1,8034,5,0,0,0,0,535,2500.0
0.95,EX1,8035,2,0,0,0,0,535,2500.0
0.95,EX1,8036,3,0,0,0,0,535,2500.0
0.95,EX1,8037,2,0,0,0,0,535,2500.0
0.95,EX1,8038,4,0,0,0,0,535,2500.0
0.95,EX1,8039,4,0,0,0,0,535,2500.0
0.95,EX1,8055,7,1,1,0,0,537,2500.0
0.95,EX1,8056,3,0,0,0,0,537,2500.0
0.95,EX1,8057,2,0,0,0,0,537,2500.0
0.95,EX1,8058,3,0,0,0,0,537,2500.0
0.95,EX1,8059,4,0,0,0,0,537,2500.0
0.95,EX1,8060,6,0,0,0,0,537,2500.0
0.95,EX1,8061,3,0,0,0,0,537,2500.0
0.95,EX1,8062,4,0,0,0,0,537,2500.0
0.95,EX1,8063,1,0,0,0,0,537,2500.0
0.95,EX1,8064,1,0,0,0,0,537,2500.0
0.95,EX1,8065,1,0,0,0,0,537,2500.0
0.95,EX1,8066,3,0,0,0,0,537,2500.0
0.95,EX1,8067,2,0,0,0,0,537,2500.0
0.95,EX1,8068,5,0,0,0,0,537,2500.0
0.95,EX1,8069,1,1,1,0,0,537,2500.0
0.95,EX1,8220,1,0,0,0,0,548,2500.0
0.95,EX1,8221,4,0,0,0,0,548,2500.0
0.95,EX1,8222,2,0,0,0,0,548,2500.0
0.95,EX1,8223,8,0,0,0,0,548,2500.0
0.95,EX1,8224,3,0,0,0,0,548,2500.0
0.95,EX1,8225,2,0,0,0,0,548,2500.0
0.95,EX1,8226,2,0,0,0,0,548,2500.0
0.95,EX1,8227,2,0,0,0,0,548,2500.0
0.95,EX1,8228,3,0,0,0,0,548,2500.0
0.95,EX1,8229,0,0,0,0,0,548,2500.0
0.95,EX1,8230,3,1,1,0,0,548,2500.0
0.95,EX1,8231,3,0,0,0,0,548,2500.0
0.95,EX1,8232,3,1,1,0,0,548,2500.0
0.95,EX1,8233,3,0,0,0,0,548,2500.0
0.95,EX1,8234,1,0,0,0,0,548,2500.0
0.95,EX1,8235,3,0,0,0,0,549,2500.0
0.95,EX1,8236,1,0,0,0,0,549,2500.0
0.95,EX1,8237,3,0,0,0,0,549,2500.0
0.95,EX1,8238,6,0,0,0,0,549,2500.0
0.95,EX1,8239,3,1,1,0,0,549,2500.0
0.95,EX1,8240,2,0,0,0,0,549,2500.0
0.95,EX1,8241,5,0,0,0,0,549,2500.0
0.95,EX1,8242,3,0,0,0,0,549,2500.0
0.95,EX1,8243,3,0,0,0,0,549,2500.0
0.95,EX1,8244,2,0,0,0,0,549,2500.0
0.95,EX1,8245,2,1,1,0,0,549,2500.0
0.95,EX1,8246,2,0,0,0,0,549,2500.0
0.95,EX1,8247,3,0,0,0,0,549,2500.0
0.95,EX1,8248,0,0,0,0,0,549,2500.0
0.95,EX1,8249,5,0,0,0,0,549,2500.0
0.95,EX1,8265,5,0,0,0,0,551,2500.0
0.95,EX1,8266,1,1,1,0,0,551,2500.0
0.95,EX1,8267,2,0,0,0,0,551,2500.0
0.95,EX1,8268,1,0,0,0,0,551,2500.0
0.95,EX1,8269,2,0,0,0,0,551,2500.0
0.95,EX1,8270,4,0,0,0,0,551,2500.0
0.95,EX1,8271,2,0,0,0,0,551,2500.0
0.95,EX1,8272,3,0,0,0,0,551,2500.0
0.95,EX1,8273,2,0,0,0,0,551,2500.0
0.95,EX1,8274,9,0,0,0,0,551,2500.0
0.95,EX1,8275,1,0,0,0,0,551,2500.0
0.95,EX1,8276,5,0,0,0,0,551,2500.0
0.95,EX1,8277,2,0,0,0,0,551,2500.0
0.95,EX1,8278,3,0,0,0,0,551,2500.0
0.95,EX1,8279,2,0,0,0,0,551,2500.0
0.95,EX1,8295,7,0,0,0,0,553,2500.0
0.95,EX1,8296,3,0,0,0,0,553,2500.0
0.95,EX1,8297,7,0,0,0,0,553,2500.0
0.95,EX1,8298,7,0,0,0,0,553,2500.0
0.95,EX1,8299,7,0,0,0,0,553,2500.0
0.95,EX1,8300,1,0,0,0,0,553,2500.0
0.95,EX1,8301,4,0,0,0,0,553,2500.0
0.95,EX1,8302,1,0,0,0,0,553,2500.0
0.95,EX1,8303,0,0,0,0,0,553,2500.0
0.95,EX1,8304,6,0,0,0,0,553,2500.0
0.95,EX1,8305,1,0,0,0,0,553,2500.0
0.95,EX1,8306,3,0,0,0,0,553,2500.0
0.95,EX1,8307,2,0,0,0,0,553,2500.0
0.95,EX1,8308,4,0,0,0,0,553,2500.0
0.95,EX1,8309,0,0,0,0,0,553,2500.0
0.95,EX1,8580,2,0,0,0,0,572,2500.0
0.95,EX1,8581,4,1,1,0,0,572,2500.0
0.95,EX1,8582,4,0,0,0,0,572,2500.0
0.95,EX1,8583,7,1,1,0,0,572,2500.0
0.95,EX1,8584,1,0,0,0,0,572,2500.0
0.95,EX1,8585,3,0,0,0,0,572,2500.0
0.95,EX1,8586,2,0,0,0,0,572,2500.0
0.95,EX1,8587,5,0,0,0,0,572,2500.0
0.95,EX1,8588,2,0,0,0,0,572,2500.0
0.95,EX1,8589,4,0,0,0,0,572,2500.0
0.95,EX1,8590,0,0,0,0,0,572,2500.0
0.95,EX1,8591,3,0,0,0,0,572,2500.0
0.95,EX1,8592,3,0,0,0,0,572,2500.0
0.95,EX1,8593,6,0,0,0,0,572,2500.0
0.95,EX1,8594,2,0,0,0,0,572,2500.0
0.95,EX1,8610,2,1,1,0,0,574,2500.0
0.95,EX1,8611,4,0,0,0,0,574,2500.0
0.95,EX1,8612,2,1,1,0,0,574,2500.0
0.95,EX1,8613,4,0,0,0,0,574,2500.0
0.95,EX1,8614,2,0,0,0,0,574,2500.0
0.95,EX1,8615,3,0,0,0,0,574,2500.0
0.95,EX1,8616,2,0,0,0,0,574,2500.0
0.95,EX1,8617,3,2,2,0,0,574,2500.0
0.95,EX1,8618,4,0,0,0,0,574,2500.0
0.95,EX1,8619,5,0,0,0,0,574,2500.0
0.95,EX1,8620,5,1,0,1,0,574,2500.0
0.95,EX1,8621,3,0,0,0,0,574,2500.0
0.95,EX1,8622,2,0,0,0,0,574,2500.0
0.95,EX1,8623,3,0,0,0,0,574,2500.0
0.95,EX1,8624,4,1,1,0,0,574,2500.0
0.95,EX1,8760,3,0,0,0,0,584,2500.0
0.95,EX1,8761,1,0,0,0,0,584,2500.0
0.95,EX1,8762,3,0,0,0,0,584,2500.0
0.95,EX1,8763,4,0,0,0,0,584,2500.0
0.95,EX1,8764,1,0,0,0,0,584,2500.0
0.95,EX1,8765,5,0,0,0,0,584,2500.0
0.95,EX1,8766,4,0,0,0,0,584,2500.0
0.95,EX1,8767,3,0,0,0,0,584,2500.0
0.95,EX1,8768,2,0,0,0,0,584,2500.0
0.95,EX1,8769,0,0,0,0,0,584,2500.0
0.95,EX1,8770,5,1,1,0,0,584,2500.0
0.95,EX1,8771,4,0,0,0,0,584,2500.0
0.95,EX1,8772,2,0,0,0,0,584,2500.0
0.95,EX1,8773,2,0,0,0,0,584,2500.0
0.95,EX1,8774,2,0,0,0,0,584,2500.0
0.95,EX1,8925,3,0,0,0,0,595,2500.0
0.95,EX1,8926,1,0,0,0,0,595,2500.0
0.95,EX1,8927,0,0,0,0,0,595,2500.0
0.95,EX1,8928,4,0,0,0,0,595,2500.0
0.95,EX1,8929,3,1,1,0,0,595,2500.0
0.95,EX1,8930,1,0,0,0,0,595,2500.0
0.95,EX1,8931,0,0,0,0,0,595,2500.0
0.95,EX1,8932,3,1,1,0,0,595,2500.0
0.95,EX1,8933,5,0,0,0,0,595,2500.0
0.95,EX1,8934,4,0,0,0,0,595,2500.0
0.95,EX1,8935,2,0,0,0,0,595,2500.0
0.95,EX1,8936,4,0,0,0,0,595,2500.0
0.95,EX1,8937,3,0,0,0,0,595,2500.0
0.95,EX1,8938,4,0,0,0,0,595,2500.0
0.95,EX1,8939,4,0,0,0,0,595,2500.0
0.95,EX1,8940,2,0,0,0,0,596,2500.0
0.95,EX1,8941,3,0,0,0,0,596,2500.0
0.95,EX1,8942,4,0,0,0,0,596,2500.0
0.95,EX1,8943,1,0,0,0,0,596,2500.0
0.95,EX1,8944,3,0,0,0,0,596,2500.0
0.95,EX1,8945,2,0,0,0,0,596,2500.0
0.95,EX1,8946,3,0,0,0,0,596,2500.0
0.95,EX1,8947,3,0,0,0,0,596,2500.0
0.95,EX1,8948,2,0,0,0,0,596,2500.0
0.95,EX1,8949,5,0,0,0,0,596,2500.0
0.95,EX1,8950,2,0,0,0,0,596,2500.0
0.95,EX1,8951,2,0,0,0,0,596,2500.0
0.95,EX1,8952,4,0,0,0,0,596,2500.0
0.95,EX1,8953,3,1,1,0,0,596,2500.0
0.95,EX1,8954,1,1,1,0,0,596,2500.0
0.95,EX1,9150,4,0,0,0,0,610,2500.0
0.95,EX1,9151,4,0,0,0,0,610,2500.0
0.95,EX1,9152,2,1,1,0,0,610,2500.0
0.95,EX1,9153,2,0,0,0,0,610,2500.0
0.95,EX1,9154,2,0,0,0,0,610,2500.0
0.95,EX1,9155,1,0,0,0,0,610,2500.0
0.95,EX1,9156,4,0,0,0,0,610,2500.0
0.95,EX1,9157,3,0,0,0,0,610,2500.0
0.95,EX1,9158,4,0,0,0,0,610,2500.0
0.95,EX1,9159,5,0,0,0,0,610,2500.0
0.95,EX1,9160,3,0,0,0,0,610,2500.0
0.95,EX1,9161,3,0,0,0,0,610,2500.0
0.95,EX1,9162,2,0,0,0,0,610,2500.0
0.95,EX1,9163,1,0,0,0,0,610,2500.0
0.95,EX1,9164,7,0,0,0,0,610,2500.0
0.95,EX1,9195,2,0,0,0,0,613,2500.0
0.95,EX1,9196,2,0,0,0,0,613,2500.0
0.95,EX1,9197,3,0,0,0,0,613,2500.0
0.95,EX1,9198,1,0,0,0,0,613,2500.0
0.95,EX1,9199,3,0,0,0,0,613,2500.0
0.95,EX1,9200,2,0,0,0,0,613,2500.0
0.95,EX1,9201,2,0,0,0,0,613,2500.0
0.95,EX1,9202,1,0,0,0,0,613,2500.0
0.95,EX1,9203,7,0,0,0,0,613,2500.0
0.95,EX1,9204,3,0,0,0,0,613,2500.0
0.95,EX1,9205,5,0,0,0,0,613,2500.0
0.95,EX1,9206,4,0,0,0,0,613,2500.0
0.95,EX1,9207,2,0,0,0,0,613,2500.0
0.95,EX1,9208,1,0,0,0,0,613,2500.0
0.95,EX1,9209,2,0,0,0,0,613,2500.0
0.95,EX1,9285,7,1,1,0,0,619,2500.0
0.95,EX1,9286,3,0,0,0,0,619,2500.0
0.95,EX1,9287,3,0,0,0,0,619,2500.0
0.95,EX1,9288,5,0,0,0,0,619,2500.0
0.95,EX1,9289,3,1,1,0,0,619,2500.0
0.95,EX1,9290,4,0,0,0,0,619,2500.0
0.95,EX1,9291,3,0,0,0,0,619,2500.0
0.95,EX1,9292,3,0,0,0,0,619,2500.0
0.95,EX1,9293,8,0,0,0,0,619,2500.0
0.95,EX1,9294,3,0,0,0,0,619,2500.0
0.95,EX1,9295,2,1,1,0,0,619,2500.0
0.95,EX1,9296,2,0,0,0,0,619,2500.0
0.95,EX1,9297,3,0,0,0,0,619,2500.0
0.95,EX1,9298,3,0,0,0,0,619,2500.0
0.95,EX1,9299,6,0,0,0,0,619,2500.0
0.95,EX1,9315,0,0,0,0,0,621,2500.0
0.95,EX1,9316,1,0,0,0,0,621,2500.0
0.95,EX1,9317,9,0,0,0,0,621,2500.0
0.95,EX1,9318,3,0,0,0,0,621,2500.0
0.95,EX1,9319,3,0,0,0,0,621,2500.0
0.95,EX1,9320,3,0,0,0,0,621,2500.0
0.95,EX1,9321,2,0,0,0,0,621,2500.0
0.95,EX1,9322,1,0,0,0,0,621,2500.0
0.95,EX1,9323,3,0,0,0,0,621,2500.0
0.95,EX1,9324,2,0,0,0,0,621,2500.0
0.95,EX1,9325,2,0,0,0,0,621,2500.0
0.95,EX1,9326,4,0,0,0,0,621,2500.0
0.95,EX1,9327,2,0,0,0,0,621,2500.0
0.95,EX1,9328,4,0,0,0,0,621,2500.0
0.95,EX1,9329,4,0,0,0,0,621,2500.0
0.95,EX1,9360,7,0,0,0,0,624,2500.0
0.95,EX1,9361,4,0,0,0,0,624,2500.0
0.95,EX1,9362,5,1,1,0,0,624,2500.0
0.95,EX1,9363,3,0,0,0,0,624,2500.0
0.95,EX1,9364,2,0,0,0,0,624,2500.0
0.95,EX1,9365,2,0,0,0,0,624,2500.0
0.95,EX1,9366,2,1,1,0,0,624,2500.0
0.95,EX1,9367,3,1,1,0,0,624,2500.0
0.95,EX1,9368,6,0,0,0,0,624,2500.0
0.95,EX1,9369,4,0,0,0,0,624,2500.0
0.95,EX1,9370,1,0,0,0,0,624,2500.0
0.95,EX1,9371,2,0,0,0,0,624,2500.0
0.95,EX1,9372,5,0,0,0,0,624,2500.0
0.95,EX1,9373,4,0,0,0,0,624,2500.0
0.95,EX1,9374,7,0,0,0,0,624,2500.0
0.95,EX1,9450,3,0,0,0,0,630,2500.0
0.95,EX1,9451,1,0,0,0,0,630,2500.0
0.95,EX1,9452,5,0,0,0,0,630,2500.0
0.95,EX1,9453,2,0,0,0,0,630,2500.0
0.95,EX1,9454,2,1,1,0,0,630,2500.0
0.95,EX1,9455,1,0,0,0,0,630,2500.0
0.95,EX1,9456,1,0,0,0,0,630,2500.0
0.95,EX1,9457,5,0,0,0,0,630,2500.0
0.95,EX1,9458,4,0,0,0,0,630,2500.0
0.95,EX1,9459,3,0,0,0,0,630,2500.0
0.95,EX1,9460,3,0,0,0,0,630,2500.0
0.95,EX1,9461,2,0,0,0,0,630,2500.0
0.95,EX1,9462,5,2,2,0,0,630,2500.0
0.95,EX1,9463,3,0,0,0,0,630,2500.0
0.95,EX1,9464,3,0,0,0,0,630,2500.0
0.95,EX1,9495,5,0,0,0,0,633,2500.0
0.95,EX1,9496,2,0,0,0,0,633,2500.0
0.95,EX1,9497,3,0,0,0,0,633,2500.0
0.95,EX1,9498,3,0,0,0,0,633,2500.0
0.95,EX1,9499,4,0,0,0,0,633,2500.0
0.95,EX1,9500,2,0,0,0,0,633,2500.0
0.95,EX1,9501,6,0,0,0,0,633,2500.0
0.95,EX1,9502,2,0,0,0,0,633,2500.0
0.95,EX1,9503,6,0,0,0,0,633,2500.0
0.95,EX1,9504,3,0,0,0,0,633,2500.0
0.95,EX1,9505,5,0,0,0,0,633,2500.0
0.95,EX1,9506,2,0,0,0,0,633,2500.0
0.95,EX1,9507,0,0,0,0,0,633,2500.0
0.95,EX1,9508,3,0,0,0,0,633,2500.0
0.95,EX1,9509,4,0,0,0,0,633,2500.0
0.95,EX1,9510,3,0,0,0,0,634,2500.0
0.95,EX1,9511,4,0,0,0,0,634,2500.0
0.95,EX1,9512,5,0,0,0,0,634,2500.0
0.95,EX1,9513,2,0,0,0,0,634,2500.0
0.95,EX1,9514,5,0,0,0,0,634,2500.0
0.95,EX1,9515,1,0,0,0,0,634,2500.0
0.95,EX1,9516,2,0,0,0,0,634,2500.0
0.95,EX1,9517,3,0,0,0,0,634,2500.0
0.95,EX1,9518,2,0,0,0,0,634,2500.0
0.95,EX1,9519,4,0,0,0,0,634,2500.0
0.95,EX1,9520,2,0,0,0,0,634,2500.0
0.95,EX1,9521,1,0,0,0,0,634,2500.0
0.95,EX1,9522,3,0,0,0,0,634,2500.0
0.95,EX1,9523,2,0,0,0,0,634,2500.0
0.95,EX1,9524,1,0,0,0,0,634,2500.0
0.95,EX1,9525,2,0,0,0,0,635,2500.0
0.95,EX1,9526,2,0,0,0,0,635,2500.0
0.95,EX1,9527,4,0,0,0,0,635,2500.0
0.95,EX1,9528,2,0,0,0,0,635,2500.0
0.95,EX1,9529,3,0,0,0,0,635,2500.0
0.95,EX1,9530,3,0,0,0,0,635,2500.0
0.95,EX1,9531,2,1,1,0,0,635,2500.0
0.95,EX1,9532,4,0,0,0,0,635,2500.0
0.95,EX1,9533,2,0,0,0,0,635,2500.0
0.95,EX1,9534,3,0,0,0,0,635,2500.0
0.95,EX1,9535,2,0,0,0,0,635,2500.0
0.95,EX1,9536,5,0,0,0,0,635,2500.0
0.95,EX1,9537,4,1,1,0,0,635,2500.0
0.95,EX1,9538,4,0,0,0,0,635,2500.0
0.95,EX1,9539,5,0,0,0,0,635,2500.0
0.95,EX1,9540,2,0,0,0,0,636,2500.0
0.95,EX1,9541,9,1,1,0,0,636,2500.0
0.95,EX1,9542,4,0,0,0,0,636,2500.0
0.95,EX1,9543,3,0,0,0,0,636,2500.0
0.95,EX1,9544,1,0,0,0,0,636,2500.0
0.95,EX1,9545,2,0,0,0,0,636,2500.0
0.95,EX1,9546,3,0,0,0,0,636,2500.0
0.95,EX1,9547,2,0,0,0,0,636,2500.0
0.95,EX1,9548,2,0,0,0,0,636,2500.0
0.95,EX1,9549,1,0,0,0,0,636,2500.0
0.95,EX1,9550,2,0,0,0,0,636,2500.0
0.95,EX1,9551,2,0,0,0,0,636,2500.0
0.95,EX1,9552,5,0,0,0,0,636,2500.0
0.95,EX1,9553,3,0,0,0,0,636,2500.0
0.95,EX1,9554,3,0,0,0,0,636,2500.0
0.95,EX1,9705,2,0,0,0,0,647,2500.0
0.95,EX1,9706,3,0,0,0,0,647,2500.0
0.95,EX1,9707,3,0,0,0,0,647,2500.0
0.95,EX1,9708,6,1,1,0,0,647,2500.0
0.95,EX1,9709,3,0,0,0,0,647,2500.0
0.95,EX1,9710,1,0,0,0,0,647,2500.0
0.95,EX1,9711,1,0,0,0,0,647,2500.0
0.95,EX1,9712,2,1,1,0,0,647,2500.0
0.95,EX1,9713,2,1,1,0,0,647,2500.0
0.95,EX1,9714,2,0,0,0,0,647,2500.0
0.95,EX1,9715,3,0,0,0,0,647,2500.0
0.95,EX1,9716,6,0,0,0,0,647,2500.0
0.95,EX1,9717,4,0,0,0,0,647,2500.0
0.95,EX1,9718,2,0,0,0,0,647,2500.0
0.95,EX1,9719,0,0,0,0,0,647,2500.0
0.95,EX1,9735,3,0,0,0,0,649,2500.0
0.95,EX1,9736,4,0,0,0,0,649,2500.0
0.95,EX1,9737,3,0,0,0,0,649,2500.0
0.95,EX1,9738,2,0,0,0,0,649,2500.0
0.95,EX1,9739,4,1,1,0,0,649,2500.0
0.95,EX1,9740,6,1,1,0,0,649,2500.0
0.95,EX1,9741,1,0,0,0,0,649,2500.0
0.95,EX1,9742,3,0,0,0,0,649,2500.0
0.95,EX1,9743,3,1,1,0,0,649,2500.0
0.95,EX1,9744,5,0,0,0,0,649,2500.0
0.95,EX1,9745,1,0,0,0,0,649,2500.0
0.95,EX1,9746,6,0,0,0,0,649,2500.0
0.95,EX1,9747,3,0,0,0,0,649,2500.0
0.95,EX1,9748,4,0,0,0,0,649,2500.0
0.95,EX1,9749,2,0,0,0,0,649,2500.0
0.95,EX1,9795,3,0,0,0,0,653,2500.0
0.95,EX1,9796,1,0,0,0,0,653,2500.0
0.95,EX1,9797,4,0,0,0,0,653,2500.0
0.95,EX1,9798,2,0,0,0,0,653,2500.0
0.95,EX1,9799,5,2,2,0,0,653,2500.0
0.95,EX1,9800,5,0,0,0,0,653,2500.0
0.95,EX1,9801,7,1,1,0,0,653,2500.0
0.95,EX1,9802,4,0,0,0,0,653,2500.0
0.95,EX1,9803,2,0,0,0,0,653,2500.0
0.95,EX1,9804,2,0,0,0,0,653,2500.0
0.95,EX1,9805,6,0,0,0,0,653,2500.0
0.95,EX1,9806,4,1,1,0,0,653,2500.0
0.95,EX1,9807,2,0,0,0,0,653,2500.0
0.95,EX1,9808,5,1,1,0,0,653,2500.0
0.95,EX1,9809,1,0,0,0,0,653,2500.0
0.95,EX1,9915,4,0,0,0,0,661,2500.0
0.95,EX1,9916,1,0,0,0,0,661,2500.0
0.95,EX1,9917,2,0,0,0,0,661,2500.0
0.95,EX1,9918,1,1,1,0,0,661,2500.0
0.95,EX1,9919,7,0,0,0,0,661,2500.0
0.95,EX1,9920,2,0,0,0,0,661,2500.0
0.95,EX1,9921,3,0,0,0,0,661,2500.0
0.95,EX1,9922,2,0,0,0,0,661,2500.0
0.95,EX1,9923,4,1,1,0,0,661,2500.0
0.95,EX1,9924,5,1,1,0,0,661,2500.0
0.95,EX1,9925,1,0,0,0,0,661,2500.0
0.95,EX1,9926,2,0,0,0,0,661,2500.0
0.95,EX1,9927,0,0,0,0,0,661,2500.0
0.95,EX1,9928,1,0,0,0,0,661,2500.0
0.95,EX1,9929,4,0,0,0,0,661,2500.0
0.95,EX1,9930,6,0,0,0,0,662,2500.0
0.95,EX1,9931,3,0,0,0,0,662,2500.0
0.95,EX1,9932,3,0,0,0,0,662,2500.0
0.95,EX1,9933,3,0,0,0,0,662,2500.0
0.95,EX1,9934,1,0,0,0,0,662,2500.0
0.95,EX1,9935,7,0,0,0,0,662,2500.0
0.95,EX1,9936,1,0,0,0,0,662,2500.0
0.95,EX1,9937,3,0,0,0,0,662,2500.0
0.95,EX1,9938,3,0,0,0,0,662,2500.0
0.95,EX1,9939,4,0,0,0,0,662,2500.0
0.95,EX1,9940,0,0,0,0,0,662,2500.0
0.95,EX1,9941,2,0,0,0,0,662,2500.0
0.95,EX1,9942,4,0,0,0,0,662,2500.0
0.95,EX1,9943,0,0,0,0,0,662,2500.0
0.95,EX1,9944,4,0,0,0,0,662,2500.0
0.95,EX2,30,1,1,1,0,0,2,2500.0
0.95,EX2,31,3,0,0,0,0,2,2500.0
0.95,EX2,32,4,0,0,0,0,2,2500.0
0.95,EX2,33,3,0,0,0,0,2,2500.0
0.95,EX2,34,1,0,0,0,0,2,2500.0
0.95,EX2,35,4,0,0,0,0,2,2500.0
0.95,EX2,36,2,0,0,0,0,2,2500.0
0.95,EX2,37,1,0,0,0,0,2,2500.0
0.95,EX2,38,2,1,1,0,0,2,2500.0
0.95,EX2,39,5,0,0,0,0,2,2500.0
0.95,EX2,40,4,0,0,0,0,2,2500.0
0.95,EX2,41,3,0,0,0,0,2,2500.0
0.95,EX2,42,4,0,0,0,0,2,2500.0
0.95,EX2,43,3,0,0,0,0,2,2500.0
0.95,EX2,44,4,0,0,0,0,2,2500.0
0.95,EX2,90,5,1,1,0,0,6,2500.0
0.95,EX2,91,2,0,0,0,0,6,2500.0
0.95,EX2,92,2,1,1,0,0,6,2500.0
0.95,EX2,93,3,0,0,0,0,6,2500.0
0.95,EX2,94,2,0,0,0,0,6,2500.0
0.95,EX2,95,7,0,0,0,0,6,2500.0
0.95,EX2,96,4,0,0,0,0,6,2500.0
0.95,EX2,97,1,0,0,0,0,6,2500.0
0.95,EX2,98,1,0,0,0,0,6,2500.0
0.95,EX2,99,3,0,0,0,0,6,2500.0
0.95,EX2,100,3,0,0,0,0,6,2500.0
0.95,EX2,101,2,0,0,0,0,6,2500.0
0.95,EX2,102,2,1,0,1,0,6,2500.0
0.95,EX2,103,3,0,0,0,0,6,2500.0
0.95,EX2,104,3,0,0,0,0,6,2500.0
0.95,EX2,150,3,0,0,0,0,10,2500.0
0.95,EX2,151,1,0,0,0,0,10,2500.0
0.95,EX2,152,0,0,0,0,0,10,2500.0
0.95,EX2,153,4,0,0,0,0,10,2500.0
0.95,EX2,154,1,0,0,0,0,10,2500.0
0.95,EX2,155,5,0,0,0,0,10,2500.0
0.95,EX2,156,7,0,0,0,0,10,2500.0
0.95,EX2,157,4,0,0,0,0,10,2500.0
0.95,EX2,158,4,0,0,0,0,10,2500.0
0.95,EX2,159,3,0,0,0,0,10,2500.0
0.95,EX2,160,4,0,0,0,0,10,2500.0
0.95,EX2,161,3,0,0,0,0,10,2500.0
0.95,EX2,162,3,0,0,0,0,10,2500.0
0.95,EX2,163,4,0,0,0,0,10,2500.0
0.95,EX2,164,2,0,0,0,0,10,2500.0
0.95,EX2,270,4,0,0,0,0,18,2500.0
0.95,EX2,271,3,0,0,0,0,18,2500.0
0.95,EX2,272,3,0,0,0,0,18,2500.0
0.95,EX2,273,1,0,0,0,0,18,2500.0
0.95,EX2,274,4,0,0,0,0,18,2500.0
0.95,EX2,275,2,0,0,0,0,18,2500.0
0.95,EX2,276,3,0,0,0,0,18,2500.0
0.95,EX2,277,1,0,0,0,0,18,2500.0
0.95,EX2,278,2,0,0,0,0,18,2500.0
0.95,EX2,279,2,0,0,0,0,18,2500.0
0.95,EX2,280,1,0,0,0,0,18,2500.0
0.95,EX2,281,4,0,0,0,0,18,2500.0
0.95,EX2,282,4,0,0,0,0,18,2500.0
0.95,EX2,283,3,0,0,0,0,18,2500.0
0.95,EX2,284,4,0,0,0,0,18,2500.0
0.95,EX2,360,2,0,0,0,0,24,2500.0
0.95,EX2,361,6,0,0,0,0,24,2500.0
0.95,EX2,362,5,0,0,0,0,24,2500.0
0.95,EX2,363,4,0,0,0,0,24,2500.0
0.95,EX2,364,4,0,0,0,0,24,2500.0
0.95,EX2,365,2,0,0,0,0,24,2500.0
0.95,EX2,366,3,0,0,0,0,24,2500.0
0.95,EX2,367,9,1,1,0,0,24,2500.0
0.95,EX2,368,4,0,0,0,0,24,2500.0
0.95,EX2,369,3,0,0,0,0,24,2500.0
0.95,EX2,370,2,0,0,0,0,24,2500.0
0.95,EX2,371,3,0,0,0,0,24,2500.0
0.95,EX2,372,3,0,0,0,0,24,2500.0
0.95,EX2,373,1,0,0,0,0,24,2500.0
0.95,EX2,374,2,1,1,0,0,24,2500.0
0.95,EX2,450,3,0,0,0,0,30,2500.0
0.95,EX2,451,4,0,0,0,0,30,2500.0
0.95,EX2,452,4,0,0,0,0,30,2500.0
0.95,EX2,453,1,0,0,0,0,30,2500.0
0.95,EX2,454,6,0,0,0,0,30,2500.0
0.95,EX2,455,2,0,0,0,0,30,2500.0
0.95,EX2,456,3,0,0,0,0,30,2500.0
0.95,EX2,457,2,0,0,0,0,30,2500.0
0.95,EX2,458,3,0,0,0,0,30,2500.0
0.95,EX2,459,4,1,1,0,0,30,2500.0
0.95,EX2,460,7,0,0,0,0,30,2500.0
0.95,EX2,461,3,0,0,0,0,30,2500.0
0.95,EX2,462,2,0,0,0,0,30,2500.0
0.95,EX2,463,1,0,0,0,0,30,2500.0
0.95,EX2,464,2,0,0,0,0,30,2500.0
0.95,EX2,465,2,0,0,0,0,31,2500.0
0.95,EX2,466,1,0,0,0,0,31,2500.0
0.95,EX2,467,3,0,0,0,0,31,2500.0
0.95,EX2,468,2,0,0,0,0,31,2500.0
0.95,EX2,469,1,0,0,0,0,31,2500.0
0.95,EX2,470,7,0,0,0,0,31,2500.0
0.95,EX2,471,2,0,0,0,0,31,2500.0
0.95,EX2,472,4,0,0,0,0,31,2500.0
0.95,EX2,473,0,0,0,0,0,31,2500.0
0.95,EX2,474,4,0,0,0,0,31,2500.0
0.95,EX2,475,1,0,0,0,0,31,2500.0
0.95,EX2,476,7,0,0,0,0,31,2500.0
0.95,EX2,477,4,0,0,0,0,31,2500.0
0.95,EX2,478,2,1,1,0,0,31,2500.0
0.95,EX2,479,1,0,0,0,0,31,2500.0
0.95,EX2,585,5,0,0,0,0,39,2500.0
0.95,EX2,586,2,0,0,0,0,39,2500.0
0.95,EX2,587,4,0,0,0,0,39,2500.0
0.95,EX2,588,3,0,0,0,0,39,2500.0
0.95,EX2,589,2,0,0,0,0,39,2500.0
0.95,EX2,590,3,1,1,0,0,39,2500.0
0.95,EX2,591,3,1,1,0,0,39,2500.0
0.95,EX2,592,0,0,0,0,0,39,2500.0
0.95,EX2,593,4,0,0,0,0,39,2500.0
0.95,EX2,594,1,0,0,0,0,39,2500.0
0.95,EX2,595,2,0,0,0,0,39,2500.0
0.95,EX2,596,4,0,0,0,0,39,2500.0
0.95,EX2,597,4,0,0,0,0,39,2500.0
0.95,EX2,598,5,0,0,0,0,39,2500.0
0.95,EX2,599,5,0,0,0,0,39,2500.0
0.95,EX2,615,2,0,0,0,0,41,2500.0
0.95,EX2,616,3,0,0,0,0,41,2500.0
0.95,EX2,617,3,0,0,0,0,41,2500.0
0.95,EX2,618,1,0,0,0,0,41,2500.0
0.95,EX2,619,2,0,0,0,0,41,2500.0
0.95,EX2,620,1,0,0,0,0,41,2500.0
0.95,EX2,621,8,0,0,0,0,41,2500.0
0.95,EX2,622,2,0,0,0,0,41,2500.0
0.95,EX2,623,1,0,0,0,0,41,2500.0
0.95,EX2,624,2,0,0,0,0,41,2500.0
0.95,EX2,625,0,0,0,0,0,41,2500.0
0.95,EX2,626,2,0,0,0,0,41,2500.0
0.95,EX2,627,4,0,0,0,0,41,2500.0
0.95,EX2,628,1,0,0,0,0,41,2500.0
0.95,EX2,629,1,0,0,0,0,41,2500.0
0.95,EX2,660,5,0,0,0,0,44,2500.0
0.95,EX2,661,5,0,0,0,0,44,2500.0
0.95,EX2,662,3,0,0,0,0,44,2500.0
0.95,EX2,663,4,2,2,0,0,44,2500.0
0.95,EX2,664,1,0,0,0,0,44,2500.0
0.95,EX2,665,6,0,0,0,0,44,2500.0
0.95,EX2,666,6,0,0,0,0,44,2500.0
0.95,EX2,667,2,0,0,0,0,44,2500.0
0.95,EX2,668,4,0,0,0,0,44,2500.0
0.95,EX2,669,3,0,0,0,0,44,2500.0
0.95,EX2,670,4,0,0,0,0,44,2500.0
0.95,EX2,671,3,0,0,0,0,44,2500.0
0.95,EX2,672,3,0,0,0,0,44,2500.0
0.95,EX2,673,3,0,0,0,0,44,2500.0
0.95,EX2,674,3,0,0,0,0,44,2500.0
0.95,EX2,735,6,0,0,0,0,49,2500.0
0.95,EX2,736,0,0,0,0,0,49,2500.0
0.95,EX2,737,2,0,0,0,0,49,2500.0
0.95,EX2,738,2,0,0,0,0,49,2500.0
0.95,EX2,739,3,0,0,0,0,49,2500.0
0.95,EX2,740,3,0,0,0,0,49,2500.0
0.95,EX2,741,3,0,0,0,0,49,2500.0
0.95,EX2,742,3,0,0,0,0,49,2500.0
0.95,EX2,743,5,0,0,0,0,49,2500.0
0.95,EX2,744,4,0,0,0,0,49,2500.0
0.95,EX2,745,2,0,0,0,0,49,2500.0
0.95,EX2,746,3,0,0,0,0,49,2500.0
0.95,EX2,747,2,0,0,0,0,49,2500.0
0.95,EX2,748,2,1,1,0,0,49,2500.0
0.95,EX2,749,3,0,0,0,0,49,2500.0
0.95,EX2,810,2,1,1,0,0,54,2500.0
0.95,EX2,811,8,0,0,0,0,54,2500.0
0.95,EX2,812,3,0,0,0,0,54,2500.0
0.95,EX2,813,4,0,0,0,0,54,2500.0
0.95,EX2,814,1,0,0,0,0,54,2500.0
0.95,EX2,815,1,0,0,0,0,54,2500.0
0.95,EX2,816,1,0,0,0,0,54,2500.0
0.95,EX2,817,3,0,0,0,0,54,2500.0
0.95,EX2,818,2,0,0,0,0,54,2500.0
0.95,EX2,819,4,0,0,0,0,54,2500.0
0.95,EX2,820,4,1,1,0,0,54,2500.0
0.95,EX2,821,3,0,0,0,0,54,2500.0
0.95,EX2,822,0,0,0,0,0,54,2500.0
0.95,EX2,823,1,0,0,0,0,54,2500.0
0.95,EX2,824,3,0,0,0,0,54,2500.0
0.95,EX2,825,3,0,0,0,0,55,2500.0
0.95,EX2,826,5,0,0,0,0,55,2500.0
0.95,EX2,827,1,0,0,0,0,55,2500.0
0.95,EX2,828,6,0,0,0,0,55,2500.0
0.95,EX2,829,6,0,0,0,0,55,2500.0
0.95,EX2,830,4,0,0,0,0,55,2500.0
0.95,EX2,831,3,0,0,0,0,55,2500.0
0.95,EX2,832,4,0,0,0,0,55,2500.0
0.95,EX2,833,2,0,0,0,0,55,2500.0
0.95,EX2,834,3,0,0,0,0,55,2500.0
0.95,EX2,835,1,0,0,0,0,55,2500.0
0.95,EX2,836,2,0,0,0,0,55,2500.0
0.95,EX2,837,3,1,1,0,0,55,2500.0
0.95,EX2,838,5,1,1,0,0,55,2500.0
0.95,EX2,839,7,1,1,0,0,55,2500.0
0.95,EX2,840,5,0,0,0,0,56,2500.0
0.95,EX2,841,6,0,0,0,0,56,2500.0
0.95,EX2,842,3,0,0,0,0,56,2500.0
0.95,EX2,843,6,0,0,0,0,56,2500.0
0.95,EX2,844,3,1,1,0,0,56,2500.0
0.95,EX2,845,3,0,0,0,0,56,2500.0
0.95,EX2,846,3,0,0,0,0,56,2500.0
0.95,EX2,847,1,0,0,0,0,56,2500.0
0.95,EX2,848,1,0,0,0,0,56,2500.0
0.95,EX2,849,3,0,0,0,0,56,2500.0
0.95,EX2,850,7,1,1,0,0,56,2500.0
0.95,EX2,851,2,0,0,0,0,56,2500.0
0.95,EX2,852,3,0,0,0,0,56,2500.0
0.95,EX2,853,0,0,0,0,0,56,2500.0
0.95,EX2,854,7,1,1,0,0,56,2500.0
0.95,EX2,900,5,0,0,0,0,60,2500.0
0.95,EX2,901,5,0,0,0,0,60,2500.0
0.95,EX2,902,5,0,0,0,0,60,2500.0
0.95,EX2,903,3,0,0,0,0,60,2500.0
0.95,EX2,904,3,0,0,0,0,60,2500.0
0.95,EX2,905,6,0,0,0,0,60,2500.0
0.95,EX2,906,4,1,1,0,0,60,2500.0
0.95,EX2,907,4,0,0,0,0,60,2500.0
0.95,EX2,908,2,0,0,0,0,60,2500.0
0.95,EX2,909,5,0,0,0,0,60,2500.0
0.95,EX2,910,3,0,0,0,0,60,2500.0
0.95,EX2,911,3,0,0,0,0,60,2500.0
0.95,EX2,912,1,0,0,0,0,60,2500.0
0.95,EX2,913,3,0,0,0,0,60,2500.0
0.95,EX2,914,2,1,1,0,0,60,2500.0
0.95,EX2,945,3,0,0,0,0,63,2500.0
0.95,EX2,946,4,0,0,0,0,63,2500.0
0.95,EX2,947,3,0,0,0,0,63,2500.0
0.95,EX2,948,3,0,0,0,0,63,2500.0
0.95,EX2,949,5,0,0,0,0,63,2500.0
0.95,EX2,950,3,0,0,0,0,63,2500.0
0.95,EX2,951,3,0,0,0,0,63,2500.0
0.95,EX2,952,2,0,0,0,0,63,2500.0
0.95,EX2,953,2,0,0,0,0,63,2500.0
0.95,EX2,954,6,0,0,0,0,63,2500.0
0.95,EX2,955,4,1,1,0,0,63,2500.0
0.95,EX2,956,5,0,0,0,0,63,2500.0
0.95,EX2,957,3,0,0,0,0,63,2500.0
0.95,EX2,958,2,0,0,0,0,63,2500.0
0.95,EX2,959,2,0,0,0,0,63,2500.0
0.95,EX2,975,3,0,0,0,0,65,2500.0
0.95,EX2,976,4,0,0,0,0,65,2500.0
0.95,EX2,977,3,0,0,0,0,65,2500.0
0.95,EX2,978,1,0,0,0,0,65,2500.0
0.95,EX2,979,0,0,0,0,0,65,2500.0
0.95,EX2,980,3,0,0,0,0,65,2500.0
0.95,EX2,981,3,0,0,0,0,65,2500.0
0.95,EX2,982,4,0,0,0,0,65,2500.0
0.95,EX2,983,4,0,0,0,0,65,2500.0
0.95,EX2,984,2,0,0,0,0,65,2500.0
0.95,EX2,985,5,0,0,0,0,65,2500.0
0.95,EX2,986,5,1,0,1,0,65,2500.0
0.95,EX2,987,1,0,0,0,0,65,2500.0
0.95,EX2,988,4,0,0,0,0,65,2500.0
0.95,EX2,989,2,0,0,0,0,65,2500.0
0.95,EX2,1035,6,1,1,0,0,69,2500.0
0.95,EX2,1036,1,0,0,0,0,69,2500.0
0.95,EX2,1037,1,0,0,0,0,69,2500.0
0.95,EX2,1038,2,0,0,0,0,69,2500.0
0.95,EX2,1039,3,0,0,0,0,69,2500.0
0.95,EX2,1040,1,0,0,0,0,69,2500.0
0.95,EX2,1041,1,0,0,0,0,69,2500.0
0.95,EX2,1042,1,0,0,0,0,69,2500.0
0.95,EX2,1043,3,0,0,0,0,69,2500.0
0.95,EX2,1044,3,0,0,0,0,69,2500.0
0.95,EX2,1045,3,0,0,0,0,69,2500.0
0.95,EX2,1046,2,0,0,0,0,69,2500.0
0.95,EX2,1047,4,1,1,0,0,69,2500.0
0.95,EX2,1048,2,0,0,0,0,69,2500.0
0.95,EX2,1049,2,0,0,0,0,69,2500.0
0.95,EX2,1050,2,1,1,0,0,70,2500.0
0.95,EX2,1051,2,0,0,0,0,70,2500.0
0.95,EX2,1052,2,0,0,0,0,70,2500.0
0.95,EX2,1053,3,0,0,0,0,70,2500.0
0.95,EX2,1054,3,2,2,0,0,70,2500.0
0.95,EX2,1055,4,0,0,0,0,70,2500.0
0.95,EX2,1056,3,0,0,0,0,70,2500.0
0.95,EX2,1057,2,2,2,0,0,70,2500.0
0.95,EX2,1058,0,0,0,0,0,70,2500.0
0.95,EX2,1059,1,0,0,0,0,70,2500.0
0.95,EX2,1060,2,0,0,0,0,70,2500.0
0.95,EX2,1061,4,0,0,0,0,70,2500.0
0.95,EX2,1062,2,0,0,0,0,70,2500.0
0.95,EX2,1063,3,0,0,0,0,70,2500.0
0.95,EX2,1064,4,0,0,0,0,70,2500.0
0.95,EX2,1080,6,0,0,0,0,72,2500.0
0.95,EX2,1081,3,0,0,0,0,72,2500.0
0.95,EX2,1082,3,0,0,0,0,72,2500.0
0.95,EX2,1083,5,0,0,0,0,72,2500.0
0.95,EX2,1084,2,1,0,1,0,72,2500.0
0.95,EX2,1085,3,0,0,0,0,72,2500.0
0.95,EX2,1086,6,0,0,0,0,72,2500.0
0.95,EX2,1087,5,0,0,0,0,72,2500.0
0.95,EX2,1088,5,0,0,0,0,72,2500.0
0.95,EX2,1089,2,0,0,0,0,72,2500.0
0.95,EX2,1090,1,0,0,0,0,72,2500.0
0.95,EX2,1091,2,0,0,0,0,72,2500.0
0.95,EX2,1092,2,0,0,0,0,72,2500.0
0.95,EX2,1093,2,0,0,0,0,72,2500.0
0.95,EX2,1094,2,0,0,0,0,72,2500.0
0.95,EX2,1140,2,0,0,0,0,76,2500.0
0.95,EX2,1141,8,0,0,0,0,76,2500.0
0.95,EX2,1142,2,0,0,0,0,76,2500.0
0.95,EX2,1143,5,0,0,0,0,76,2500.0
0.95,EX2,1144,5,0,0,0,0,76,2500.0
0.95,EX2,1145,3,0,0,0,0,76,2500.0
0.95,EX2,1146,4,0,0,0,0,76,2500.0
0.95,EX2,1147,3,0,0,0,0,76,2500.0
0.95,EX2,1148,3,0,0,0,0,76,2500.0
0.95,EX2,1149,1,0,0,0,0,76,2500.0
0.95,EX2,1150,4,0,0,0,0,76,2500.0
0.95,EX2,1151,1,0,0,0,0,76,2500.0
0.95,EX2,1152,2,0,0,0,0,76,2500.0
0.95,EX2,1153,1,0,0,0,0,76,2500.0
0.95,EX2,1154,2,0,0,0,0,76,2500.0
0.95,EX2,1155,2,0,0,0,0,77,2500.0
0.95,EX2,1156,1,0,0,0,0,77,2500.0
0.95,EX2,1157,3,0,0,0,0,77,2500.0
0.95,EX2,1158,2,0,0,0,0,77,2500.0
0.95,EX2,1159,2,0,0,0,0,77,2500.0
0.95,EX2,1160,1,0,0,0,0,77,2500.0
0.95,EX2,1161,4,0,0,0,0,77,2500.0
0.95,EX2,1162,2,0,0,0,0,77,2500.0
0.95,EX2,1163,3,0,0,0,0,77,2500.0
0.95,EX2,1164,2,0,0,0,0,77,2500.0
0.95,EX2,1165,3,0,0,0,0,77,2500.0
0.95,EX2,1166,7,0,0,0,0,77,2500.0
0.95,EX2,1167,4,0,0,0,0,77,2500.0
0.95,EX2,1168,3,0,0,0,0,77,2500.0
0.95,EX2,1169,3,0,0,0,0,77,2500.0
0.95,EX2,1170,1,0,0,0,0,78,2500.0
0.95,EX2,1171,3,0,0,0,0,78,2500.0
0.95,EX2,1172,1,0,0,0,0,78,2500.0
0.95,EX2,1173,5,1,1,0,0,78,2500.0
0.95,EX2,1174,6,0,0,0,0,78,2500.0
0.95,EX2,1175,5,0,0,0,0,78,2500.0
0.95,EX2,1176,2,0,0,0,0,78,2500.0
0.95,EX2,1177,8,1,1,0,0,78,2500.0
0.95,EX2,1178,5,0,0,0,0,78,2500.0
0.95,EX2,1179,3,0,0,0,0,78,2500.0
0.95,EX2,1180,3,0,0,0,0,78,2500.0
0.95,EX2,1181,4,0,0,0,0,78,2500.0
0.95,EX2,1182,7,0,0,0,0,78,2500.0
0.95,EX2,1183,3,0,0,0,0,78,2500.0
0.95,EX2,1184,4,0,0,0,0,78,2500.0
0.95,EX2,1215,5,1,1,0,0,81,2500.0
0.95,EX2,1216,6,0,0,0,0,81,2500.0
0.95,EX2,1217,3,0,0,0,0,81,2500.0
0.95,EX2,1218,2,0,0,0,0,81,2500.0
0.95,EX2,1219,4,0,0,0,0,81,2500.0
0.95,EX2,1220,1,0,0,0,0,81,2500.0
0.95,EX2,1221,3,0,0,0,0,81,2500.0
0.95,EX2,1222,2,0,0,0,0,81,2500.0
0.95,EX2,1223,3,0,0,0,0,81,2500.0
0.95,EX2,1224,1,0,0,0,0,81,2500.0
0.95,EX2,1225,1,0,0,0,0,81,2500.0
0.95,EX2,1226,5,0,0,0,0,81,2500.0
0.95,EX2,1227,2,0,0,0,0,81,2500.0
0.95,EX2,1228,3,0,0,0,0,81,2500.0
0.95,EX2,1229,5,1,0,1,0,81,2500.0
0.95,EX2,1230,6,1,1,0,0,82,2500.0
0.95,EX2,1231,4,0,0,0,0,82,2500.0
0.95,EX2,1232,3,0,0,0,0,82,2500.0
0.95,EX2,1233,2,0,0,0,0,82,2500.0
0.95,EX2,1234,2,0,0,0,0,82,2500.0
0.95,EX2,1235,3,0,0,0,0,82,2500.0
0.95,EX2,1236,4,1,1,0,0,82,2500.0
0.95,EX2,1237,3,0,0,0,0,82,2500.0
0.95,EX2,1238,2,0,0,0,0,82,2500.0
0.95,EX2,1239,2,0,0,0,0,82,2500.0
0.95,EX2,1240,2,0,0,0,0,82,2500.0
0.95,EX2,1241,3,0,0,0,0,82,2500.0
0.95,EX2,1242,3,0,0,0,0,82,2500.0
0.95,EX2,1243,5,0,0,0,0,82,2500.0
0.95,EX2,1244,3,0,0,0,0,82,2500.0
0.95,EX2,1290,6,0,0,0,0,86,2500.0
0.95,EX2,1291,3,0,0,0,0,86,2500.0
0.95,EX2,1292,2,0,0,0,0,86,2500.0
0.95,EX2,1293,2,0,0,0,0,86,2500.0
0.95,EX2,1294,2,0,0,0,0,86,2500.0
0.95,EX2,1295,3,0,0,0,0,86,2500.0
0.95,EX2,1296,5,0,0,0,0,86,2500.0
0.95,EX2,1297,2,0,0,0,0,86,2500.0
0.95,EX2,1298,3,0,0,0,0,86,2500.0
0.95,EX2,1299,2,0,0,0,0,86,2500.0
0.95,EX2,1300,3,0,0,0,0,86,2500.0
0.95,EX2,1301,1,0,0,0,0,86,2500.0
0.95,EX2,1302,3,0,0,0,0,86,2500.0
0.95,EX2,1303,2,0,0,0,0,86,2500.0
0.95,EX2,1304,3,0,0,0,0,86,2500.0
0.95,EX2,1350,6,0,0,0,0,90,2500.0
0.95,EX2,1351,4,0,0,0,0,90,2500.0
0.95,EX2,1352,1,0,0,0,0,90,2500.0
0.95,EX2,1353,4,0,0,0,0,90,2500.0
0.95,EX2,1354,5,0,0,0,0,90,2500.0
0.95,EX2,1355,1,1,1,0,0,90,2500.0
0.95,EX2,1356,2,0,0,0,0,90,2500.0
0.95,EX2,1357,2,0,0,0,0,90,2500.0
0.95,EX2,1358,3,0,0,0,0,90,2500.0
0.95,EX2,1359,1,0,0,0,0,90,2500.0
0.95,EX2,1360,2,0,0,0,0,90,2500.0
0.95,EX2,1361,3,0,0,0,0,90,2500.0
0.95,EX2,1362,3,0,0,0,0,90,2500.0
0.95,EX2,1363,1,0,0,0,0,90,2500.0
0.95,EX2,1364,2,0,0,0,0,90,2500.0
0.95,EX2,1515,4,0,0,0,0,101,2500.0
0.95,EX2,1516,2,0,0,0,0,101,2500.0
0.95,EX2,1517,3,0,0,0,0,101,2500.0
0.95,EX2,1518,3,0,0,0,0,101,2500.0
0.95,EX2,1519,4,0,0,0,0,101,2500.0
0.95,EX2,1520,2,0,0,0,0,101,2500.0
0.95,EX2,1521,4,0,0,0,0,101,2500.0
0.95,EX2,1522,5,0,0,0,0,101,2500.0
0.95,EX2,1523,6,0,0,0,0,101,2500.0
0.95,EX2,1524,2,0,0,0,0,101,2500.0
0.95,EX2,1525,3,0,0,0,0,101,2500.0
0.95,EX2,1526,6,0,0,0,0,101,2500.0
0.95,EX2,1527,4,0,0,0,0,101,2500.0
0.95,EX2,1528,1,0,0,0,0,101,2500.0
0.95,EX2,1529,1,0,0,0,0,101,2500.0
0.95,EX2,1620,1,0,0,0,0,108,2500.0
0.95,EX2,1621,1,0,0,0,0,108,2500.0
0.95,EX2,1622,3,0,0,0,0,108,2500.0
0.95,EX2,1623,4,0,0,0,0,108,2500.0
0.95,EX2,1624,3,0,0,0,0,108,2500.0
0.95,EX2,1625,1,0,0,0,0,108,2500.0
0.95,EX2,1626,4,0,0,0,0,108,2500.0
0.95,EX2,1627,5,0,0,0,0,108,2500.0
0.95,EX2,1628,2,0,0,0,0,108,2500.0
0.95,EX2,1629,5,0,0,0,0,108,2500.0
0.95,EX2,1630,1,0,0,0,0,108,2500.0
0.95,EX2,1631,3,0,0,0,0,108,2500.0
0.95,EX2,1632,3,0,0,0,0,108,2500.0
0.95,EX2,1633,0,0,0,0,0,108,2500.0
0.95,EX2,1634,2,0,0,0,0,108,2500.0
0.95,EX2,1635,2,1,1,0,0,109,2500.0
0.95,EX2,1636,2,0,0,0,0,109,2500.0
0.95,EX2,1637,4,1,1,0,0,109,2500.0
0.95,EX2,1638,3,0,0,0,0,109,2500.0
0.95,EX2,1639,2,0,0,0,0,109,2500.0
0.95,EX2,1640,2,0,0,0,0,109,2500.0
0.95,EX2,1641,3,0,0,0,0,109,2500.0
0.95,EX2,1642,3,0,0,0,0,109,2500.0
0.95,EX2,1643,3,0,0,0,0,109,2500.0
0.95,EX2,1644,5,0,0,0,0,109,2500.0
0.95,EX2,1645,4,1,1,0,0,109,2500.0
0.95,EX2,1646,4,0,0,0,0,109,2500.0
0.95,EX2,1647,3,0,0,0,0,109,2500.0
0.95,EX2,1648,2,0,0,0,0,109,2500.0
0.95,EX2,1649,3,0,0,0,0,109,2500.0
0.95,EX2,1650,3,0,0,0,0,110,2500.0
0.95,EX2,1651,2,0,0,0,0,110,2500.0
0.95,EX2,1652,2,0,0,0,0,110,2500.0
0.95,EX2,1653,1,0,0,0,0,110,2500.0
0.95,EX2,1654,1,0,0,0,0,110,2500.0
0.95,EX2,1655,3,0,0,0,0,110,2500.0
0.95,EX2,1656,1,0,0,0,0,110,2500.0
0.95,EX2,1657,4,0,0,0,0,110,2500.0
0.95,EX2,1658,3,0,0,0,0,110,2500.0
0.95,EX2,1659,2,0,0,0,0,110,2500.0
0.95,EX2,1660,1,0,0,0,0,110,2500.0
0.95,EX2,1661,1,0,0,0,0,110,2500.0
0.95,EX2,1662,1,0,0,0,0,110,2500.0
0.95,EX2,1663,3,0,0,0,0,110,2500.0
0.95,EX2,1664,4,0,0,0,0,110,2500.0
0.95,EX2,1770,4,1,1,0,0,118,2500.0
0.95,EX2,1771,4,0,0,0,0,118,2500.0
0.95,EX2,1772,7,0,0,0,0,118,2500.0
0.95,EX2,1773,3,0,0,0,0,118,2500.0
0.95,EX2,1774,3,0,0,0,0,118,2500.0
0.95,EX2,1775,4,0,0,0,0,118,2500.0
0.95,EX2,1776,2,0,0,0,0,118,2500.0
0.95,EX2,1777,2,1,1,0,0,118,2500.0
0.95,EX2,1778,3,0,0,0,0,118,2500.0
0.95,EX2,1779,2,0,0,0,0,118,2500.0
0.95,EX2,1780,4,0,0,0,0,118,2500.0
0.95,EX2,1781,2,0,0,0,0,118,2500.0
0.95,EX2,1782,4,0,0,0,0,118,2500.0
0.95,EX2,1783,6,0,0,0,0,118,2500.0
0.95,EX2,1784,5,0,0,0,0,118,2500.0
0.95,EX2,1800,2,0,0,0,0,120,2500.0
0.95,EX2,1801,1,0,0,0,0,120,2500.0
0.95,EX2,1802,2,0,0,0,0,120,2500.0
0.95,EX2,1803,2,0,0,0,0,120,2500.0
0.95,EX2,1804,2,0,0,0,0,120,2500.0
0.95,EX2,1805,4,0,0,0,0,120,2500.0
0.95,EX2,1806,4,0,0,0,0,120,2500.0
0.95,EX2,1807,3,0,0,0,0,120,2500.0
0.95,EX2,1808,5,0,0,0,0,120,2500.0
0.95,EX2,1809,0,0,0,0,0,120,2500.0
0.95,EX2,1810,0,0,0,0,0,120,2500.0
0.95,EX2,1811,0,0,0,0,0,120,2500.0
0.95,EX2,1812,3,0,0,0,0,120,2500.0
0.95,EX2,1813,3,0,0,0,0,120,2500.0
0.95,EX2,1814,2,0,0,0,0,120,2500.0
0.95,EX2,1965,3,1,1,0,0,131,2500.0
0.95,EX2,1966,2,0,0,0,0,131,2500.0
0.95,EX2,1967,3,0,0,0,0,131,2500.0
0.95,EX2,1968,1,0,0,0,0,131,2500.0
0.95,EX2,1969,3,0,0,0,0,131,2500.0
0.95,EX2,1970,2,0,0,0,0,131,2500.0
0.95,EX2,1971,7,0,0,0,0,131,2500.0
0.95,EX2,1972,5,0,0,0,0,131,2500.0
0.95,EX2,1973,1,0,0,0,0,131,2500.0
0.95,EX2,1974,3,0,0,0,0,131,2500.0
0.95,EX2,1975,4,0,0,0,0,131,2500.0
0.95,EX2,1976,4,0,0,0,0,131,2500.0
0.95,EX2,1977,5,0,0,0,0,131,2500.0
0.95,EX2,1978,3,0,0,0,0,131,2500.0
0.95,EX2,1979,8,0,0,0,0,131,2500.0
0.95,EX2,1980,5,0,0,0,0,132,2500.0
0.95,EX2,1981,4,0,0,0,0,132,2500.0
0.95,EX2,1982,2,0,0,0,0,132,2500.0
0.95,EX2,1983,3,0,0,0,0,132,2500.0
0.95,EX2,1984,0,0,0,0,0,132,2500.0
0.95,EX2,1985,1,0,0,0,0,132,2500.0
0.95,EX2,1986,1,0,0,0,0,132,2500.0
0.95,EX2,1987,2,0,0,0,0,132,2500.0
0.95,EX2,1988,2,0,0,0,0,132,2500.0
0.95,EX2,1989,3,0,0,0,0,132,2500.0
0.95,EX2,1990,5,0,0,0,0,132,2500.0
0.95,EX2,1991,4,0,0,0,0,132,2500.0
0.95,EX2,1992,0,0,0,0,0,132,2500.0
0.95,EX2,1993,2,0,0,0,0,132,2500.0
0.95,EX2,1994,3,0,0,0,0,132,2500.0
0.95,EX2,1995,3,0,0,0,0,133,2500.0
0.95,EX2,1996,0,0,0,0,0,133,2500.0
0.95,EX2,1997,2,0,0,0,0,133,2500.0
0.95,EX2,1998,2,0,0,0,0,133,2500.0
0.95,EX2,1999,2,0,0,0,0,133,2500.0
0.95,EX2,2000,4,0,0,0,0,133,2500.0
0.95,EX2,2001,4,0,0,0,0,133,2500.0
0.95,EX2,2002,2,0,0,0,0,133,2500.0
0.95,EX2,2003,4,0,0,0,0,133,2500.0
0.95,EX2,2004,3,0,0,0,0,133,2500.0
0.95,EX2,2005,2,0,0,0,0,133,2500.0
0.95,EX2,2006,1,0,0,0,0,133,2500.0
0.95,EX2,2007,2,0,0,0,0,133,2500.0
0.95,EX2,2008,2,0,0,0,0,133,2500.0
0.95,EX2,2009,12,0,0,0,0,133,2500.0
0.95,EX2,2025,2,0,0,0,0,135,2500.0
0.95,EX2,2026,2,0,0,0,0,135,2500.0
0.95,EX2,2027,2,0,0,0,0,135,2500.0
0.95,EX2,2028,7,0,0,0,0,135,2500.0
0.95,EX2,2029,3,0,0,0,0,135,2500.0
0.95,EX2,2030,1,0,0,0,0,135,2500.0
0.95,EX2,2031,3,0,0,0,0,135,2500.0
0.95,EX2,2032,7,0,0,0,0,135,2500.0
0.95,EX2,2033,3,0,0,0,0,135,2500.0
0.95,EX2,2034,4,0,0,0,0,135,2500.0
0.95,EX2,2035,5,0,0,0,0,135,2500.0
0.95,EX2,2036,2,0,0,0,0,135,2500.0
0.95,EX2,2037,4,0,0,0,0,135,2500.0
0.95,EX2,2038,3,0,0,0,0,135,2500.0
0.95,EX2,2039,7,1,1,0,0,135,2500.0
0.95,EX2,2040,2,0,0,0,0,136,2500.0
0.95,EX2,2041,3,1,1,0,0,136,2500.0
0.95,EX2,2042,2,0,0,0,0,136,2500.0
0.95,EX2,2043,1,0,0,0,0,136,2500.0
0.95,EX2,2044,4,0,0,0,0,136,2500.0
0.95,EX2,2045,2,0,0,0,0,136,2500.0
0.95,EX2,2046,3,0,0,0,0,136,2500.0
0.95,EX2,2047,3,0,0,0,0,136,2500.0
0.95,EX2,2048,2,0,0,0,0,136,2500.0
0.95,EX2,2049,2,0,0,0,0,136,2500.0
0.95,EX2,2050,4,0,0,0,0,136,2500.0
0.95,EX2,2051,4,0,0,0,0,136,2500.0
0.95,EX2,2052,1,0,0,0,0,136,2500.0
0.95,EX2,2053,8,0,0,0,0,136,2500.0
0.95,EX2,2054,3,0,0,0,0,136,2500.0
0.95,EX2,2220,3,0,0,0,0,148,2500.0
0.95,EX2,2221,3,1,1,0,0,148,2500.0
0.95,EX2,2222,7,0,0,0,0,148,2500.0
0.95,EX2,2223,1,0,0,0,0,148,2500.0
0.95,EX2,2224,5,0,0,0,0,148,2500.0
0.95,EX2,2225,3,0,0,0,0,148,2500.0
0.95,EX2,2226,3,0,0,0,0,148,2500.0
0.95,EX2,2227,3,0,0,0,0,148,2500.0
0.95,EX2,2228,3,0,0,0,0,148,2500.0
0.95,EX2,2229,3,0,0,0,0,148,2500.0
0.95,EX2,2230,4,0,0,0,0,148,2500.0
0.95,EX2,2231,2,0,0,0,0,148,2500.0
0.95,EX2,2232,4,0,0,0,0,148,2500.0
0.95,EX2,2233,5,0,0,0,0,148,2500.0
0.95,EX2,2234,2,0,0,0,0,148,2500.0
0.95,EX2,2325,4,0,0,0,0,155,2500.0
0.95,EX2,2326,2,1,1,0,0,155,2500.0
0.95,EX2,2327,2,0,0,0,0,155,2500.0
0.95,EX2,2328,4,0,0,0,0,155,2500.0
0.95,EX2,2329,3,1,0,1,0,155,2500.0
0.95,EX2,2330,5,0,0,0,0,155,2500.0
0.95,EX2,2331,1,0,0,0,0,155,2500.0
0.95,EX2,2332,1,0,0,0,0,155,2500.0
0.95,EX2,2333,5,0,0,0,0,155,2500.0
0.95,EX2,2334,0,0,0,0,0,155,2500.0
0.95,EX2,2335,2,0,0,0,0,155,2500.0
0.95,EX2,2336,1,0,0,0,0,155,2500.0
0.95,EX2,2337,3,1,1,0,0,155,2500.0
0.95,EX2,2338,3,0,0,0,0,155,2500.0
0.95,EX2,2339,5,0,0,0,0,155,2500.0
0.95,EX2,2370,2,0,0,0,0,158,2500.0
0.95,EX2,2371,6,0,0,0,0,158,2500.0
0.95,EX2,2372,3,0,0,0,0,158,2500.0
0.95,EX2,2373,1,0,0,0,0,158,2500.0
0.95,EX2,2374,2,0,0,0,0,158,2500.0
0.95,EX2,2375,6,0,0,0,0,158,2500.0
0.95,EX2,2376,1,0,0,0,0,158,2500.0
0.95,EX2,2377,7,0,0,0,0,158,2500.0
0.95,EX2,2378,3,0,0,0,0,158,2500.0
0.95,EX2,2379,2,0,0,0,0,158,2500.0
0.95,EX2,2380,5,0,0,0,0,158,2500.0
0.95,EX2,2381,2,0,0,0,0,158,2500.0
0.95,EX2,2382,2,0,0,0,0,158,2500.0
0.95,EX2,2383,5,0,0,0,0,158,2500.0
0.95,EX2,2384,5,0,0,0,0,158,2500.0
0.95,EX2,2460,2,0,0,0,0,164,2500.0
0.95,EX2,2461,2,0,0,0,0,164,2500.0
0.95,EX2,2462,4,0,0,0,0,164,2500.0
0.95,EX2,2463,3,1,1,0,0,164,2500.0
0.95,EX2,2464,1,0,0,0,0,164,2500.0
0.95,EX2,2465,2,0,0,0,0,164,2500.0
0.95,EX2,2466,2,0,0,0,0,164,2500.0
0.95,EX2,2467,2,0,0,0,0,164,2500.0
0.95,EX2,2468,4,0,0,0,0,164,2500.0
0.95,EX2,2469,5,0,0,0,0,164,2500.0
0.95,EX2,2470,2,0,0,0,0,164,2500.0
0.95,EX2,2471,2,0,0,0,0,164,2500.0
0.95,EX2,2472,3,0,0,0,0,164,2500.0
0.95,EX2,2473,2,0,0,0,0,164,2500.0
0.95,EX2,2474,2,1,1,0,0,164,2500.0
0.95,EX2,2475,2,0,0,0,0,165,2500.0
0.95,EX2,2476,1,0,0,0,0,165,2500.0
0.95,EX2,2477,2,0,0,0,0,165,2500.0
0.95,EX2,2478,3,0,0,0,0,165,2500.0
0.95,EX2,2479,7,1,1,0,0,165,2500.0
0.95,EX2,2480,5,1,1,0,0,165,2500.0
0.95,EX2,2481,2,0,0,0,0,165,2500.0
0.95,EX2,2482,2,0,0,0,0,165,2500.0
0.95,EX2,2483,5,0,0,0,0,165,2500.0
0.95,EX2,2484,7,2,2,0,0,165,2500.0
0.95,EX2,2485,1,0,0,0,0,165,2500.0
0.95,EX2,2486,4,0,0,0,0,165,2500.0
0.95,EX2,2487,3,0,0,0,0,165,2500.0
0.95,EX2,2488,5,0,0,0,0,165,2500.0
0.95,EX2,2489,3,0,0,0,0,165,2500.0
0.95,EX2,2640,3,0,0,0,0,176,2500.0
0.95,EX2,2641,4,0,0,0,0,176,2500.0
0.95,EX2,2642,3,0,0,0,0,176,2500.0
0.95,EX2,2643,4,0,0,0,0,176,2500.0
0.95,EX2,2644,4,0,0,0,0,176,2500.0
0.95,EX2,2645,5,0,0,0,0,176,2500.0
0.95,EX2,2646,5,0,0,0,0,176,2500.0
0.95,EX2,2647,5,1,1,0,0,176,2500.0
0.95,EX2,2648,6,0,0,0,0,176,2500.0
0.95,EX2,2649,4,0,0,0,0,176,2500.0
0.95,EX2,2650,3,0,0,0,0,176,2500.0
0.95,EX2,2651,6,0,0,0,0,176,2500.0
0.95,EX2,2652,4,0,0,0,0,176,2500.0
0.95,EX2,2653,2,0,0,0,0,176,2500.0
0.95,EX2,2654,2,0,0,0,0,176,2500.0
0.95,EX2,2715,6,0,0,0,0,181,2500.0
0.95,EX2,2716,3,0,0,0,0,181,2500.0
0.95,EX2,2717,3,0,0,0,0,181,2500.0
0.95,EX2,2718,7,0,0,0,0,181,2500.0
0.95,EX2,2719,4,0,0,0,0,181,2500.0
0.95,EX2,2720,6,0,0,0,0,181,2500.0
0.95,EX2,2721,2,0,0,0,0,181,2500.0
0.95,EX2,2722,3,0,0,0,0,181,2500.0
0.95,EX2,2723,1,0,0,0,0,181,2500.0
0.95,EX2,2724,2,0,0,0,0,181,2500.0
0.95,EX2,2725,2,0,0,0,0,181,2500.0
0.95,EX2,2726,2,0,0,0,0,181,2500.0
0.95,EX2,2727,5,0,0,0,0,181,2500.0
0.95,EX2,2728,2,0,0,0,0,181,2500.0
0.95,EX2,2729,2,0,0,0,0,181,2500.0
0.95,EX2,2730,2,0,0,0,0,182,2500.0
0.95,EX2,2731,3,0,0,0,0,182,2500.0
0.95,EX2,2732,7,0,0,0,0,182,2500.0
0.95,EX2,2733,2,0,0,0,0,182,2500.0
0.95,EX2,2734,2,0,0,0,0,182,2500.0
0.95,EX2,2735,1,0,0,0,0,182,2500.0
0.95,EX2,2736,2,0,0,0,0,182,2500.0
0.95,EX2,2737,3,0,0,0,0,182,2500.0
0.95,EX2,2738,4,0,0,0,0,182,2500.0
0.95,EX2,2739,2,0,0,0,0,182,2500.0
0.95,EX2,2740,3,0,0,0,0,182,2500.0
0.95,EX2,2741,6,1,1,0,0,182,2500.0
0.95,EX2,2742,1,0,0,0,0,182,2500.0
0.95,EX2,2743,3,0,0,0,0,182,2500.0
0.95,EX2,2744,1,0,0,0,0,182,2500.0
0.95,EX2,2880,3,0,0,0,0,192,2500.0
0.95,EX2,2881,4,0,0,0,0,192,2500.0
0.95,EX2,2882,2,0,0,0,0,192,2500.0
0.95,EX2,2883,3,0,0,0,0,192,2500.0
0.95,EX2,2884,3,0,0,0,0,192,2500.0
0.95,EX2,2885,1,0,0,0,0,192,2500.0
0.95,EX2,2886,2,0,0,0,0,192,2500.0
0.95,EX2,2887,2,0,0,0,0,192,2500.0
0.95,EX2,2888,3,0,0,0,0,192,2500.0
0.95,EX2,2889,1,0,0,0,0,192,2500.0
0.95,EX2,2890,6,1,1,0,0,192,2500.0
0.95,EX2,2891,5,0,0,0,0,192,2500.0
0.95,EX2,2892,2,0,0,0,0,192,2500.0
0.95,EX2,2893,3,0,0,0,0,192,2500.0
0.95,EX2,2894,2,0,0,0,0,192,2500.0
0.95,EX2,2985,7,0,0,0,0,199,2500.0
0.95,EX2,2986,2,0,0,0,0,199,2500.0
0.95,EX2,2987,3,0,0,0,0,199,2500.0
0.95,EX2,2988,4,0,0,0,0,199,2500.0
0.95,EX2,2989,2,0,0,0,0,199,2500.0
0.95,EX2,2990,3,0,0,0,0,199,2500.0
0.95,EX2,2991,3,0,0,0,0,199,2500.0
0.95,EX2,2992,2,0,0,0,0,199,2500.0
0.95,EX2,2993,3,0,0,0,0,199,2500.0
0.95,EX2,2994,2,0,0,0,0,199,2500.0
0.95,EX2,2995,3,0,0,0,0,199,2500.0
0.95,EX2,2996,3,0,0,0,0,199,2500.0
0.95,EX2,2997,1,1,1,0,0,199,2500.0
0.95,EX2,2998,3,0,0,0,0,199,2500.0
0.95,EX2,2999,5,0,0,0,0,199,2500.0
0.95,EX2,3060,3,1,1,0,0,204,2500.0
0.95,EX2,3061,3,0,0,0,0,204,2500.0
0.95,EX2,3062,4,0,0,0,0,204,2500.0
0.95,EX2,3063,3,1,1,0,0,204,2500.0
0.95,EX2,3064,2,0,0,0,0,204,2500.0
0.95,EX2,3065,3,0,0,0,0,204,2500.0
0.95,EX2,3066,2,0,0,0,0,204,2500.0
0.95,EX2,3067,4,0,0,0,0,204,2500.0
0.95,EX2,3068,2,0,0,0,0,204,2500.0
0.95,EX2,3069,3,0,0,0,0,204,2500.0
0.95,EX2,3070,4,0,0,0,0,204,2500.0
0.95,EX2,3071,5,0,0,0,0,204,2500.0
0.95,EX2,3072,6,0,0,0,0,204,2500.0
0.95,EX2,3073,3,0,0,0,0,204,2500.0
0.95,EX2,3074,4,0,0,0,0,204,2500.0
0.95,EX2,3135,3,0,0,0,0,209,2500.0
0.95,EX2,3136,4,0,0,0,0,209,2500.0
0.95,EX2,3137,3,0,0,0,0,209,2500.0
0.95,EX2,3138,3,0,0,0,0,209,2500.0
0.95,EX2,3139,6,0,0,0,0,209,2500.0
0.95,EX2,3140,7,0,0,0,0,209,2500.0
0.95,EX2,3141,5,0,0,0,0,209,2500.0
0.95,EX2,3142,2,0,0,0,0,209,2500.0
0.95,EX2,3143,3,0,0,0,0,209,2500.0
0.95,EX2,3144,5,0,0,0,0,209,2500.0
0.95,EX2,3145,5,0,0,0,0,209,2500.0
0.95,EX2,3146,2,1,1,0,0,209,2500.0
0.95,EX2,3147,5,0,0,0,0,209,2500.0
0.95,EX2,3148,3,0,0,0,0,209,2500.0
0.95,EX2,3149,0,0,0,0,0,209,2500.0
0.95,EX2,3150,4,0,0,0,0,210,2500.0
0.95,EX2,3151,3,0,0,0,0,210,2500.0
0.95,EX2,3152,2,0,0,0,0,210,2500.0
0.95,EX2,3153,4,0,0,0,0,210,2500.0
0.95,EX2,3154,5,0,0,0,0,210,2500.0
0.95,EX2,3155,4,0,0,0,0,210,2500.0
0.95,EX2,3156,2,0,0,0,0,210,2500.0
0.95,EX2,3157,3,0,0,0,0,210,2500.0
0.95,EX2,3158,2,0,0,0,0,210,2500.0
0.95,EX2,3159,2,0,0,0,0,210,2500.0
0.95,EX2,3160,8,0,0,0,0,210,2500.0
0.95,EX2,3161,3,0,0,0,0,210,2500.0
0.95,EX2,3162,3,0,0,0,0,210,2500.0
0.95,EX2,3163,5,0,0,0,0,210,2500.0
0.95,EX2,3164,1,0,0,0,0,210,2500.0
0.95,EX2,3165,4,0,0,0,0,211,2500.0
0.95,EX2,3166,1,0,0,0,0,211,2500.0
0.95,EX2,3167,4,0,0,0,0,211,2500.0
0.95,EX2,3168,1,0,0,0,0,211,2500.0
0.95,EX2,3169,4,0,0,0,0,211,2500.0
0.95,EX2,3170,5,0,0,0,0,211,2500.0
0.95,EX2,3171,5,0,0,0,0,211,2500.0
0.95,EX2,3172,5,0,0,0,0,211,2500.0
0.95,EX2,3173,2,0,0,0,0,211,2500.0
0.95,EX2,3174,2,0,0,0,0,211,2500.0
0.95,EX2,3175,3,0,0,0,0,211,2500.0
0.95,EX2,3176,2,0,0,0,0,211,2500.0
0.95,EX2,3177,5,0,0,0,0,211,2500.0
0.95,EX2,3178,3,0,0,0,0,211,2500.0
0.95,EX2,3179,1,1,1,0,0,211,2500.0
0.95,EX2,3195,5,0,0,0,0,213,2500.0
0.95,EX2,3196,3,0,0,0,0,213,2500.0
0.95,EX2,3197,3,0,0,0,0,213,2500.0
0.95,EX2,3198,4,0,0,0,0,213,2500.0
0.95,EX2,3199,9,0,0,0,0,213,2500.0
0.95,EX2,3200,3,0,0,0,0,213,2500.0
0.95,EX2,3201,1,0,0,0,0,213,2500.0
0.95,EX2,3202,2,1,1,0,0,213,2500.0
0.95,EX2,3203,2,0,0,0,0,213,2500.0
0.95,EX2,3204,1,0,0,0,0,213,2500.0
0.95,EX2,3205,6,0,0,0,0,213,2500.0
0.95,EX2,3206,3,0,0,0,0,213,2500.0
0.95,EX2,3207,1,0,0,0,0,213,2500.0
0.95,EX2,3208,2,0,0,0,0,213,2500.0
0.95,EX2,3209,3,0,0,0,0,213,2500.0
0.95,EX2,3270,2,0,0,0,0,218,2500.0
0.95,EX2,3271,6,0,0,0,0,218,2500.0
0.95,EX2,3272,3,0,0,0,0,218,2500.0
0.95,EX2,3273,3,0,0,0,0,218,2500.0
0.95,EX2,3274,7,0,0,0,0,218,2500.0
0.95,EX2,3275,1,0,0,0,0,218,2500.0
0.95,EX2,3276,7,0,0,0,0,218,2500.0
0.95,EX2,3277,1,0,0,0,0,218,2500.0
0.95,EX2,3278,3,0,0,0,0,218,2500.0
0.95,EX2,3279,1,0,0,0,0,218,2500.0
0.95,EX2,3280,4,0,0,0,0,218,2500.0
0.95,EX2,3281,1,0,0,0,0,218,2500.0
0.95,EX2,3282,3,1,0,1,0,218,2500.0
0.95,EX2,3283,2,0,0,0,0,218,2500.0
0.95,EX2,3284,2,1,1,0,0,218,2500.0
0.95,EX2,3300,4,0,0,0,0,220,2500.0
0.95,EX2,3301,2,0,0,0,0,220,2500.0
0.95,EX2,3302,2,0,0,0,0,220,2500.0
0.95,EX2,3303,4,0,0,0,0,220,2500.0
0.95,EX2,3304,1,0,0,0,0,220,2500.0
0.95,EX2,3305,4,1,1,0,0,220,2500.0
0.95,EX2,3306,2,0,0,0,0,220,2500.0
0.95,EX2,3307,3,0,0,0,0,220,2500.0
0.95,EX2,3308,7,0,0,0,0,220,2500.0
0.95,EX2,3309,1,0,0,0,0,220,2500.0
0.95,EX2,3310,1,0,0,0,0,220,2500.0
0.95,EX2,3311,8,0,0,0,0,220,2500.0
0.95,EX2,3312,1,0,0,0,0,220,2500.0
0.95,EX2,3313,4,0,0,0,0,220,2500.0
0.95,EX2,3314,1,0,0,0,0,220,2500.0
0.95,EX2,3405,3,0,0,0,0,227,2500.0
0.95,EX2,3406,7,0,0,0,0,227,2500.0
0.95,EX2,3407,3,0,0,0,0,227,2500.0
0.95,EX2,3408,0,0,0,0,0,227,2500.0
0.95,EX2,3409,2,0,0,0,0,227,2500.0
0.95,EX2,3410,2,0,0,0,0,227,2500.0
0.95,EX2,3411,2,0,0,0,0,227,2500.0
0.95,EX2,3412,4,0,0,0,0,227,2500.0
0.95,EX2,3413,3,0,0,0,0,227,2500.0
0.95,EX2,3414,2,0,0,0,0,227,2500.0
0.95,EX2,3415,3,0,0,0,0,227,2500.0
0.95,EX2,3416,3,0,0,0,0,227,2500.0
0.95,EX2,3417,6,0,0,0,0,227,2500.0
0.95,EX2,3418,2,0,0,0,0,227,2500.0
0.95,EX2,3419,4,0,0,0,0,227,2500.0
0.95,EX2,3525,2,0,0,0,0,235,2500.0
0.95,EX2,3526,2,0,0,0,0,235,2500.0
0.95,EX2,3527,5,0,0,0,0,235,2500.0
0.95,EX2,3528,3,0,0,0,0,235,2500.0
0.95,EX2,3529,3,0,0,0,0,235,2500.0
0.95,EX2,3530,3,0,0,0,0,235,2500.0
0.95,EX2,3531,5,0,0,0,0,235,2500.0
0.95,EX2,3532,2,0,0,0,0,235,2500.0
0.95,EX2,3533,1,0,0,0,0,235,2500.0
0.95,EX2,3534,3,0,0,0,0,235,2500.0
0.95,EX2,3535,3,1,1,0,0,235,2500.0
0.95,EX2,3536,5,0,0,0,0,235,2500.0
0.95,EX2,3537,3,0,0,0,0,235,2500.0
0.95,EX2,3538,4,0,0,0,0,235,2500.0
0.95,EX2,3539,6,0,0,0,0,235,2500.0
0.95,EX2,3660,5,1,1,0,0,244,2500.0
0.95,EX2,3661,9,0,0,0,0,244,2500.0
0.95,EX2,3662,4,0,0,0,0,244,2500.0
0.95,EX2,3663,2,0,0,0,0,244,2500.0
0.95,EX2,3664,2,0,0,0,0,244,2500.0
0.95,EX2,3665,2,1,1,0,0,244,2500.0
0.95,EX2,3666,3,0,0,0,0,244,2500.0
0.95,EX2,3667,3,0,0,0,0,244,2500.0
0.95,EX2,3668,3,0,0,0,0,244,2500.0
0.95,EX2,3669,3,0,0,0,0,244,2500.0
0.95,EX2,3670,4,1,1,0,0,244,2500.0
0.95,EX2,3671,2,0,0,0,0,244,2500.0
0.95,EX2,3672,2,0,0,0,0,244,2500.0
0.95,EX2,3673,2,0,0,0,0,244,2500.0
0.95,EX2,3674,2,0,0,0,0,244,2500.0
0.95,EX2,3735,3,0,0,0,0,249,2500.0
0.95,EX2,3736,5,0,0,0,0,249,2500.0
0.95,EX2,3737,0,0,0,0,0,249,2500.0
0.95,EX2,3738,3,0,0,0,0,249,2500.0
0.95,EX2,3739,4,0,0,0,0,249,2500.0
0.95,EX2,3740,5,0,0,0,0,249,2500.0
0.95,EX2,3741,4,0,0,0,0,249,2500.0
0.95,EX2,3742,2,0,0,0,0,249,2500.0
0.95,EX2,3743,2,0,0,0,0,249,2500.0
0.95,EX2,3744,1,0,0,0,0,249,2500.0
0.95,EX2,3745,5,0,0,0,0,249,2500.0
0.95,EX2,3746,3,0,0,0,0,249,2500.0
0.95,EX2,3747,1,0,0,0,0,249,2500.0
0.95,EX2,3748,3,0,0,0,0,249,2500.0
0.95,EX2,3749,2,0,0,0,0,249,2500.0
0.95,EX2,3750,5,0,0,0,0,250,2500.0
0.95,EX2,3751,5,1,1,0,0,250,2500.0
0.95,EX2,3752,1,0,0,0,0,250,2500.0
0.95,EX2,3753,3,0,0,0,0,250,2500.0
0.95,EX2,3754,3,0,0,0,0,250,2500.0
0.95,EX2,3755,6,2,2,0,0,250,2500.0
0.95,EX2,3756,6,0,0,0,0,250,2500.0
0.95,EX2,3757,5,0,0,0,0,250,2500.0
0.95,EX2,3758,3,0,0,0,0,250,2500.0
0.95,EX2,3759,3,0,0,0,0,250,2500.0
0.95,EX2,3760,6,0,0,0,0,250,2500.0
0.95,EX2,3761,2,0,0,0,0,250,2500.0
0.95,EX2,3762,2,0,0,0,0,250,2500.0
0.95,EX2,3763,5,0,0,0,0,250,2500.0
0.95,EX2,3764,1,0,0,0,0,250,2500.0
0.95,EX2,3840,2,0,0,0,0,256,2500.0
0.95,EX2,3841,1,0,0,0,0,256,2500.0
0.95,EX2,3842,1,0,0,0,0,256,2500.0
0.95,EX2,3843,2,0,0,0,0,256,2500.0
0.95,EX2,3844,3,0,0,0,0,256,2500.0
0.95,EX2,3845,4,0,0,0,0,256,2500.0
0.95,EX2,3846,3,0,0,0,0,256,2500.0
0.95,EX2,3847,3,0,0,0,0,256,2500.0
0.95,EX2,3848,3,0,0,0,0,256,2500.0
0.95,EX2,3849,3,0,0,0,0,256,2500.0
0.95,EX2,3850,6,0,0,0,0,256,2500.0
0.95,EX2,3851,1,0,0,0,0,256,2500.0
0.95,EX2,3852,2,0,0,0,0,256,2500.0
0.95,EX2,3853,3,0,0,0,0,256,2500.0
0.95,EX2,3854,5,0,0,0,0,256,2500.0
0.95,EX2,3900,3,0,0,0,0,260,2500.0
0.95,EX2,3901,1,0,0,0,0,260,2500.0
0.95,EX2,3902,3,0,0,0,0,260,2500.0
0.95,EX2,3903,4,0,0,0,0,260,2500.0
0.95,EX2,3904,2,1,1,0,0,260,2500.0
0.95,EX2,3905,3,0,0,0,0,260,2500.0
0.95,EX2,3906,1,0,0,0,0,260,2500.0
0.95,EX2,3907,1,0,0,0,0,260,2500.0
0.95,EX2,3908,4,0,0,0,0,260,2500.0
0.95,EX2,3909,1,0,0,0,0,260,2500.0
0.95,EX2,3910,5,0,0,0,0,260,2500.0
0.95,EX2,3911,5,0,0,0,0,260,2500.0
0.95,EX2,3912,3,0,0,0,0,260,2500.0
0.95,EX2,3913,7,0,0,0,0,260,2500.0
0.95,EX2,3914,7,0,0,0,0,260,2500.0
0.95,EX2,4065,3,0,0,0,0,271,2500.0
0.95,EX2,4066,6,1,1,0,0,271,2500.0
0.95,EX2,4067,2,0,0,0,0,271,2500.0
0.95,EX2,4068,4,0,0,0,0,271,2500.0
0.95,EX2,4069,6,0,0,0,0,271,2500.0
0.95,EX2,4070,2,0,0,0,0,271,2500.0
0.95,EX2,4071,1,0,0,0,0,271,2500.0
0.95,EX2,4072,8,1,1,0,0,271,2500.0
0.95,EX2,4073,1,0,0,0,0,271,2500.0
0.95,EX2,4074,4,1,1,0,0,271,2500.0
0.95,EX2,4075,2,0,0,0,0,271,2500.0
0.95,EX2,4076,2,0,0,0,0,271,2500.0
0.95,EX2,4077,2,0,0,0,0,271,2500.0
0.95,EX2,4078,2,0,0,0,0,271,2500.0
0.95,EX2,4079,2,0,0,0,0,271,2500.0
0.95,EX2,4215,4,0,0,0,0,281,2500.0
0.95,EX2,4216,7,0,0,0,0,281,2500.0
0.95,EX2,4217,4,0,0,0,0,281,2500.0
0.95,EX2,4218,3,0,0,0,0,281,2500.0
0.95,EX2,4219,3,0,0,0,0,281,2500.0
0.95,EX2,4220,5,0,0,0,0,281,2500.0
0.95,EX2,4221,1,0,0,0,0,281,2500.0
0.95,EX2,4222,3,1,1,0,0,281,2500.0
0.95,EX2,4223,2,0,0,0,0,281,2500.0
0.95,EX2,4224,4,0,0,0,0,281,2500.0
0.95,EX2,4225,2,1,1,0,0,281,2500.0
0.95,EX2,4226,3,0,0,0,0,281,2500.0
0.95,EX2,4227,3,0,0,0,0,281,2500.0
0.95,EX2,4228,4,0,0,0,0,281,2500.0
0.95,EX2,4229,2,0,0,0,0,281,2500.0
0.95,EX2,4260,3,0,0,0,0,284,2500.0
0.95,EX2,4261,3,0,0,0,0,284,2500.0
0.95,EX2,4262,7,0,0,0,0,284,2500.0
0.95,EX2,4263,1,0,0,0,0,284,2500.0
0.95,EX2,4264,5,0,0,0,0,284,2500.0
0.95,EX2,4265,5,0,0,0,0,284,2500.0
0.95,EX2,4266,3,0,0,0,0,284,2500.0
0.95,EX2,4267,1,0,0,0,0,284,2500.0
0.95,EX2,4268,1,0,0,0,0,284,2500.0
0.95,EX2,4269,4,0,0,0,0,284,2500.0
0.95,EX2,4270,2,0,0,0,0,284,2500.0
0.95,EX2,4271,2,0,0,0,0,284,2500.0
0.95,EX2,4272,5,0,0,0,0,284,2500.0
0.95,EX2,4273,4,0,0,0,0,284,2500.0
0.95,EX2,4274,1,0,0,0,0,284,2500.0
0.95,EX2,4290,3,0,0,0,0,286,2500.0
0.95,EX2,4291,3,0,0,0,0,286,2500.0
0.95,EX2,4292,5,0,0,0,0,286,2500.0
0.95,EX2,4293,4,0,0,0,0,286,2500.0
0.95,EX2,4294,1,0,0,0,0,286,2500.0
0.95,EX2,4295,1,0,0,0,0,286,2500.0
0.95,EX2,4296,2,1,1,0,0,286,2500.0
0.95,EX2,4297,7,0,0,0,0,286,2500.0
0.95,EX2,4298,6,0,0,0,0,286,2500.0
0.95,EX2,4299,1,0,0,0,0,286,2500.0
0.95,EX2,4300,5,1,1,0,0,286,2500.0
0.95,EX2,4301,3,0,0,0,0,286,2500.0
0.95,EX2,4302,3,0,0,0,0,286,2500.0
0.95,EX2,4303,1,0,0,0,0,286,2500.0
0.95,EX2,4304,3,0,0,0,0,286,2500.0
0.95,EX2,4365,4,0,0,0,0,291,2500.0
0.95,EX2,4366,2,0,0,0,0,291,2500.0
0.95,EX2,4367,3,0,0,0,0,291,2500.0
0.95,EX2,4368,0,0,0,0,0,291,2500.0
0.95,EX2,4369,2,0,0,0,0,291,2500.0
0.95,EX2,4370,3,0,0,0,0,291,2500.0
0.95,EX2,4371,3,0,0,0,0,291,2500.0
0.95,EX2,4372,3,0,0,0,0,291,2500.0
0.95,EX2,4373,5,5,5,0,0,291,2500.0
0.95,EX2,4374,4,0,0,0,0,291,2500.0
0.95,EX2,4375,3,0,0,0,0,291,2500.0
0.95,EX2,4376,7,0,0,0,0,291,2500.0
0.95,EX2,4377,2,0,0,0,0,291,2500.0
0.95,EX2,4378,1,0,0,0,0,291,2500.0
0.95,EX2,4379,3,0,0,0,0,291,2500.0
0.95,EX2,4380,2,0,0,0,0,292,2500.0
0.95,EX2,4381,1,0,0,0,0,292,2500.0
0.95,EX2,4382,4,0,0,0,0,292,2500.0
0.95,EX2,4383,6,0,0,0,0,292,2500.0
0.95,EX2,4384,1,0,0,0,0,292,2500.0
0.95,EX2,4385,8,0,0,0,0,292,2500.0
0.95,EX2,4386,2,0,0,0,0,292,2500.0
0.95,EX2,4387,3,0,0,0,0,292,2500.0
0.95,EX2,4388,4,0,0,0,0,292,2500.0
0.95,EX2,4389,4,0,0,0,0,292,2500.0
0.95,EX2,4390,1,0,0,0,0,292,2500.0
0.95,EX2,4391,2,0,0,0,0,292,2500.0
0.95,EX2,4392,2,0,0,0,0,292,2500.0
0.95,EX2,4393,8,0,0,0,0,292,2500.0
0.95,EX2,4394,3,0,0,0,0,292,2500.0
0.95,EX2,4440,2,0,0,0,0,296,2500.0
0.95,EX2,4441,3,0,0,0,0,296,2500.0
0.95,EX2,4442,4,0,0,0,0,296,2500.0
0.95,EX2,4443,2,0,0,0,0,296,2500.0
0.95,EX2,4444,4,0,0,0,0,296,2500.0
0.95,EX2,4445,1,0,0,0,0,296,2500.0
0.95,EX2,4446,4,0,0,0,0,296,2500.0
0.95,EX2,4447,2,0,0,0,0,296,2500.0
0.95,EX2,4448,3,0,0,0,0,296,2500.0
0.95,EX2,4449,1,0,0,0,0,296,2500.0
0.95,EX2,4450,5,0,0,0,0,296,2500.0
0.95,EX2,4451,6,0,0,0,0,296,2500.0
0.95,EX2,4452,2,0,0,0,0,296,2500.0
0.95,EX2,4453,1,0,0,0,0,296,2500.0
0.95,EX2,4454,2,0,0,0,0,296,2500.0
0.95,EX2,4530,1,0,0,0,0,302,2500.0
0.95,EX2,4531,7,1,0,1,0,302,2500.0
0.95,EX2,4532,3,0,0,0,0,302,2500.0
0.95,EX2,4533,3,1,1,0,0,302,2500.0
0.95,EX2,4534,7,0,0,0,0,302,2500.0
0.95,EX2,4535,4,0,0,0,0,302,2500.0
0.95,EX2,4536,3,0,0,0,0,302,2500.0
0.95,EX2,4537,5,0,0,0,0,302,2500.0
0.95,EX2,4538,3,0,0,0,0,302,2500.0
0.95,EX2,4539,2,0,0,0,0,302,2500.0
0.95,EX2,4540,5,0,0,0,0,302,2500.0
0.95,EX2,4541,5,0,0,0,0,302,2500.0
0.95,EX2,4542,3,0,0,0,0,302,2500.0
0.95,EX2,4543,3,0,0,0,0,302,2500.0
0.95,EX2,4544,8,0,0,0,0,302,2500.0
0.95,EX2,4560,2,0,0,0,0,304,2500.0
0.95,EX2,4561,4,0,0,0,0,304,2500.0
0.95,EX2,4562,6,0,0,0,0,304,2500.0
0.95,EX2,4563,4,0,0,0,0,304,2500.0
0.95,EX2,4564,2,0,0,0,0,304,2500.0
0.95,EX2,4565,4,0,0,0,0,304,2500.0
0.95,EX2,4566,2,0,0,0,0,304,2500.0
0.95,EX2,4567,3,0,0,0,0,304,2500.0
0.95,EX2,4568,3,0,0,0,0,304,2500.0
0.95,EX2,4569,2,0,0,0,0,304,2500.0
0.95,EX2,4570,3,0,0,0,0,304,2500.0
0.95,EX2,4571,2,0,0,0,0,304,2500.0
0.95,EX2,4572,2,0,0,0,0,304,2500.0
0.95,EX2,4573,3,0,0,0,0,304,2500.0
0.95,EX2,4574,3,0,0,0,0,304,2500.0
0.95,EX2,4650,3,0,0,0,0,310,2500.0
0.95,EX2,4651,2,0,0,0,0,310,2500.0
0.95,EX2,4652,1,0,0,0,0,310,2500.0
0.95,EX2,4653,1,0,0,0,0,310,2500.0
0.95,EX2,4654,3,0,0,0,0,310,2500.0
0.95,EX2,4655,5,0,0,0,0,310,2500.0
0.95,EX2,4656,2,0,0,0,0,310,2500.0
0.95,EX2,4657,2,0,0,0,0,310,2500.0
0.95,EX2,4658,3,0,0,0,0,310,2500.0
0.95,EX2,4659,3,0,0,0,0,310,2500.0
0.95,EX2,4660,1,0,0,0,0,310,2500.0
0.95,EX2,4661,3,0,0,0,0,310,2500.0
0.95,EX2,4662,5,0,0,0,0,310,2500.0
0.95,EX2,4663,0,0,0,0,0,310,2500.0
0.95,EX2,4664,1,0,0,0,0,310,2500.0
0.95,EX2,4710,2,0,0,0,0,314,2500.0
0.95,EX2,4711,2,0,0,0,0,314,2500.0
0.95,EX2,4712,3,0,0,0,0,314,2500.0
0.95,EX2,4713,2,0,0,0,0,314,2500.0
0.95,EX2,4714,2,0,0,0,0,314,2500.0
0.95,EX2,4715,2,0,0,0,0,314,2500.0
0.95,EX2,4716,6,1,1,0,0,314,2500.0
0.95,EX2,4717,3,0,0,0,0,314,2500.0
0.95,EX2,4718,3,0,0,0,0,314,2500.0
0.95,EX2,4719,4,0,0,0,0,314,2500.0
0.95,EX2,4720,3,0,0,0,0,314,2500.0
0.95,EX2,4721,3,0,0,0,0,314,2500.0
0.95,EX2,4722,6,2,2,0,0,314,2500.0
0.95,EX2,4723,3,0,0,0,0,314,2500.0
0.95,EX2,4724,3,0,0,0,0,314,2500.0
0.95,EX2,4770,1,0,0,0,0,318,2500.0
0.95,EX2,4771,0,0,0,0,0,318,2500.0
0.95,EX2,4772,3,0,0,0,0,318,2500.0
0.95,EX2,4773,2,0,0,0,0,318,2500.0
0.95,EX2,4774,2,0,0,0,0,318,2500.0
0.95,EX2,4775,2,0,0,0,0,318,2500.0
0.95,EX2,4776,3,0,0,0,0,318,2500.0
0.95,EX2,4777,6,0,0,0,0,318,2500.0
0.95,EX2,4778,1,0,0,0,0,318,2500.0
0.95,EX2,4779,4,0,0,0,0,318,2500.0
0.95,EX2,4780,6,0,0,0,0,318,2500.0
0.95,EX2,4781,3,0,0,0,0,318,2500.0
0.95,EX2,4782,3,0,0,0,0,318,2500.0
0.95,EX2,4783,2,0,0,0,0,318,2500.0
0.95,EX2,4784,5,0,0,0,0,318,2500.0
0.95,EX2,4935,3,0,0,0,0,329,2500.0
0.95,EX2,4936,4,0,0,0,0,329,2500.0
0.95,EX2,4937,5,0,0,0,0,329,2500.0
0.95,EX2,4938,4,0,0,0,0,329,2500.0
0.95,EX2,4939,3,0,0,0,0,329,2500.0
0.95,EX2,4940,2,0,0,0,0,329,2500.0
0.95,EX2,4941,3,0,0,0,0,329,2500.0
0.95,EX2,4942,2,0,0,0,0,329,2500.0
0.95,EX2,4943,2,0,0,0,0,329,2500.0
0.95,EX2,4944,3,0,0,0,0,329,2500.0
0.95,EX2,4945,4,0,0,0,0,329,2500.0
0.95,EX2,4946,2,0,0,0,0,329,2500.0
0.95,EX2,4947,4,0,0,0,0,329,2500.0
0.95,EX2,4948,4,0,0,0,0,329,2500.0
0.95,EX2,4949,3,0,0,0,0,329,2500.0
0.95,EX2,4995,0,0,0,0,0,333,2500.0
0.95,EX2,4996,4,0,0,0,0,333,2500.0
0.95,EX2,4997,5,0,0,0,0,333,2500.0
0.95,EX2,4998,0,0,0,0,0,333,2500.0
0.95,EX2,4999,8,0,0,0,0,333,2500.0
0.95,EX2,5000,2,0,0,0,0,333,2500.0
0.95,EX2,5001,4,0,0,0,0,333,2500.0
0.95,EX2,5002,7,0,0,0,0,333,2500.0
0.95,EX2,5003,0,0,0,0,0,333,2500.0
0.95,EX2,5004,4,0,0,0,0,333,2500.0
0.95,EX2,5005,1,0,0,0,0,333,2500.0
0.95,EX2,5006,3,0,0,0,0,333,2500.0
0.95,EX2,5007,4,0,0,0,0,333,2500.0
0.95,EX2,5008,4,0,0,0,0,333,2500.0
0.95,EX2,5009,2,0,0,0,0,333,2500.0
0.95,EX2,5070,4,1,0,1,0,338,2500.0
0.95,EX2,5071,5,0,0,0,0,338,2500.0
0.95,EX2,5072,4,0,0,0,0,338,2500.0
0.95,EX2,5073,4,1,1,0,0,338,2500.0
0.95,EX2,5074,2,0,0,0,0,338,2500.0
0.95,EX2,5075,2,0,0,0,0,338,2500.0
0.95,EX2,5076,4,0,0,0,0,338,2500.0
0.95,EX2,5077,6,0,0,0,0,338,2500.0
0.95,EX2,5078,6,0,0,0,0,338,2500.0
0.95,EX2,5079,2,0,0,0,0,338,2500.0
0.95,EX2,5080,2,0,0,0,0,338,2500.0
0.95,EX2,5081,5,0,0,0,0,338,2500.0
0.95,EX2,5082,5,0,0,0,0,338,2500.0
0.95,EX2,5083,2,0,0,0,0,338,2500.0
0.95,EX2,5084,2,0,0,0,0,338,2500.0
0.95,EX2,5115,2,0,0,0,0,341,2500.0
0.95,EX2,5116,4,0,0,0,0,341,2500.0
0.95,EX2,5117,3,0,0,0,0,341,2500.0
0.95,EX2,5118,3,0,0,0,0,341,2500.0
0.95,EX2,5119,4,0,0,0,0,341,2500.0
0.95,EX2,5120,3,0,0,0,0,341,2500.0
0.95,EX2,5121,6,0,0,0,0,341,2500.0
0.95,EX2,5122,1,0,0,0,0,341,2500.0
0.95,EX2,5123,7,0,0,0,0,341,2500.0
0.95,EX2,5124,3,0,0,0,0,341,2500.0
0.95,EX2,5125,3,0,0,0,0,341,2500.0
0.95,EX2,5126,4,2,2,0,0,341,2500.0
0.95,EX2,5127,2,0,0,0,0,341,2500.0
0.95,EX2,5128,3,0,0,0,0,341,2500.0
0.95,EX2,5129,3,0,0,0,0,341,2500.0
0.95,EX2,5295,5,0,0,0,0,353,2500.0
0.95,EX2,5296,5,0,0,0,0,353,2500.0
0.95,EX2,5297,1,0,0,0,0,353,2500.0
0.95,EX2,5298,5,0,0,0,0,353,2500.0
0.95,EX2,5299,3,0,0,0,0,353,2500.0
0.95,EX2,5300,7,0,0,0,0,353,2500.0
0.95,EX2,5301,5,1,1,0,0,353,2500.0
0.95,EX2,5302,8,0,0,0,0,353,2500.0
0.95,EX2,5303,0,0,0,0,0,353,2500.0
0.95,EX2,5304,4,0,0,0,0,353,2500.0
0.95,EX2,5305,4,1,0,1,0,353,2500.0
0.95,EX2,5306,4,0,0,0,0,353,2500.0
0.95,EX2,5307,5,0,0,0,0,353,2500.0
0.95,EX2,5308,6,0,0,0,0,353,2500.0
0.95,EX2,5309,4,0,0,0,0,353,2500.0
0.95,EX2,5400,7,1,1,0,0,360,2500.0
0.95,EX2,5401,5,0,0,0,0,360,2500.0
0.95,EX2,5402,2,0,0,0,0,360,2500.0
0.95,EX2,5403,2,0,0,0,0,360,2500.0
0.95,EX2,5404,4,0,0,0,0,360,2500.0
0.95,EX2,5405,1,0,0,0,0,360,2500.0
0.95,EX2,5406,3,0,0,0,0,360,2500.0
0.95,EX2,5407,8,0,0,0,0,360,2500.0
0.95,EX2,5408,1,1,1,0,0,360,2500.0
0.95,EX2,5409,2,0,0,0,0,360,2500.0
0.95,EX2,5410,4,0,0,0,0,360,2500.0
0.95,EX2,5411,2,0,0,0,0,360,2500.0
0.95,EX2,5412,3,0,0,0,0,360,2500.0
0.95,EX2,5413,4,0,0,0,0,360,2500.0
0.95,EX2,5414,2,0,0,0,0,360,2500.0
0.95,EX2,5415,3,0,0,0,0,361,2500.0
0.95,EX2,5416,3,0,0,0,0,361,2500.0
0.95,EX2,5417,2,0,0,0,0,361,2500.0
0.95,EX2,5418,2,0,0,0,0,361,2500.0
0.95,EX2,5419,2,0,0,0,0,361,2500.0
0.95,EX2,5420,8,1,1,0,0,361,2500.0
0.95,EX2,5421,4,0,0,0,0,361,2500.0
0.95,EX2,5422,2,0,0,0,0,361,2500.0
0.95,EX2,5423,2,0,0,0,0,361,2500.0
0.95,EX2,5424,2,0,0,0,0,361,2500.0
0.95,EX2,5425,3,0,0,0,0,361,2500.0
0.95,EX2,5426,4,1,1,0,0,361,2500.0
0.95,EX2,5427,1,1,1,0,0,361,2500.0
0.95,EX2,5428,5,0,0,0,0,361,2500.0
0.95,EX2,5429,3,0,0,0,0,361,2500.0
0.95,EX2,5535,2,0,0,0,0,369,2500.0
0.95,EX2,5536,6,0,0,0,0,369,2500.0
0.95,EX2,5537,4,0,0,0,0,369,2500.0
0.95,EX2,5538,3,0,0,0,0,369,2500.0
0.95,EX2,5539,5,0,0,0,0,369,2500.0
0.95,EX2,5540,3,0,0,0,0,369,2500.0
0.95,EX2,5541,1,0,0,0,0,369,2500.0
0.95,EX2,5542,1,0,0,0,0,369,2500.0
0.95,EX2,5543,4,0,0,0,0,369,2500.0
0.95,EX2,5544,3,0,0,0,0,369,2500.0
0.95,EX2,5545,3,1,1,0,0,369,2500.0
0.95,EX2,5546,2,0,0,0,0,369,2500.0
0.95,EX2,5547,2,0,0,0,0,369,2500.0
0.95,EX2,5548,4,1,1,0,0,369,2500.0
0.95,EX2,5549,2,0,0,0,0,369,2500.0
0.95,EX2,5820,2,0,0,0,0,388,2500.0
0.95,EX2,5821,6,0,0,0,0,388,2500.0
0.95,EX2,5822,2,0,0,0,0,388,2500.0
0.95,EX2,5823,2,0,0,0,0,388,2500.0
0.95,EX2,5824,4,0,0,0,0,388,2500.0
0.95,EX2,5825,2,0,0,0,0,388,2500.0
0.95,EX2,5826,2,0,0,0,0,388,2500.0
0.95,EX2,5827,3,0,0,0,0,388,2500.0
0.95,EX2,5828,2,0,0,0,0,388,2500.0
0.95,EX2,5829,3,0,0,0,0,388,2500.0
0.95,EX2,5830,1,0,0,0,0,388,2500.0
0.95,EX2,5831,4,0,0,0,0,388,2500.0
0.95,EX2,5832,8,1,1,0,0,388,2500.0
0.95,EX2,5833,4,0,0,0,0,388,2500.0
0.95,EX2,5834,4,0,0,0,0,388,2500.0
0.95,EX2,5850,2,0,0,0,0,390,2500.0
0.95,EX2,5851,4,0,0,0,0,390,2500.0
0.95,EX2,5852,5,0,0,0,0,390,2500.0
0.95,EX2,5853,1,0,0,0,0,390,2500.0
0.95,EX2,5854,1,0,0,0,0,390,2500.0
0.95,EX2,5855,2,0,0,0,0,390,2500.0
0.95,EX2,5856,3,0,0,0,0,390,2500.0
0.95,EX2,5857,3,0,0,0,0,390,2500.0
0.95,EX2,5858,1,0,0,0,0,390,2500.0
0.95,EX2,5859,2,0,0,0,0,390,2500.0
0.95,EX2,5860,2,0,0,0,0,390,2500.0
0.95,EX2,5861,3,0,0,0,0,390,2500.0
0.95,EX2,5862,2,0,0,0,0,390,2500.0
0.95,EX2,5863,2,0,0,0,0,390,2500.0
0.95,EX2,5864,3,0,0,0,0,390,2500.0
0.95,EX2,5895,6,0,0,0,0,393,2500.0
0.95,EX2,5896,1,0,0,0,0,393,2500.0
0.95,EX2,5897,1,0,0,0,0,393,2500.0
0.95,EX2,5898,7,0,0,0,0,393,2500.0
0.95,EX2,5899,4,0,0,0,0,393,2500.0
0.95,EX2,5900,4,0,0,0,0,393,2500.0
0.95,EX2,5901,6,0,0,0,0,393,2500.0
0.95,EX2,5902,2,0,0,0,0,393,2500.0
0.95,EX2,5903,4,0,0,0,0,393,2500.0
0.95,EX2,5904,4,0,0,0,0,393,2500.0
0.95,EX2,5905,4,1,1,0,0,393,2500.0
0.95,EX2,5906,6,0,0,0,0,393,2500.0
0.95,EX2,5907,4,0,0,0,0,393,2500.0
0.95,EX2,5908,2,0,0,0,0,393,2500.0
0.95,EX2,5909,2,0,0,0,0,393,2500.0
0.95,EX2,5985,4,0,0,0,0,399,2500.0
0.95,EX2,5986,1,0,0,0,0,399,2500.0
0.95,EX2,5987,3,0,0,0,0,399,2500.0
0.95,EX2,5988,5,0,0,0,0,399,2500.0
0.95,EX2,5989,5,0,0,0,0,399,2500.0
0.95,EX2,5990,2,0,0,0,0,399,2500.0
0.95,EX2,5991,3,0,0,0,0,399,2500.0
0.95,EX2,5992,2,0,0,0,0,399,2500.0
0.95,EX2,5993,4,0,0,0,0,399,2500.0
0.95,EX2,5994,2,0,0,0,0,399,2500.0
0.95,EX2,5995,4,0,0,0,0,399,2500.0
0.95,EX2,5996,4,0,0,0,0,399,2500.0
0.95,EX2,5997,5,0,0,0,0,399,2500.0
0.95,EX2,5998,1,0,0,0,0,399,2500.0
0.95,EX2,5999,3,0,0,0,0,399,2500.0
0.95,EX2,6165,4,1,1,0,0,411,2500.0
0.95,EX2,6166,3,0,0,0,0,411,2500.0
0.95,EX2,6167,2,0,0,0,0,411,2500.0
0.95,EX2,6168,5,0,0,0,0,411,2500.0
0.95,EX2,6169,2,0,0,0,0,411,2500.0
0.95,EX2,6170,2,0,0,0,0,411,2500.0
0.95,EX2,6171,3,0,0,0,0,411,2500.0
0.95,EX2,6172,1,0,0,0,0,411,2500.0
0.95,EX2,6173,5,0,0,0,0,411,2500.0
0.95,EX2,6174,6,0,0,0,0,411,2500.0
0.95,EX2,6175,3,1,1,0,0,411,2500.0
0.95,EX2,6176,3,0,0,0,0,411,2500.0
0.95,EX2,6177,4,0,0,0,0,411,2500.0
0.95,EX2,6178,2,1,1,0,0,411,2500.0
0.95,EX2,6179,3,0,0,0,0,411,2500.0
0.95,EX2,6255,0,0,0,0,0,417,2500.0
0.95,EX2,6256,4,0,0,0,0,417,2500.0
0.95,EX2,6257,2,0,0,0,0,417,2500.0
0.95,EX2,6258,3,0,0,0,0,417,2500.0
0.95,EX2,6259,1,0,0,0,0,417,2500.0
0.95,EX2,6260,2,0,0,0,0,417,2500.0
0.95,EX2,6261,3,0,0,0,0,417,2500.0
0.95,EX2,6262,3,1,1,0,0,417,2500.0
0.95,EX2,6263,3,0,0,0,0,417,2500.0
0.95,EX2,6264,8,0,0,0,0,417,2500.0
0.95,EX2,6265,3,0,0,0,0,417,2500.0
0.95,EX2,6266,0,0,0,0,0,417,2500.0
0.95,EX2,6267,5,0,0,0,0,417,2500.0
0.95,EX2,6268,3,0,0,0,0,417,2500.0
0.95,EX2,6269,5,0,0,0,0,417,2500.0
0.95,EX2,6540,3,0,0,0,0,436,2500.0
0.95,EX2,6541,2,0,0,0,0,436,2500.0
0.95,EX2,6542,3,0,0,0,0,436,2500.0
0.95,EX2,6543,0,0,0,0,0,436,2500.0
0.95,EX2,6544,2,0,0,0,0,436,2500.0
0.95,EX2,6545,4,0,0,0,0,436,2500.0
0.95,EX2,6546,2,0,0,0,0,436,2500.0
0.95,EX2,6547,3,0,0,0,0,436,2500.0
0.95,EX2,6548,2,0,0,0,0,436,2500.0
0.95,EX2,6549,3,0,0,0,0,436,2500.0
0.95,EX2,6550,4,0,0,0,0,436,2500.0
0.95,EX2,6551,3,0,0,0,0,436,2500.0
0.95,EX2,6552,4,0,0,0,0,436,2500.0
0.95,EX2,6553,4,0,0,0,0,436,2500.0
0.95,EX2,6554,4,0,0,0,0,436,2500.0
0.95,EX2,6645,1,0,0,0,0,443,2500.0
0.95,EX2,6646,1,0,0,0,0,443,2500.0
0.95,EX2,6647,3,0,0,0,0,443,2500.0
0.95,EX2,6648,4,0,0,0,0,443,2500.0
0.95,EX2,6649,4,0,0,0,0,443,2500.0
0.95,EX2,6650,4,0,0,0,0,443,2500.0
0.95,EX2,6651,3,0,0,0,0,443,2500.0
0.95,EX2,6652,5,0,0,0,0,443,2500.0
0.95,EX2,6653,5,0,0,0,0,443,2500.0
0.95,EX2,6654,4,0,0,0,0,443,2500.0
0.95,EX2,6655,5,0,0,0,0,443,2500.0
0.95,EX2,6656,0,0,0,0,0,443,2500.0
0.95,EX2,6657,4,0,0,0,0,443,2500.0
0.95,EX2,6658,4,0,0,0,0,443,2500.0
0.95,EX2,6659,3,0,0,0,0,443,2500.0
0.95,EX2,6690,3,0,0,0,0,446,2500.0
0.95,EX2,6691,3,0,0,0,0,446,2500.0
0.95,EX2,6692,1,1,1,0,0,446,2500.0
0.95,EX2,6693,1,0,0,0,0,446,2500.0
0.95,EX2,6694,2,0,0,0,0,446,2500.0
0.95,EX2,6695,3,1,1,0,0,446,2500.0
0.95,EX2,6696,4,0,0,0,0,446,2500.0
0.95,EX2,6697,3,0,0,0,0,446,2500.0
0.95,EX2,6698,3,2,2,0,0,446,2500.0
0.95,EX2,6699,1,1,1,0,0,446,2500.0
0.95,EX2,6700,3,0,0,0,0,446,2500.0
0.95,EX2,6701,2,0,0,0,0,446,2500.0
0.95,EX2,6702,3,0,0,0,0,446,2500.0
0.95,EX2,6703,1,0,0,0,0,446,2500.0
0.95,EX2,6704,3,0,0,0,0,446,2500.0
0.95,EX2,6705,3,0,0,0,0,447,2500.0
0.95,EX2,6706,5,0,0,0,0,447,2500.0
0.95,EX2,6707,2,0,0,0,0,447,2500.0
0.95,EX2,6708,8,1,1,0,0,447,2500.0
0.95,EX2,6709,2,0,0,0,0,447,2500.0
0.95,EX2,6710,4,0,0,0,0,447,2500.0
0.95,EX2,6711,6,0,0,0,0,447,2500.0
0.95,EX2,6712,2,0,0,0,0,447,2500.0
0.95,EX2,6713,3,0,0,0,0,447,2500.0
0.95,EX2,6714,3,0,0,0,0,447,2500.0
0.95,EX2,6715,2,0,0,0,0,447,2500.0
0.95,EX2,6716,2,0,0,0,0,447,2500.0
0.95,EX2,6717,2,0,0,0,0,447,2500.0
0.95,EX2,6718,3,0,0,0,0,447,2500.0
0.95,EX2,6719,4,0,0,0,0,447,2500.0
0.95,EX2,6720,3,0,0,0,0,448,2500.0
0.95,EX2,6721,0,0,0,0,0,448,2500.0
0.95,EX2,6722,3,0,0,0,0,448,2500.0
0.95,EX2,6723,4,0,0,0,0,448,2500.0
0.95,EX2,6724,2,0,0,0,0,448,2500.0
0.95,EX2,6725,1,0,0,0,0,448,2500.0
0.95,EX2,6726,2,0,0,0,0,448,2500.0
0.95,EX2,6727,3,0,0,0,0,448,2500.0
0.95,EX2,6728,1,0,0,0,0,448,2500.0
0.95,EX2,6729,1,0,0,0,0,448,2500.0
0.95,EX2,6730,4,0,0,0,0,448,2500.0
0.95,EX2,6731,2,0,0,0,0,448,2500.0
0.95,EX2,6732,3,0,0,0,0,448,2500.0
0.95,EX2,6733,6,0,0,0,0,448,2500.0
0.95,EX2,6734,1,0,0,0,0,448,2500.0
0.95,EX2,6930,2,1,1,0,0,462,2500.0
0.95,EX2,6931,3,0,0,0,0,462,2500.0
0.95,EX2,6932,3,0,0,0,0,462,2500.0
0.95,EX2,6933,4,0,0,0,0,462,2500.0
0.95,EX2,6934,3,0,0,0,0,462,2500.0
0.95,EX2,6935,9,0,0,0,0,462,2500.0
0.95,EX2,6936,1,0,0,0,0,462,2500.0
0.95,EX2,6937,3,0,0,0,0,462,2500.0
0.95,EX2,6938,4,0,0,0,0,462,2500.0
0.95,EX2,6939,1,0,0,0,0,462,2500.0
0.95,EX2,6940,3,0,0,0,0,462,2500.0
0.95,EX2,6941,6,0,0,0,0,462,2500.0
0.95,EX2,6942,2,0,0,0,0,462,2500.0
0.95,EX2,6943,1,0,0,0,0,462,2500.0
0.95,EX2,6944,2,0,0,0,0,462,2500.0
0.95,EX2,6975,3,0,0,0,0,465,2500.0
0.95,EX2,6976,5,1,1,0,0,465,2500.0
0.95,EX2,6977,2,0,0,0,0,465,2500.0
0.95,EX2,6978,0,0,0,0,0,465,2500.0
0.95,EX2,6979,3,0,0,0,0,465,2500.0
0.95,EX2,6980,3,0,0,0,0,465,2500.0
0.95,EX2,6981,3,0,0,0,0,465,2500.0
0.95,EX2,6982,7,0,0,0,0,465,2500.0
0.95,EX2,6983,2,0,0,0,0,465,2500.0
0.95,EX2,6984,6,0,0,0,0,465,2500.0
0.95,EX2,6985,3,0,0,0,0,465,2500.0
0.95,EX2,6986,3,0,0,0,0,465,2500.0
0.95,EX2,6987,2,0,0,0,0,465,2500.0
0.95,EX2,6988,2,0,0,0,0,465,2500.0
0.95,EX2,6989,0,0,0,0,0,465,2500.0
0.95,EX2,7005,3,0,0,0,0,467,2500.0
0.95,EX2,7006,2,0,0,0,0,467,2500.0
0.95,EX2,7007,10,1,1,0,0,467,2500.0
0.95,EX2,7008,6,0,0,0,0,467,2500.0
0.95,EX2,7009,2,1,1,0,0,467,2500.0
0.95,EX2,7010,4,0,0,0,0,467,2500.0
0.95,EX2,7011,4,0,0,0,0,467,2500.0
0.95,EX2,7012,2,0,0,0,0,467,2500.0
0.95,EX2,7013,3,0,0,0,0,467,2500.0
0.95,EX2,7014,4,0,0,0,0,467,2500.0
0.95,EX2,7015,3,0,0,0,0,467,2500.0
0.95,EX2,7016,3,0,0,0,0,467,2500.0
0.95,EX2,7017,2,0,0,0,0,467,2500.0
0.95,EX2,7018,4,1,1,0,0,467,2500.0
0.95,EX2,7019,2,0,0,0,0,467,2500.0
0.95,EX2,7020,7,1,1,0,0,468,2500.0
0.95,EX2,7021,5,0,0,0,0,468,2500.0
0.95,EX2,7022,3,0,0,0,0,468,2500.0
0.95,EX2,7023,5,0,0,0,0,468,2500.0
0.95,EX2,7024,3,0,0,0,0,468,2500.0
0.95,EX2,7025,2,0,0,0,0,468,2500.0
0.95,EX2,7026,6,0,0,0,0,468,2500.0
0.95,EX2,7027,3,0,0,0,0,468,2500.0
0.95,EX2,7028,1,0,0,0,0,468,2500.0
0.95,EX2,7029,6,3,3,0,0,468,2500.0
0.95,EX2,7030,3,0,0,0,0,468,2500.0
0.95,EX2,7031,6,0,0,0,0,468,2500.0
0.95,EX2,7032,4,0,0,0,0,468,2500.0
0.95,EX2,7033,2,0,0,0,0,468,2500.0
0.95,EX2,7034,2,0,0,0,0,468,2500.0
0.95,EX2,7035,3,0,0,0,0,469,2500.0
0.95,EX2,7036,1,0,0,0,0,469,2500.0
0.95,EX2,7037,3,0,0,0,0,469,2500.0
0.95,EX2,7038,2,0,0,0,0,469,2500.0
0.95,EX2,7039,2,0,0,0,0,469,2500.0
0.95,EX2,7040,2,0,0,0,0,469,2500.0
0.95,EX2,7041,1,0,0,0,0,469,2500.0
0.95,EX2,7042,1,0,0,0,0,469,2500.0
0.95,EX2,7043,4,0,0,0,0,469,2500.0
0.95,EX2,7044,5,0,0,0,0,469,2500.0
0.95,EX2,7045,3,0,0,0,0,469,2500.0
0.95,EX2,7046,1,0,0,0,0,469,2500.0
0.95,EX2,7047,7,0,0,0,0,469,2500.0
0.95,EX2,7048,3,0,0,0,0,469,2500.0
0.95,EX2,7049,4,0,0,0,0,469,2500.0
0.95,EX2,7050,5,0,0,0,0,470,2500.0
0.95,EX2,7051,3,0,0,0,0,470,2500.0
0.95,EX2,7052,2,0,0,0,0,470,2500.0
0.95,EX2,7053,7,0,0,0,0,470,2500.0
0.95,EX2,7054,2,0,0,0,0,470,2500.0
0.95,EX2,7055,5,1,0,1,0,470,2500.0
0.95,EX2,7056,1,0,0,0,0,470,2500.0
0.95,EX2,7057,7,0,0,0,0,470,2500.0
0.95,EX2,7058,5,0,0,0,0,470,2500.0
0.95,EX2,7059,1,0,0,0,0,470,2500.0
0.95,EX2,7060,6,0,0,0,0,470,2500.0
0.95,EX2,7061,1,0,0,0,0,470,2500.0
0.95,EX2,7062,5,0,0,0,0,470,2500.0
0.95,EX2,7063,4,0,0,0,0,470,2500.0
0.95,EX2,7064,1,0,0,0,0,470,2500.0
0.95,EX2,7095,1,0,0,0,0,473,2500.0
0.95,EX2,7096,4,0,0,0,0,473,2500.0
0.95,EX2,7097,3,0,0,0,0,473,2500.0
0.95,EX2,7098,4,0,0,0,0,473,2500.0
0.95,EX2,7099,5,1,1,0,0,473,2500.0
0.95,EX2,7100,3,0,0,0,0,473,2500.0
0.95,EX2,7101,4,1,1,0,0,473,2500.0
0.95,EX2,7102,2,0,0,0,0,473,2500.0
0.95,EX2,7103,3,0,0,0,0,473,2500.0
0.95,EX2,7104,3,0,0,0,0,473,2500.0
0.95,EX2,7105,1,0,0,0,0,473,2500.0
0.95,EX2,7106,1,0,0,0,0,473,2500.0
0.95,EX2,7107,4,0,0,0,0,473,2500.0
0.95,EX2,7108,2,0,0,0,0,473,2500.0
0.95,EX2,7109,2,0,0,0,0,473,2500.0
0.95,EX2,7155,4,0,0,0,0,477,2500.0
0.95,EX2,7156,1,0,0,0,0,477,2500.0
0.95,EX2,7157,3,0,0,0,0,477,2500.0
0.95,EX2,7158,2,0,0,0,0,477,2500.0
0.95,EX2,7159,2,0,0,0,0,477,2500.0
0.95,EX2,7160,1,0,0,0,0,477,2500.0
0.95,EX2,7161,5,0,0,0,0,477,2500.0
0.95,EX2,7162,2,0,0,0,0,477,2500.0
0.95,EX2,7163,5,1,1,0,0,477,2500.0
0.95,EX2,7164,3,0,0,0,0,477,2500.0
0.95,EX2,7165,0,0,0,0,0,477,2500.0
0.95,EX2,7166,4,0,0,0,0,477,2500.0
0.95,EX2,7167,2,0,0,0,0,477,2500.0
0.95,EX2,7168,3,0,0,0,0,477,2500.0
0.95,EX2,7169,4,0,0,0,0,477,2500.0
0.95,EX2,7185,2,0,0,0,0,479,2500.0
0.95,EX2,7186,4,0,0,0,0,479,2500.0
0.95,EX2,7187,3,0,0,0,0,479,2500.0
0.95,EX2,7188,6,0,0,0,0,479,2500.0
0.95,EX2,7189,3,0,0,0,0,479,2500.0
0.95,EX2,7190,2,0,0,0,0,479,2500.0
0.95,EX2,7191,2,0,0,0,0,479,2500.0
0.95,EX2,7192,2,0,0,0,0,479,2500.0
0.95,EX2,7193,2,0,0,0,0,479,2500.0
0.95,EX2,7194,2,0,0,0,0,479,2500.0
0.95,EX2,7195,3,0,0,0,0,479,2500.0
0.95,EX2,7196,2,0,0,0,0,479,2500.0
0.95,EX2,7197,5,0,0,0,0,479,2500.0
0.95,EX2,7198,3,0,0,0,0,479,2500.0
0.95,EX2,7199,3,0,0,0,0,479,2500.0
0.95,EX2,7410,2,0,0,0,0,494,2500.0
0.95,EX2,7411,2,0,0,0,0,494,2500.0
0.95,EX2,7412,4,0,0,0,0,494,2500.0
0.95,EX2,7413,3,0,0,0,0,494,2500.0
0.95,EX2,7414,5,0,0,0,0,494,2500.0
0.95,EX2,7415,2,0,0,0,0,494,2500.0
0.95,EX2,7416,2,0,0,0,0,494,2500.0
0.95,EX2,7417,1,0,0,0,0,494,2500.0
0.95,EX2,7418,5,0,0,0,0,494,2500.0
0.95,EX2,7419,3,0,0,0,0,494,2500.0
0.95,EX2,7420,4,0,0,0,0,494,2500.0
0.95,EX2,7421,3,0,0,0,0,494,2500.0
0.95,EX2,7422,2,0,0,0,0,494,2500.0
0.95,EX2,7423,2,0,0,0,0,494,2500.0
0.95,EX2,7424,3,0,0,0,0,494,2500.0
0.95,EX2,7605,3,0,0,0,0,507,2500.0
0.95,EX2,7606,4,1,1,0,0,507,2500.0
0.95,EX2,7607,2,0,0,0,0,507,2500.0
0.95,EX2,7608,1,0,0,0,0,507,2500.0
0.95,EX2,7609,2,1,1,0,0,507,2500.0
0.95,EX2,7610,4,0,0,0,0,507,2500.0
0.95,EX2,7611,1,0,0,0,0,507,2500.0
0.95,EX2,7612,4,0,0,0,0,507,2500.0
0.95,EX2,7613,9,0,0,0,0,507,2500.0
0.95,EX2,7614,2,0,0,0,0,507,2500.0
0.95,EX2,7615,2,0,0,0,0,507,2500.0
0.95,EX2,7616,2,0,0,0,0,507,2500.0
0.95,EX2,7617,6,0,0,0,0,507,2500.0
0.95,EX2,7618,3,0,0,0,0,507,2500.0
0.95,EX2,7619,2,0,0,0,0,507,2500.0
0.95,EX2,7635,5,0,0,0,0,509,2500.0
0.95,EX2,7636,4,0,0,0,0,509,2500.0
0.95,EX2,7637,2,0,0,0,0,509,2500.0
0.95,EX2,7638,3,0,0,0,0,509,2500.0
0.95,EX2,7639,1,0,0,0,0,509,2500.0
0.95,EX2,7640,2,0,0,0,0,509,2500.0
0.95,EX2,7641,3,0,0,0,0,509,2500.0
0.95,EX2,7642,5,0,0,0,0,509,2500.0
0.95,EX2,7643,3,0,0,0,0,509,2500.0
0.95,EX2,7644,0,0,0,0,0,509,2500.0
0.95,EX2,7645,1,0,0,0,0,509,2500.0
0.95,EX2,7646,4,0,0,0,0,509,2500.0
0.95,EX2,7647,3,0,0,0,0,509,2500.0
0.95,EX2,7648,4,0,0,0,0,509,2500.0
0.95,EX2,7649,2,0,0,0,0,509,2500.0
0.95,EX2,7785,4,0,0,0,0,519,2500.0
0.95,EX2,7786,2,0,0,0,0,519,2500.0
0.95,EX2,7787,5,0,0,0,0,519,2500.0
0.95,EX2,7788,2,0,0,0,0,519,2500.0
0.95,EX2,7789,1,0,0,0,0,519,2500.0
0.95,EX2,7790,2,1,1,0,0,519,2500.0
0.95,EX2,7791,2,0,0,0,0,519,2500.0
0.95,EX2,7792,2,0,0,0,0,519,2500.0
0.95,EX2,7793,2,0,0,0,0,519,2500.0
0.95,EX2,7794,3,1,1,0,0,519,2500.0
0.95,EX2,7795,3,0,0,0,0,519,2500.0
0.95,EX2,7796,5,1,1,0,0,519,2500.0
0.95,EX2,7797,5,0,0,0,0,519,2500.0
0.95,EX2,7798,2,0,0,0,0,519,2500.0
0.95,EX2,7799,8,0,0,0,0,519,2500.0
0.95,EX2,7965,2,0,0,0,0,531,2500.0
0.95,EX2,7966,3,0,0,0,0,531,2500.0
0.95,EX2,7967,3,0,0,0,0,531,2500.0
0.95,EX2,7968,2,0,0,0,0,531,2500.0
0.95,EX2,7969,3,0,0,0,0,531,2500.0
0.95,EX2,7970,1,0,0,0,0,531,2500.0
0.95,EX2,7971,6,0,0,0,0,531,2500.0
0.95,EX2,7972,5,0,0,0,0,531,2500.0
0.95,EX2,7973,4,0,0,0,0,531,2500.0
0.95,EX2,7974,3,0,0,0,0,531,2500.0
0.95,EX2,7975,3,0,0,0,0,531,2500.0
0.95,EX2,7976,3,0,0,0,0,531,2500.0
0.95,EX2,7977,2,0,0,0,0,531,2500.0
0.95,EX2,7978,2,0,0,0,0,531,2500.0
0.95,EX2,7979,3,0,0,0,0,531,2500.0
0.95,EX2,7995,3,0,0,0,0,533,2500.0
0.95,EX2,7996,4,0,0,0,0,533,2500.0
0.95,EX2,7997,3,0,0,0,0,533,2500.0
0.95,EX2,7998,4,0,0,0,0,533,2500.0
0.95,EX2,7999,0,0,0,0,0,533,2500.0
0.95,EX2,8000,5,1,1,0,0,533,2500.0
0.95,EX2,8001,5,0,0,0,0,533,2500.0
0.95,EX2,8002,2,0,0,0,0,533,2500.0
0.95,EX2,8003,2,0,0,0,0,533,2500.0
0.95,EX2,8004,2,0,0,0,0,533,2500.0
0.95,EX2,8005,4,1,1,0,0,533,2500.0
0.95,EX2,8006,3,0,0,0,0,533,2500.0
0.95,EX2,8007,4,0,0,0,0,533,2500.0
0.95,EX2,8008,2,0,0,0,0,533,2500.0
0.95,EX2,8009,1,0,0,0,0,533,2500.0
0.95,EX2,8025,1,0,0,0,0,535,2500.0
0.95,EX2,8026,4,0,0,0,0,535,2500.0
0.95,EX2,8027,2,0,0,0,0,535,2500.0
0.95,EX2,8028,2,0,0,0,0,535,2500.0
0.95,EX2,8029,8,0,0,0,0,535,2500.0
0.95,EX2,8030,5,0,0,0,0,535,2500.0
0.95,EX2,8031,0,0,0,0,0,535,2500.0
0.95,EX2,8032,1,0,0,0,0,535,2500.0
0.95,EX2,8033,5,0,0,0,0,535,2500.0
0.95,EX2,8034,4,0,0,0,0,535,2500.0
0.95,EX2,8035,2,0,0,0,0,535,2500.0
0.95,EX2,8036,3,0,0,0,0,535,2500.0
0.95,EX2,8037,3,0,0,0,0,535,2500.0
0.95,EX2,8038,4,0,0,0,0,535,2500.0
0.95,EX2,8039,3,0,0,0,0,535,2500.0
0.95,EX2,8055,7,0,0,0,0,537,2500.0
0.95,EX2,8056,3,0,0,0,0,537,2500.0
0.95,EX2,8057,3,0,0,0,0,537,2500.0
0.95,EX2,8058,2,0,0,0,0,537,2500.0
0.95,EX2,8059,3,0,0,0,0,537,2500.0
0.95,EX2,8060,6,0,0,0,0,537,2500.0
0.95,EX2,8061,4,0,0,0,0,537,2500.0
0.95,EX2,8062,4,0,0,0,0,537,2500.0
0.95,EX2,8063,1,0,0,0,0,537,2500.0
0.95,EX2,8064,1,0,0,0,0,537,2500.0
0.95,EX2,8065,3,0,0,0,0,537,2500.0
0.95,EX2,8066,3,0,0,0,0,537,2500.0
0.95,EX2,8067,4,0,0,0,0,537,2500.0
0.95,EX2,8068,4,0,0,0,0,537,2500.0
0.95,EX2,8069,0,0,0,0,0,537,2500.0
0.95,EX2,8220,1,0,0,0,0,548,2500.0
0.95,EX2,8221,4,0,0,0,0,548,2500.0
0.95,EX2,8222,3,0,0,0,0,548,2500.0
0.95,EX2,8223,7,0,0,0,0,548,2500.0
0.95,EX2,8224,3,0,0,0,0,548,2500.0
0.95,EX2,8225,2,0,0,0,0,548,2500.0
0.95,EX2,8226,2,0,0,0,0,548,2500.0
0.95,EX2,8227,2,0,0,0,0,548,2500.0
0.95,EX2,8228,3,0,0,0,0,548,2500.0
0.95,EX2,8229,1,0,0,0,0,548,2500.0
0.95,EX2,8230,1,0,0,0,0,548,2500.0
0.95,EX2,8231,3,0,0,0,0,548,2500.0
0.95,EX2,8232,2,0,0,0,0,548,2500.0
0.95,EX2,8233,2,0,0,0,0,548,2500.0
0.95,EX2,8234,1,0,0,0,0,548,2500.0
0.95,EX2,8235,3,0,0,0,0,549,2500.0
0.95,EX2,8236,1,0,0,0,0,549,2500.0
0.95,EX2,8237,3,0,0,0,0,549,2500.0
0.95,EX2,8238,5,0,0,0,0,549,2500.0
0.95,EX2,8239,3,0,0,0,0,549,2500.0
0.95,EX2,8240,2,0,0,0,0,549,2500.0
0.95,EX2,8241,6,1,1,0,0,549,2500.0
0.95,EX2,8242,2,0,0,0,0,549,2500.0
0.95,EX2,8243,2,0,0,0,0,549,2500.0
0.95,EX2,8244,2,0,0,0,0,549,2500.0
0.95,EX2,8245,1,0,0,0,0,549,2500.0
0.95,EX2,8246,2,0,0,0,0,549,2500.0
0.95,EX2,8247,3,0,0,0,0,549,2500.0
0.95,EX2,8248,1,0,0,0,0,549,2500.0
0.95,EX2,8249,5,0,0,0,0,549,2500.0
0.95,EX2,8265,5,0,0,0,0,551,2500.0
0.95,EX2,8266,2,0,0,0,0,551,2500.0
0.95,EX2,8267,4,0,0,0,0,551,2500.0
0.95,EX2,8268,0,0,0,0,0,551,2500.0
0.95,EX2,8269,2,0,0,0,0,551,2500.0
0.95,EX2,8270,4,0,0,0,0,551,2500.0
0.95,EX2,8271,2,0,0,0,0,551,2500.0
0.95,EX2,8272,3,0,0,0,0,551,2500.0
0.95,EX2,8273,1,0,0,0,0,551,2500.0
0.95,EX2,8274,9,0,0,0,0,551,2500.0
0.95,EX2,8275,2,0,0,0,0,551,2500.0
0.95,EX2,8276,6,0,0,0,0,551,2500.0
0.95,EX2,8277,2,0,0,0,0,551,2500.0
0.95,EX2,8278,2,0,0,0,0,551,2500.0
0.95,EX2,8279,2,0,0,0,0,551,2500.0
0.95,EX2,8295,7,0,0,0,0,553,2500.0
0.95,EX2,8296,3,0,0,0,0,553,2500.0
0.95,EX2,8297,8,1,1,0,0,553,2500.0
0.95,EX2,8298,7,0,0,0,0,553,2500.0
0.95,EX2,8299,6,0,0,0,0,553,2500.0
0.95,EX2,8300,2,0,0,0,0,553,2500.0
0.95,EX2,8301,4,0,0,0,0,553,2500.0
0.95,EX2,8302,1,0,0,0,0,553,2500.0
0.95,EX2,8303,1,0,0,0,0,553,2500.0
0.95,EX2,8304,5,0,0,0,0,553,2500.0
0.95,EX2,8305,1,0,0,0,0,553,2500.0
0.95,EX2,8306,4,0,0,0,0,553,2500.0
0.95,EX2,8307,2,0,0,0,0,553,2500.0
0.95,EX2,8308,4,0,0,0,0,553,2500.0
0.95,EX2,8309,1,0,0,0,0,553,2500.0
0.95,EX2,8580,1,0,0,0,0,572,2500.0
0.95,EX2,8581,5,3,3,0,0,572,2500.0
0.95,EX2,8582,4,0,0,0,0,572,2500.0
0.95,EX2,8583,6,0,0,0,0,572,2500.0
0.95,EX2,8584,1,0,0,0,0,572,2500.0
0.95,EX2,8585,3,0,0,0,0,572,2500.0
0.95,EX2,8586,3,0,0,0,0,572,2500.0
0.95,EX2,8587,5,0,0,0,0,572,2500.0
0.95,EX2,8588,2,0,0,0,0,572,2500.0
0.95,EX2,8589,3,0,0,0,0,572,2500.0
0.95,EX2,8590,2,0,0,0,0,572,2500.0
0.95,EX2,8591,3,0,0,0,0,572,2500.0
0.95,EX2,8592,3,0,0,0,0,572,2500.0
0.95,EX2,8593,7,0,0,0,0,572,2500.0
0.95,EX2,8594,2,0,0,0,0,572,2500.0
0.95,EX2,8610,2,0,0,0,0,574,2500.0
0.95,EX2,8611,2,0,0,0,0,574,2500.0
0.95,EX2,8612,2,0,0,0,0,574,2500.0
0.95,EX2,8613,5,0,0,0,0,574,2500.0
0.95,EX2,8614,4,0,0,0,0,574,2500.0
0.95,EX2,8615,2,0,0,0,0,574,2500.0
0.95,EX2,8616,2,0,0,0,0,574,2500.0
0.95,EX2,8617,1,0,0,0,0,574,2500.0
0.95,EX2,8618,3,0,0,0,0,574,2500.0
0.95,EX2,8619,4,0,0,0,0,574,2500.0
0.95,EX2,8620,1,0,0,0,0,574,2500.0
0.95,EX2,8621,4,0,0,0,0,574,2500.0
0.95,EX2,8622,1,0,0,0,0,574,2500.0
0.95,EX2,8623,3,0,0,0,0,574,2500.0
0.95,EX2,8624,2,0,0,0,0,574,2500.0
0.95,EX2,8760,3,0,0,0,0,584,2500.0
0.95,EX2,8761,1,0,0,0,0,584,2500.0
0.95,EX2,8762,2,0,0,0,0,584,2500.0
0.95,EX2,8763,4,0,0,0,0,584,2500.0
0.95,EX2,8764,1,0,0,0,0,584,2500.0
0.95,EX2,8765,4,0,0,0,0,584,2500.0
0.95,EX2,8766,4,0,0,0,0,584,2500.0
0.95,EX2,8767,3,0,0,0,0,584,2500.0
0.95,EX2,8768,3,0,0,0,0,584,2500.0
0.95,EX2,8769,0,0,0,0,0,584,2500.0
0.95,EX2,8770,5,1,1,0,0,584,2500.0
0.95,EX2,8771,4,0,0,0,0,584,2500.0
0.95,EX2,8772,1,0,0,0,0,584,2500.0
0.95,EX2,8773,3,0,0,0,0,584,2500.0
0.95,EX2,8774,3,1,1,0,0,584,2500.0
0.95,EX2,8925,3,0,0,0,0,595,2500.0
0.95,EX2,8926,1,0,0,0,0,595,2500.0
0.95,EX2,8927,0,0,0,0,0,595,2500.0
0.95,EX2,8928,4,0,0,0,0,595,2500.0
0.95,EX2,8929,2,0,0,0,0,595,2500.0
0.95,EX2,8930,2,0,0,0,0,595,2500.0
0.95,EX2,8931,2,0,0,0,0,595,2500.0
0.95,EX2,8932,2,0,0,0,0,595,2500.0
0.95,EX2,8933,5,0,0,0,0,595,2500.0
0.95,EX2,8934,4,0,0,0,0,595,2500.0
0.95,EX2,8935,2,0,0,0,0,595,2500.0
0.95,EX2,8936,5,1,1,0,0,595,2500.0
0.95,EX2,8937,2,0,0,0,0,595,2500.0
0.95,EX2,8938,4,0,0,0,0,595,2500.0
0.95,EX2,8939,3,0,0,0,0,595,2500.0
0.95,EX2,8940,1,0,0,0,0,596,2500.0
0.95,EX2,8941,4,0,0,0,0,596,2500.0
0.95,EX2,8942,4,0,0,0,0,596,2500.0
0.95,EX2,8943,1,0,0,0,0,596,2500.0
0.95,EX2,8944,4,0,0,0,0,596,2500.0
0.95,EX2,8945,2,0,0,0,0,596,2500.0
0.95,EX2,8946,2,0,0,0,0,596,2500.0
0.95,EX2,8947,2,0,0,0,0,596,2500.0
0.95,EX2,8948,3,0,0,0,0,596,2500.0
0.95,EX2,8949,6,0,0,0,0,596,2500.0
0.95,EX2,8950,1,0,0,0,0,596,2500.0
0.95,EX2,8951,2,0,0,0,0,596,2500.0
0.95,EX2,8952,3,0,0,0,0,596,2500.0
0.95,EX2,8953,2,1,1,0,0,596,2500.0
0.95,EX2,8954,2,0,0,0,0,596,2500.0
0.95,EX2,9150,4,0,0,0,0,610,2500.0
0.95,EX2,9151,4,0,0,0,0,610,2500.0
0.95,EX2,9152,1,0,0,0,0,610,2500.0
0.95,EX2,9153,1,0,0,0,0,610,2500.0
0.95,EX2,9154,3,0,0,0,0,610,2500.0
0.95,EX2,9155,3,0,0,0,0,610,2500.0
0.95,EX2,9156,4,0,0,0,0,610,2500.0
0.95,EX2,9157,4,0,0,0,0,610,2500.0
0.95,EX2,9158,3,0,0,0,0,610,2500.0
0.95,EX2,9159,3,0,0,0,0,610,2500.0
0.95,EX2,9160,2,0,0,0,0,610,2500.0
0.95,EX2,9161,3,0,0,0,0,610,2500.0
0.95,EX2,9162,2,0,0,0,0,610,2500.0
0.95,EX2,9163,1,0,0,0,0,610,2500.0
0.95,EX2,9164,6,0,0,0,0,610,2500.0
0.95,EX2,9195,3,0,0,0,0,613,2500.0
0.95,EX2,9196,2,0,0,0,0,613,2500.0
0.95,EX2,9197,3,0,0,0,0,613,2500.0
0.95,EX2,9198,2,0,0,0,0,613,2500.0
0.95,EX2,9199,3,0,0,0,0,613,2500.0
0.95,EX2,9200,1,0,0,0,0,613,2500.0
0.95,EX2,9201,1,0,0,0,0,613,2500.0
0.95,EX2,9202,1,0,0,0,0,613,2500.0
0.95,EX2,9203,7,0,0,0,0,613,2500.0
0.95,EX2,9204,5,0,0,0,0,613,2500.0
0.95,EX2,9205,5,0,0,0,0,613,2500.0
0.95,EX2,9206,3,0,0,0,0,613,2500.0
0.95,EX2,9207,2,1,1,0,0,613,2500.0
0.95,EX2,9208,2,0,0,0,0,613,2500.0
0.95,EX2,9209,3,0,0,0,0,613,2500.0
0.95,EX2,9285,7,1,1,0,0,619,2500.0
0.95,EX2,9286,4,1,1,0,0,619,2500.0
0.95,EX2,9287,3,0,0,0,0,619,2500.0
0.95,EX2,9288,5,0,0,0,0,619,2500.0
0.95,EX2,9289,3,0,0,0,0,619,2500.0
0.95,EX2,9290,5,0,0,0,0,619,2500.0
0.95,EX2,9291,4,0,0,0,0,619,2500.0
0.95,EX2,9292,4,0,0,0,0,619,2500.0
0.95,EX2,9293,7,0,0,0,0,619,2500.0
0.95,EX2,9294,4,1,1,0,0,619,2500.0
0.95,EX2,9295,1,0,0,0,0,619,2500.0
0.95,EX2,9296,2,0,0,0,0,619,2500.0
0.95,EX2,9297,4,0,0,0,0,619,2500.0
0.95,EX2,9298,3,0,0,0,0,619,2500.0
0.95,EX2,9299,6,0,0,0,0,619,2500.0
0.95,EX2,9315,1,0,0,0,0,621,2500.0
0.95,EX2,9316,1,0,0,0,0,621,2500.0
0.95,EX2,9317,6,0,0,0,0,621,2500.0
0.95,EX2,9318,3,0,0,0,0,621,2500.0
0.95,EX2,9319,1,0,0,0,0,621,2500.0
0.95,EX2,9320,4,0,0,0,0,621,2500.0
0.95,EX2,9321,2,0,0,0,0,621,2500.0
0.95,EX2,9322,1,0,0,0,0,621,2500.0
0.95,EX2,9323,4,0,0,0,0,621,2500.0
0.95,EX2,9324,1,0,0,0,0,621,2500.0
0.95,EX2,9325,2,0,0,0,0,621,2500.0
0.95,EX2,9326,4,0,0,0,0,621,2500.0
0.95,EX2,9327,2,0,0,0,0,621,2500.0
0.95,EX2,9328,6,1,1,0,0,621,2500.0
0.95,EX2,9329,4,0,0,0,0,621,2500.0
0.95,EX2,9360,6,0,0,0,0,624,2500.0
0.95,EX2,9361,4,1,1,0,0,624,2500.0
0.95,EX2,9362,4,0,0,0,0,624,2500.0
0.95,EX2,9363,2,0,0,0,0,624,2500.0
0.95,EX2,9364,2,0,0,0,0,624,2500.0
0.95,EX2,9365,2,0,0,0,0,624,2500.0
0.95,EX2,9366,1,0,0,0,0,624,2500.0
0.95,EX2,9367,2,0,0,0,0,624,2500.0
0.95,EX2,9368,6,0,0,0,0,624,2500.0
0.95,EX2,9369,4,0,0,0,0,624,2500.0
0.95,EX2,9370,2,1,1,0,0,624,2500.0
0.95,EX2,9371,3,0,0,0,0,624,2500.0
0.95,EX2,9372,3,0,0,0,0,624,2500.0
0.95,EX2,9373,4,0,0,0,0,624,2500.0
0.95,EX2,9374,6,0,0,0,0,624,2500.0
0.95,EX2,9450,2,0,0,0,0,630,2500.0
0.95,EX2,9451,2,0,0,0,0,630,2500.0
0.95,EX2,9452,6,0,0,0,0,630,2500.0
0.95,EX2,9453,3,0,0,0,0,630,2500.0
0.95,EX2,9454,1,0,0,0,0,630,2500.0
0.95,EX2,9455,4,0,0,0,0,630,2500.0
0.95,EX2,9456,3,0,0,0,0,630,2500.0
0.95,EX2,9457,6,0,0,0,0,630,2500.0
0.95,EX2,9458,4,0,0,0,0,630,2500.0
0.95,EX2,9459,3,0,0,0,0,630,2500.0
0.95,EX2,9460,3,0,0,0,0,630,2500.0
0.95,EX2,9461,4,0,0,0,0,630,2500.0
0.95,EX2,9462,4,0,0,0,0,630,2500.0
0.95,EX2,9463,3,0,0,0,0,630,2500.0
0.95,EX2,9464,4,0,0,0,0,630,2500.0
0.95,EX2,9495,5,0,0,0,0,633,2500.0
0.95,EX2,9496,2,0,0,0,0,633,2500.0
0.95,EX2,9497,3,0,0,0,0,633,2500.0
0.95,EX2,9498,2,0,0,0,0,633,2500.0
0.95,EX2,9499,4,0,0,0,0,633,2500.0
0.95,EX2,9500,2,0,0,0,0,633,2500.0
0.95,EX2,9501,5,0,0,0,0,633,2500.0
0.95,EX2,9502,2,0,0,0,0,633,2500.0
0.95,EX2,9503,8,0,0,0,0,633,2500.0
0.95,EX2,9504,1,0,0,0,0,633,2500.0
0.95,EX2,9505,4,0,0,0,0,633,2500.0
0.95,EX2,9506,2,0,0,0,0,633,2500.0
0.95,EX2,9507,3,0,0,0,0,633,2500.0
0.95,EX2,9508,3,0,0,0,0,633,2500.0
0.95,EX2,9509,5,0,0,0,0,633,2500.0
0.95,EX2,9510,3,0,0,0,0,634,2500.0
0.95,EX2,9511,6,0,0,0,0,634,2500.0
0.95,EX2,9512,4,0,0,0,0,634,2500.0
0.95,EX2,9513,2,0,0,0,0,634,2500.0
0.95,EX2,9514,4,0,0,0,0,634,2500.0
0.95,EX2,9515,1,0,0,0,0,634,2500.0
0.95,EX2,9516,4,0,0,0,0,634,2500.0
0.95,EX2,9517,2,0,0,0,0,634,2500.0
0.95,EX2,9518,2,0,0,0,0,634,2500.0
0.95,EX2,9519,4,0,0,0,0,634,2500.0
0.95,EX2,9520,1,0,0,0,0,634,2500.0
0.95,EX2,9521,1,0,0,0,0,634,2500.0
0.95,EX2,9522,4,0,0,0,0,634,2500.0
0.95,EX2,9523,3,0,0,0,0,634,2500.0
0.95,EX2,9524,2,0,0,0,0,634,2500.0
0.95,EX2,9525,2,0,0,0,0,635,2500.0
0.95,EX2,9526,4,0,0,0,0,635,2500.0
0.95,EX2,9527,3,0,0,0,0,635,2500.0
0.95,EX2,9528,2,0,0,0,0,635,2500.0
0.95,EX2,9529,3,0,0,0,0,635,2500.0
0.95,EX2,9530,4,0,0,0,0,635,2500.0
0.95,EX2,9531,2,0,0,0,0,635,2500.0
0.95,EX2,9532,5,0,0,0,0,635,2500.0
0.95,EX2,9533,4,0,0,0,0,635,2500.0
0.95,EX2,9534,3,0,0,0,0,635,2500.0
0.95,EX2,9535,2,0,0,0,0,635,2500.0
0.95,EX2,9536,5,0,0,0,0,635,2500.0
0.95,EX2,9537,6,1,1,0,0,635,2500.0
0.95,EX2,9538,5,1,1,0,0,635,2500.0
0.95,EX2,9539,5,0,0,0,0,635,2500.0
0.95,EX2,9540,2,0,0,0,0,636,2500.0
0.95,EX2,9541,6,0,0,0,0,636,2500.0
0.95,EX2,9542,5,1,1,0,0,636,2500.0
0.95,EX2,9543,4,0,0,0,0,636,2500.0
0.95,EX2,9544,2,0,0,0,0,636,2500.0
0.95,EX2,9545,3,0,0,0,0,636,2500.0
0.95,EX2,9546,2,0,0,0,0,636,2500.0
0.95,EX2,9547,2,0,0,0,0,636,2500.0
0.95,EX2,9548,2,0,0,0,0,636,2500.0
0.95,EX2,9549,1,0,0,0,0,636,2500.0
0.95,EX2,9550,2,0,0,0,0,636,2500.0
0.95,EX2,9551,2,0,0,0,0,636,2500.0
0.95,EX2,9552,5,1,1,0,0,636,2500.0
0.95,EX2,9553,4,0,0,0,0,636,2500.0
0.95,EX2,9554,4,0,0,0,0,636,2500.0
0.95,EX2,9705,2,0,0,0,0,647,2500.0
0.95,EX2,9706,3,0,0,0,0,647,2500.0
0.95,EX2,9707,3,0,0,0,0,647,2500.0
0.95,EX2,9708,4,0,0,0,0,647,2500.0
0.95,EX2,9709,4,0,0,0,0,647,2500.0
0.95,EX2,9710,2,0,0,0,0,647,2500.0
0.95,EX2,9711,2,2,2,0,0,647,2500.0
0.95,EX2,9712,1,0,0,0,0,647,2500.0
0.95,EX2,9713,3,0,0,0,0,647,2500.0
0.95,EX2,9714,3,0,0,0,0,647,2500.0
0.95,EX2,9715,3,0,0,0,0,647,2500.0
0.95,EX2,9716,7,0,0,0,0,647,2500.0
0.95,EX2,9717,5,0,0,0,0,647,2500.0
0.95,EX2,9718,4,0,0,0,0,647,2500.0
0.95,EX2,9719,0,0,0,0,0,647,2500.0
0.95,EX2,9735,3,0,0,0,0,649,2500.0
0.95,EX2,9736,3,0,0,0,0,649,2500.0
0.95,EX2,9737,4,0,0,0,0,649,2500.0
0.95,EX2,9738,5,2,2,0,0,649,2500.0
0.95,EX2,9739,4,1,1,0,0,649,2500.0
0.95,EX2,9740,5,0,0,0,0,649,2500.0
0.95,EX2,9741,1,0,0,0,0,649,2500.0
0.95,EX2,9742,3,0,0,0,0,649,2500.0
0.95,EX2,9743,3,0,0,0,0,649,2500.0
0.95,EX2,9744,4,0,0,0,0,649,2500.0
0.95,EX2,9745,1,0,0,0,0,649,2500.0
0.95,EX2,9746,5,0,0,0,0,649,2500.0
0.95,EX2,9747,4,1,1,0,0,649,2500.0
0.95,EX2,9748,4,0,0,0,0,649,2500.0
0.95,EX2,9749,2,0,0,0,0,649,2500.0
0.95,EX2,9795,2,0,0,0,0,653,2500.0
0.95,EX2,9796,0,0,0,0,0,653,2500.0
0.95,EX2,9797,4,0,0,0,0,653,2500.0
0.95,EX2,9798,2,0,0,0,0,653,2500.0
0.95,EX2,9799,5,0,0,0,0,653,2500.0
0.95,EX2,9800,6,1,1,0,0,653,2500.0
0.95,EX2,9801,4,0,0,0,0,653,2500.0
0.95,EX2,9802,4,0,0,0,0,653,2500.0
0.95,EX2,9803,3,0,0,0,0,653,2500.0
0.95,EX2,9804,2,0,0,0,0,653,2500.0
0.95,EX2,9805,3,0,0,0,0,653,2500.0
0.95,EX2,9806,4,1,1,0,0,653,2500.0
0.95,EX2,9807,1,0,0,0,0,653,2500.0
0.95,EX2,9808,5,0,0,0,0,653,2500.0
0.95,EX2,9809,1,0,0,0,0,653,2500.0
0.95,EX2,9915,3,0,0,0,0,661,2500.0
0.95,EX2,9916,2,0,0,0,0,661,2500.0
0.95,EX2,9917,3,0,0,0,0,661,2500.0
0.95,EX2,9918,1,0,0,0,0,661,2500.0
0.95,EX2,9919,7,0,0,0,0,661,2500.0
0.95,EX2,9920,2,0,0,0,0,661,2500.0
0.95,EX2,9921,3,0,0,0,0,661,2500.0
0.95,EX2,9922,2,0,0,0,0,661,2500.0
0.95,EX2,9923,4,0,0,0,0,661,2500.0
0.95,EX2,9924,4,0,0,0,0,661,2500.0
0.95,EX2,9925,1,0,0,0,0,661,2500.0
0.95,EX2,9926,3,0,0,0,0,661,2500.0
0.95,EX2,9927,0,0,0,0,0,661,2500.0
0.95,EX2,9928,2,0,0,0,0,661,2500.0
0.95,EX2,9929,4,0,0,0,0,661,2500.0
0.95,EX2,9930,6,0,0,0,0,662,2500.0
0.95,EX2,9931,3,0,0,0,0,662,2500.0
0.95,EX2,9932,2,0,0,0,0,662,2500.0
0.95,EX2,9933,3,0,0,0,0,662,2500.0
0.95,EX2,9934,1,0,0,0,0,662,2500.0
0.95,EX2,9935,7,0,0,0,0,662,2500.0
0.95,EX2,9936,1,0,0,0,0,662,2500.0
0.95,EX2,9937,3,0,0,0,0,662,2500.0
0.95,EX2,9938,3,0,0,0,0,662,2500.0
0.95,EX2,9939,5,0,0,0,0,662,2500.0
0.95,EX2,9940,1,0,0,0,0,662,2500.0
0.95,EX2,9941,1,0,0,0,0,662,2500.0
0.95,EX2,9942,5,0,0,0,0,662,2500.0
0.95,EX2,9943,1,0,0,0,0,662,2500.0
0.95,EX2,9944,4,0,0,0,0,662,2500.0
0.95,EX3,30,0,0,0,0,0,2,2500.0
0.95,EX3,31,4,1,1,0,0,2,2500.0
0.95,EX3,32,4,0,0,0,0,2,2500.0
0.95,EX3,33,4,1,1,0,0,2,2500.0
0.95,EX3,34,1,0,0,0,0,2,2500.0
0.95,EX3,35,4,0,0,0,0,2,2500.0
0.95,EX3,36,3,0,0,0,0,2,2500.0
0.95,EX3,37,1,0,0,0,0,2,2500.0
0.95,EX3,38,3,0,0,0,0,2,2500.0
0.95,EX3,39,4,0,0,0,0,2,2500.0
0.95,EX3,40,4,0,0,0,0,2,2500.0
0.95,EX3,41,3,0,0,0,0,2,2500.0
0.95,EX3,42,5,0,0,0,0,2,2500.0
0.95,EX3,43,3,0,0,0,0,2,2500.0
0.95,EX3,44,5,1,1,0,0,2,2500.0
0.95,EX3,90,4,0,0,0,0,6,2500.0
0.95,EX3,91,3,0,0,0,0,6,2500.0
0.95,EX3,92,1,0,0,0,0,6,2500.0
0.95,EX3,93,4,0,0,0,0,6,2500.0
0.95,EX3,94,2,0,0,0,0,6,2500.0
0.95,EX3,95,8,1,1,0,0,6,2500.0
0.95,EX3,96,3,0,0,0,0,6,2500.0
0.95,EX3,97,1,0,0,0,0,6,2500.0
0.95,EX3,98,2,1,1,0,0,6,2500.0
0.95,EX3,99,4,0,0,0,0,6,2500.0
0.95,EX3,100,3,0,0,0,0,6,2500.0
0.95,EX3,101,2,0,0,0,0,6,2500.0
0.95,EX3,102,1,0,0,0,0,6,2500.0
0.95,EX3,103,4,1,1,0,0,6,2500.0
0.95,EX3,104,3,0,0,0,0,6,2500.0
0.95,EX3,150,3,0,0,0,0,10,2500.0
0.95,EX3,151,3,0,0,0,0,10,2500.0
0.95,EX3,152,0,0,0,0,0,10,2500.0
0.95,EX3,153,4,0,0,0,0,10,2500.0
0.95,EX3,154,1,0,0,0,0,10,2500.0
0.95,EX3,155,8,5,5,0,0,10,2500.0
0.95,EX3,156,8,1,1,0,0,10,2500.0
0.95,EX3,157,4,0,0,0,0,10,2500.0
0.95,EX3,158,4,0,0,0,0,10,2500.0
0.95,EX3,159,5,2,2,0,0,10,2500.0
0.95,EX3,160,6,1,1,0,0,10,2500.0
0.95,EX3,161,3,0,0,0,0,10,2500.0
0.95,EX3,162,3,0,0,0,0,10,2500.0
0.95,EX3,163,5,0,0,0,0,10,2500.0
0.95,EX3,164,2,0,0,0,0,10,2500.0
0.95,EX3,270,5,0,0,0,0,18,2500.0
0.95,EX3,271,4,0,0,0,0,18,2500.0
0.95,EX3,272,3,0,0,0,0,18,2500.0
0.95,EX3,273,1,0,0,0,0,18,2500.0
0.95,EX3,274,3,0,0,0,0,18,2500.0
0.95,EX3,275,2,0,0,0,0,18,2500.0
0.95,EX3,276,3,0,0,0,0,18,2500.0
0.95,EX3,277,2,0,0,0,0,18,2500.0
0.95,EX3,278,2,0,0,0,0,18,2500.0
0.95,EX3,279,2,0,0,0,0,18,2500.0
0.95,EX3,280,1,0,0,0,0,18,2500.0
0.95,EX3,281,4,0,0,0,0,18,2500.0
0.95,EX3,282,4,0,0,0,0,18,2500.0
0.95,EX3,283,3,1,1,0,0,18,2500.0
0.95,EX3,284,5,1,1,0,0,18,2500.0
0.95,EX3,360,4,0,0,0,0,24,2500.0
0.95,EX3,361,6,0,0,0,0,24,2500.0
0.95,EX3,362,6,0,0,0,0,24,2500.0
0.95,EX3,363,4,0,0,0,0,24,2500.0
0.95,EX3,364,5,1,1,0,0,24,2500.0
0.95,EX3,365,3,0,0,0,0,24,2500.0
0.95,EX3,366,3,0,0,0,0,24,2500.0
0.95,EX3,367,10,2,2,0,0,24,2500.0
0.95,EX3,368,4,0,0,0,0,24,2500.0
0.95,EX3,369,3,0,0,0,0,24,2500.0
0.95,EX3,370,2,0,0,0,0,24,2500.0
0.95,EX3,371,3,0,0,0,0,24,2500.0
0.95,EX3,372,3,0,0,0,0,24,2500.0
0.95,EX3,373,1,0,0,0,0,24,2500.0
0.95,EX3,374,2,1,1,0,0,24,2500.0
0.95,EX3,450,5,1,1,0,0,30,2500.0
0.95,EX3,451,5,0,0,0,0,30,2500.0
0.95,EX3,452,4,0,0,0,0,30,2500.0
0.95,EX3,453,1,0,0,0,0,30,2500.0
0.95,EX3,454,6,0,0,0,0,30,2500.0
0.95,EX3,455,2,0,0,0,0,30,2500.0
0.95,EX3,456,3,0,0,0,0,30,2500.0
0.95,EX3,457,3,1,1,0,0,30,2500.0
0.95,EX3,458,3,0,0,0,0,30,2500.0
0.95,EX3,459,2,0,0,0,0,30,2500.0
0.95,EX3,460,7,0,0,0,0,30,2500.0
0.95,EX3,461,3,0,0,0,0,30,2500.0
0.95,EX3,462,2,0,0,0,0,30,2500.0
0.95,EX3,463,1,0,0,0,0,30,2500.0
0.95,EX3,464,3,1,1,0,0,30,2500.0
0.95,EX3,465,2,0,0,0,0,31,2500.0
0.95,EX3,466,2,0,0,0,0,31,2500.0
0.95,EX3,467,3,0,0,0,0,31,2500.0
0.95,EX3,468,2,0,0,0,0,31,2500.0
0.95,EX3,469,2,1,1,0,0,31,2500.0
0.95,EX3,470,9,2,2,0,0,31,2500.0
0.95,EX3,471,2,0,0,0,0,31,2500.0
0.95,EX3,472,4,0,0,0,0,31,2500.0
0.95,EX3,473,1,0,0,0,0,31,2500.0
0.95,EX3,474,4,0,0,0,0,31,2500.0
0.95,EX3,475,1,0,0,0,0,31,2500.0
0.95,EX3,476,7,0,0,0,0,31,2500.0
0.95,EX3,477,4,0,0,0,0,31,2500.0
0.95,EX3,478,2,0,0,0,0,31,2500.0
0.95,EX3,479,1,0,0,0,0,31,2500.0
0.95,EX3,585,5,0,0,0,0,39,2500.0
0.95,EX3,586,2,0,0,0,0,39,2500.0
0.95,EX3,587,6,1,1,0,0,39,2500.0
0.95,EX3,588,3,0,0,0,0,39,2500.0
0.95,EX3,589,3,0,0,0,0,39,2500.0
0.95,EX3,590,3,1,1,0,0,39,2500.0
0.95,EX3,591,2,0,0,0,0,39,2500.0
0.95,EX3,592,0,0,0,0,0,39,2500.0
0.95,EX3,593,4,1,1,0,0,39,2500.0
0.95,EX3,594,3,0,0,0,0,39,2500.0
0.95,EX3,595,2,0,0,0,0,39,2500.0
0.95,EX3,596,4,0,0,0,0,39,2500.0
0.95,EX3,597,4,0,0,0,0,39,2500.0
0.95,EX3,598,3,0,0,0,0,39,2500.0
0.95,EX3,599,4,1,1,0,0,39,2500.0
0.95,EX3,615,1,0,0,0,0,41,2500.0
0.95,EX3,616,3,1,0,1,0,41,2500.0
0.95,EX3,617,5,1,1,0,0,41,2500.0
0.95,EX3,618,1,0,0,0,0,41,2500.0
0.95,EX3,619,3,0,0,0,0,41,2500.0
0.95,EX3,620,1,0,0,0,0,41,2500.0
0.95,EX3,621,5,1,1,0,0,41,2500.0
0.95,EX3,622,2,0,0,0,0,41,2500.0
0.95,EX3,623,2,1,1,0,0,41,2500.0
0.95,EX3,624,3,0,0,0,0,41,2500.0
0.95,EX3,625,1,0,0,0,0,41,2500.0
0.95,EX3,626,2,0,0,0,0,41,2500.0
0.95,EX3,627,4,1,0,1,0,41,2500.0
0.95,EX3,628,3,1,1,0,0,41,2500.0
0.95,EX3,629,2,1,1,0,0,41,2500.0
0.95,EX3,660,6,1,1,0,0,44,2500.0
0.95,EX3,661,5,0,0,0,0,44,2500.0
0.95,EX3,662,5,1,1,0,0,44,2500.0
0.95,EX3,663,2,1,1,0,0,44,2500.0
0.95,EX3,664,1,0,0,0,0,44,2500.0
0.95,EX3,665,4,0,0,0,0,44,2500.0
0.95,EX3,666,6,0,0,0,0,44,2500.0
0.95,EX3,667,3,1,1,0,0,44,2500.0
0.95,EX3,668,7,1,1,0,0,44,2500.0
0.95,EX3,669,4,0,0,0,0,44,2500.0
0.95,EX3,670,4,0,0,0,0,44,2500.0
0.95,EX3,671,3,0,0,0,0,44,2500.0
0.95,EX3,672,3,0,0,0,0,44,2500.0
0.95,EX3,673,3,0,0,0,0,44,2500.0
0.95,EX3,674,3,0,0,0,0,44,2500.0
0.95,EX3,735,6,0,0,0,0,49,2500.0
0.95,EX3,736,1,1,1,0,0,49,2500.0
0.95,EX3,737,2,0,0,0,0,49,2500.0
0.95,EX3,738,2,0,0,0,0,49,2500.0
0.95,EX3,739,3,0,0,0,0,49,2500.0
0.95,EX3,740,4,1,1,0,0,49,2500.0
0.95,EX3,741,3,0,0,0,0,49,2500.0
0.95,EX3,742,3,0,0,0,0,49,2500.0
0.95,EX3,743,4,0,0,0,0,49,2500.0
0.95,EX3,744,5,0,0,0,0,49,2500.0
0.95,EX3,745,2,0,0,0,0,49,2500.0
0.95,EX3,746,3,0,0,0,0,49,2500.0
0.95,EX3,747,3,1,1,0,0,49,2500.0
0.95,EX3,748,2,0,0,0,0,49,2500.0
0.95,EX3,749,3,0,0,0,0,49,2500.0
0.95,EX3,810,2,1,1,0,0,54,2500.0
0.95,EX3,811,6,0,0,0,0,54,2500.0
0.95,EX3,812,3,0,0,0,0,54,2500.0
0.95,EX3,813,4,0,0,0,0,54,2500.0
0.95,EX3,814,1,0,0,0,0,54,2500.0
0.95,EX3,815,1,0,0,0,0,54,2500.0
0.95,EX3,816,3,3,3,0,0,54,2500.0
0.95,EX3,817,3,0,0,0,0,54,2500.0
0.95,EX3,818,2,0,0,0,0,54,2500.0
0.95,EX3,819,5,1,1,0,0,54,2500.0
0.95,EX3,820,3,0,0,0,0,54,2500.0
0.95,EX3,821,3,0,0,0,0,54,2500.0
0.95,EX3,822,0,0,0,0,0,54,2500.0
0.95,EX3,823,4,1,1,0,0,54,2500.0
0.95,EX3,824,2,0,0,0,0,54,2500.0
0.95,EX3,825,4,0,0,0,0,55,2500.0
0.95,EX3,826,4,0,0,0,0,55,2500.0
0.95,EX3,827,1,0,0,0,0,55,2500.0
0.95,EX3,828,7,1,1,0,0,55,2500.0
0.95,EX3,829,7,1,1,0,0,55,2500.0
0.95,EX3,830,5,0,0,0,0,55,2500.0
0.95,EX3,831,3,0,0,0,0,55,2500.0
0.95,EX3,832,5,0,0,0,0,55,2500.0
0.95,EX3,833,4,0,0,0,0,55,2500.0
0.95,EX3,834,4,0,0,0,0,55,2500.0
0.95,EX3,835,1,0,0,0,0,55,2500.0
0.95,EX3,836,3,0,0,0,0,55,2500.0
0.95,EX3,837,2,0,0,0,0,55,2500.0
0.95,EX3,838,3,0,0,0,0,55,2500.0
0.95,EX3,839,7,0,0,0,0,55,2500.0
0.95,EX3,840,4,0,0,0,0,56,2500.0
0.95,EX3,841,6,0,0,0,0,56,2500.0
0.95,EX3,842,2,0,0,0,0,56,2500.0
0.95,EX3,843,7,1,1,0,0,56,2500.0
0.95,EX3,844,2,0,0,0,0,56,2500.0
0.95,EX3,845,3,0,0,0,0,56,2500.0
0.95,EX3,846,3,0,0,0,0,56,2500.0
0.95,EX3,847,1,0,0,0,0,56,2500.0
0.95,EX3,848,2,0,0,0,0,56,2500.0
0.95,EX3,849,3,0,0,0,0,56,2500.0
0.95,EX3,850,5,0,0,0,0,56,2500.0
0.95,EX3,851,2,0,0,0,0,56,2500.0
0.95,EX3,852,3,0,0,0,0,56,2500.0
0.95,EX3,853,0,0,0,0,0,56,2500.0
0.95,EX3,854,6,0,0,0,0,56,2500.0
0.95,EX3,900,6,0,0,0,0,60,2500.0
0.95,EX3,901,5,0,0,0,0,60,2500.0
0.95,EX3,902,5,0,0,0,0,60,2500.0
0.95,EX3,903,2,0,0,0,0,60,2500.0
0.95,EX3,904,3,0,0,0,0,60,2500.0
0.95,EX3,905,6,0,0,0,0,60,2500.0
0.95,EX3,906,3,1,1,0,0,60,2500.0
0.95,EX3,907,4,0,0,0,0,60,2500.0
0.95,EX3,908,2,0,0,0,0,60,2500.0
0.95,EX3,909,4,0,0,0,0,60,2500.0
0.95,EX3,910,2,0,0,0,0,60,2500.0
0.95,EX3,911,4,0,0,0,0,60,2500.0
0.95,EX3,912,2,0,0,0,0,60,2500.0
0.95,EX3,913,3,0,0,0,0,60,2500.0
0.95,EX3,914,1,0,0,0,0,60,2500.0
0.95,EX3,945,3,0,0,0,0,63,2500.0
0.95,EX3,946,4,0,0,0,0,63,2500.0
0.95,EX3,947,3,0,0,0,0,63,2500.0
0.95,EX3,948,3,0,0,0,0,63,2500.0
0.95,EX3,949,5,0,0,0,0,63,2500.0
0.95,EX3,950,3,0,0,0,0,63,2500.0
0.95,EX3,951,3,0,0,0,0,63,2500.0
0.95,EX3,952,2,0,0,0,0,63,2500.0
0.95,EX3,953,1,0,0,0,0,63,2500.0
0.95,EX3,954,6,0,0,0,0,63,2500.0
0.95,EX3,955,4,0,0,0,0,63,2500.0
0.95,EX3,956,7,0,0,0,0,63,2500.0
0.95,EX3,957,3,0,0,0,0,63,2500.0
0.95,EX3,958,2,0,0,0,0,63,2500.0
0.95,EX3,959,2,0,0,0,0,63,2500.0
0.95,EX3,975,4,0,0,0,0,65,2500.0
0.95,EX3,976,5,1,1,0,0,65,2500.0
0.95,EX3,977,4,0,0,0,0,65,2500.0
0.95,EX3,978,1,0,0,0,0,65,2500.0
0.95,EX3,979,1,1,1,0,0,65,2500.0
0.95,EX3,980,4,1,1,0,0,65,2500.0
0.95,EX3,981,4,1,1,0,0,65,2500.0
0.95,EX3,982,4,0,0,0,0,65,2500.0
0.95,EX3,983,1,0,0,0,0,65,2500.0
0.95,EX3,984,3,0,0,0,0,65,2500.0
0.95,EX3,985,5,0,0,0,0,65,2500.0
0.95,EX3,986,4,0,0,0,0,65,2500.0
0.95,EX3,987,1,0,0,0,0,65,2500.0
0.95,EX3,988,7,1,0,1,0,65,2500.0
0.95,EX3,989,3,1,1,0,0,65,2500.0
0.95,EX3,1035,6,0,0,0,0,69,2500.0
0.95,EX3,1036,2,0,0,0,0,69,2500.0
0.95,EX3,1037,2,1,1,0,0,69,2500.0
0.95,EX3,1038,2,0,0,0,0,69,2500.0
0.95,EX3,1039,4,1,0,1,0,69,2500.0
0.95,EX3,1040,3,1,1,0,0,69,2500.0
0.95,EX3,1041,3,0,0,0,0,69,2500.0
0.95,EX3,1042,1,0,0,0,0,69,2500.0
0.95,EX3,1043,3,0,0,0,0,69,2500.0
0.95,EX3,1044,3,0,0,0,0,69,2500.0
0.95,EX3,1045,4,0,0,0,0,69,2500.0
0.95,EX3,1046,2,0,0,0,0,69,2500.0
0.95,EX3,1047,4,0,0,0,0,69,2500.0
0.95,EX3,1048,3,0,0,0,0,69,2500.0
0.95,EX3,1049,3,1,1,0,0,69,2500.0
0.95,EX3,1050,1,0,0,0,0,70,2500.0
0.95,EX3,1051,3,1,1,0,0,70,2500.0
0.95,EX3,1052,3,1,1,0,0,70,2500.0
0.95,EX3,1053,3,0,0,0,0,70,2500.0
0.95,EX3,1054,1,1,1,0,0,70,2500.0
0.95,EX3,1055,5,0,0,0,0,70,2500.0
0.95,EX3,1056,5,0,0,0,0,70,2500.0
0.95,EX3,1057,2,2,2,0,0,70,2500.0
0.95,EX3,1058,1,0,0,0,0,70,2500.0
0.95,EX3,1059,2,0,0,0,0,70,2500.0
0.95,EX3,1060,2,0,0,0,0,70,2500.0
0.95,EX3,1061,4,0,0,0,0,70,2500.0
0.95,EX3,1062,2,0,0,0,0,70,2500.0
0.95,EX3,1063,3,0,0,0,0,70,2500.0
0.95,EX3,1064,5,1,1,0,0,70,2500.0
0.95,EX3,1080,6,0,0,0,0,72,2500.0
0.95,EX3,1081,3,0,0,0,0,72,2500.0
0.95,EX3,1082,3,0,0,0,0,72,2500.0
0.95,EX3,1083,6,1,1,0,0,72,2500.0
0.95,EX3,1084,1,0,0,0,0,72,2500.0
0.95,EX3,1085,3,0,0,0,0,72,2500.0
0.95,EX3,1086,5,2,2,0,0,72,2500.0
0.95,EX3,1087,5,0,0,0,0,72,2500.0
0.95,EX3,1088,6,0,0,0,0,72,2500.0
0.95,EX3,1089,2,0,0,0,0,72,2500.0
0.95,EX3,1090,3,1,1,0,0,72,2500.0
0.95,EX3,1091,5,2,2,0,0,72,2500.0
0.95,EX3,1092,2,0,0,0,0,72,2500.0
0.95,EX3,1093,2,0,0,0,0,72,2500.0
0.95,EX3,1094,2,0,0,0,0,72,2500.0
0.95,EX3,1140,3,0,0,0,0,76,2500.0
0.95,EX3,1141,7,0,0,0,0,76,2500.0
0.95,EX3,1142,2,0,0,0,0,76,2500.0
0.95,EX3,1143,5,0,0,0,0,76,2500.0
0.95,EX3,1144,5,1,1,0,0,76,2500.0
0.95,EX3,1145,3,0,0,0,0,76,2500.0
0.95,EX3,1146,4,0,0,0,0,76,2500.0
0.95,EX3,1147,2,0,0,0,0,76,2500.0
0.95,EX3,1148,3,0,0,0,0,76,2500.0
0.95,EX3,1149,1,0,0,0,0,76,2500.0
0.95,EX3,1150,4,0,0,0,0,76,2500.0
0.95,EX3,1151,2,1,1,0,0,76,2500.0
0.95,EX3,1152,2,0,0,0,0,76,2500.0
0.95,EX3,1153,1,0,0,0,0,76,2500.0
0.95,EX3,1154,2,0,0,0,0,76,2500.0
0.95,EX3,1155,4,0,0,0,0,77,2500.0
0.95,EX3,1156,1,0,0,0,0,77,2500.0
0.95,EX3,1157,3,0,0,0,0,77,2500.0
0.95,EX3,1158,2,0,0,0,0,77,2500.0
0.95,EX3,1159,3,1,1,0,0,77,2500.0
0.95,EX3,1160,2,1,1,0,0,77,2500.0
0.95,EX3,1161,4,0,0,0,0,77,2500.0
0.95,EX3,1162,2,0,0,0,0,77,2500.0
0.95,EX3,1163,3,0,0,0,0,77,2500.0
0.95,EX3,1164,2,0,0,0,0,77,2500.0
0.95,EX3,1165,3,0,0,0,0,77,2500.0
0.95,EX3,1166,7,1,1,0,0,77,2500.0
0.95,EX3,1167,4,0,0,0,0,77,2500.0
0.95,EX3,1168,4,0,0,0,0,77,2500.0
0.95,EX3,1169,3,0,0,0,0,77,2500.0
0.95,EX3,1170,3,1,1,0,0,78,2500.0
0.95,EX3,1171,3,0,0,0,0,78,2500.0
0.95,EX3,1172,1,0,0,0,0,78,2500.0
0.95,EX3,1173,5,0,0,0,0,78,2500.0
0.95,EX3,1174,6,0,0,0,0,78,2500.0
0.95,EX3,1175,5,0,0,0,0,78,2500.0
0.95,EX3,1176,3,0,0,0,0,78,2500.0
0.95,EX3,1177,7,0,0,0,0,78,2500.0
0.95,EX3,1178,6,1,1,0,0,78,2500.0
0.95,EX3,1179,4,0,0,0,0,78,2500.0
0.95,EX3,1180,3,0,0,0,0,78,2500.0
0.95,EX3,1181,4,0,0,0,0,78,2500.0
0.95,EX3,1182,8,0,0,0,0,78,2500.0
0.95,EX3,1183,3,0,0,0,0,78,2500.0
0.95,EX3,1184,4,0,0,0,0,78,2500.0
0.95,EX3,1215,6,2,2,0,0,81,2500.0
0.95,EX3,1216,6,0,0,0,0,81,2500.0
0.95,EX3,1217,3,0,0,0,0,81,2500.0
0.95,EX3,1218,2,0,0,0,0,81,2500.0
0.95,EX3,1219,5,1,1,0,0,81,2500.0
0.95,EX3,1220,1,0,0,0,0,81,2500.0
0.95,EX3,1221,2,0,0,0,0,81,2500.0
0.95,EX3,1222,2,0,0,0,0,81,2500.0
0.95,EX3,1223,3,0,0,0,0,81,2500.0
0.95,EX3,1224,1,0,0,0,0,81,2500.0
0.95,EX3,1225,1,0,0,0,0,81,2500.0
0.95,EX3,1226,4,0,0,0,0,81,2500.0
0.95,EX3,1227,2,0,0,0,0,81,2500.0
0.95,EX3,1228,4,0,0,0,0,81,2500.0
0.95,EX3,1229,4,1,1,0,0,81,2500.0
0.95,EX3,1230,5,0,0,0,0,82,2500.0
0.95,EX3,1231,5,1,0,1,0,82,2500.0
0.95,EX3,1232,4,0,0,0,0,82,2500.0
0.95,EX3,1233,2,0,0,0,0,82,2500.0
0.95,EX3,1234,2,0,0,0,0,82,2500.0
0.95,EX3,1235,3,0,0,0,0,82,2500.0
0.95,EX3,1236,3,0,0,0,0,82,2500.0
0.95,EX3,1237,5,2,2,0,0,82,2500.0
0.95,EX3,1238,2,0,0,0,0,82,2500.0
0.95,EX3,1239,2,0,0,0,0,82,2500.0
0.95,EX3,1240,3,0,0,0,0,82,2500.0
0.95,EX3,1241,3,0,0,0,0,82,2500.0
0.95,EX3,1242,4,1,1,0,0,82,2500.0
0.95,EX3,1243,5,0,0,0,0,82,2500.0
0.95,EX3,1244,3,0,0,0,0,82,2500.0
0.95,EX3,1290,6,1,1,0,0,86,2500.0
0.95,EX3,1291,2,0,0,0,0,86,2500.0
0.95,EX3,1292,2,0,0,0,0,86,2500.0
0.95,EX3,1293,3,1,1,0,0,86,2500.0
0.95,EX3,1294,2,0,0,0,0,86,2500.0
0.95,EX3,1295,3,0,0,0,0,86,2500.0
0.95,EX3,1296,5,0,0,0,0,86,2500.0
0.95,EX3,1297,2,0,0,0,0,86,2500.0
0.95,EX3,1298,4,1,1,0,0,86,2500.0
0.95,EX3,1299,3,1,1,0,0,86,2500.0
0.95,EX3,1300,3,0,0,0,0,86,2500.0
0.95,EX3,1301,3,1,1,0,0,86,2500.0
0.95,EX3,1302,3,0,0,0,0,86,2500.0
0.95,EX3,1303,2,0,0,0,0,86,2500.0
0.95,EX3,1304,3,0,0,0,0,86,2500.0
0.95,EX3,1350,7,1,1,0,0,90,2500.0
0.95,EX3,1351,4,0,0,0,0,90,2500.0
0.95,EX3,1352,1,0,0,0,0,90,2500.0
0.95,EX3,1353,4,0,0,0,0,90,2500.0
0.95,EX3,1354,7,1,1,0,0,90,2500.0
0.95,EX3,1355,0,0,0,0,0,90,2500.0
0.95,EX3,1356,2,0,0,0,0,90,2500.0
0.95,EX3,1357,4,0,0,0,0,90,2500.0
0.95,EX3,1358,3,0,0,0,0,90,2500.0
0.95,EX3,1359,1,0,0,0,0,90,2500.0
0.95,EX3,1360,2,0,0,0,0,90,2500.0
0.95,EX3,1361,3,0,0,0,0,90,2500.0
0.95,EX3,1362,3,0,0,0,0,90,2500.0
0.95,EX3,1363,1,0,0,0,0,90,2500.0
0.95,EX3,1364,3,0,0,0,0,90,2500.0
0.95,EX3,1515,5,2,2,0,0,101,2500.0
0.95,EX3,1516,2,1,1,0,0,101,2500.0
0.95,EX3,1517,4,1,1,0,0,101,2500.0
0.95,EX3,1518,3,0,0,0,0,101,2500.0
0.95,EX3,1519,5,1,1,0,0,101,2500.0
0.95,EX3,1520,3,0,0,0,0,101,2500.0
0.95,EX3,1521,4,0,0,0,0,101,2500.0
0.95,EX3,1522,6,1,1,0,0,101,2500.0
0.95,EX3,1523,6,0,0,0,0,101,2500.0
0.95,EX3,1524,2,0,0,0,0,101,2500.0
0.95,EX3,1525,3,0,0,0,0,101,2500.0
0.95,EX3,1526,6,0,0,0,0,101,2500.0
0.95,EX3,1527,5,0,0,0,0,101,2500.0
0.95,EX3,1528,1,0,0,0,0,101,2500.0
0.95,EX3,1529,1,0,0,0,0,101,2500.0
0.95,EX3,1620,1,0,0,0,0,108,2500.0
0.95,EX3,1621,1,0,0,0,0,108,2500.0
0.95,EX3,1622,2,0,0,0,0,108,2500.0
0.95,EX3,1623,5,0,0,0,0,108,2500.0
0.95,EX3,1624,3,0,0,0,0,108,2500.0
0.95,EX3,1625,2,1,1,0,0,108,2500.0
0.95,EX3,1626,4,0,0,0,0,108,2500.0
0.95,EX3,1627,5,0,0,0,0,108,2500.0
0.95,EX3,1628,3,1,1,0,0,108,2500.0
0.95,EX3,1629,7,0,0,0,0,108,2500.0
0.95,EX3,1630,1,0,0,0,0,108,2500.0
0.95,EX3,1631,3,0,0,0,0,108,2500.0
0.95,EX3,1632,3,0,0,0,0,108,2500.0
0.95,EX3,1633,1,0,0,0,0,108,2500.0
0.95,EX3,1634,2,0,0,0,0,108,2500.0
0.95,EX3,1635,1,0,0,0,0,109,2500.0
0.95,EX3,1636,3,1,1,0,0,109,2500.0
0.95,EX3,1637,4,0,0,0,0,109,2500.0
0.95,EX3,1638,4,0,0,0,0,109,2500.0
0.95,EX3,1639,3,0,0,0,0,109,2500.0
0.95,EX3,1640,2,0,0,0,0,109,2500.0
0.95,EX3,1641,3,0,0,0,0,109,2500.0
0.95,EX3,1642,3,0,0,0,0,109,2500.0
0.95,EX3,1643,3,0,0,0,0,109,2500.0
0.95,EX3,1644,5,0,0,0,0,109,2500.0
0.95,EX3,1645,7,4,4,0,0,109,2500.0
0.95,EX3,1646,5,0,0,0,0,109,2500.0
0.95,EX3,1647,5,1,1,0,0,109,2500.0
0.95,EX3,1648,3,0,0,0,0,109,2500.0
0.95,EX3,1649,3,0,0,0,0,109,2500.0
0.95,EX3,1650,4,1,1,0,0,110,2500.0
0.95,EX3,1651,2,0,0,0,0,110,2500.0
0.95,EX3,1652,2,0,0,0,0,110,2500.0
0.95,EX3,1653,1,0,0,0,0,110,2500.0
0.95,EX3,1654,1,0,0,0,0,110,2500.0
0.95,EX3,1655,3,0,0,0,0,110,2500.0
0.95,EX3,1656,1,0,0,0,0,110,2500.0
0.95,EX3,1657,4,0,0,0,0,110,2500.0
0.95,EX3,1658,3,0,0,0,0,110,2500.0
0.95,EX3,1659,2,0,0,0,0,110,2500.0
0.95,EX3,1660,1,0,0,0,0,110,2500.0
0.95,EX3,1661,1,0,0,0,0,110,2500.0
0.95,EX3,1662,2,0,0,0,0,110,2500.0
0.95,EX3,1663,3,0,0,0,0,110,2500.0
0.95,EX3,1664,4,0,0,0,0,110,2500.0
0.95,EX3,1770,2,0,0,0,0,118,2500.0
0.95,EX3,1771,4,0,0,0,0,118,2500.0
0.95,EX3,1772,7,0,0,0,0,118,2500.0
0.95,EX3,1773,3,0,0,0,0,118,2500.0
0.95,EX3,1774,4,1,1,0,0,118,2500.0
0.95,EX3,1775,4,0,0,0,0,118,2500.0
0.95,EX3,1776,3,0,0,0,0,118,2500.0
0.95,EX3,1777,2,1,1,0,0,118,2500.0
0.95,EX3,1778,3,0,0,0,0,118,2500.0
0.95,EX3,1779,3,1,1,0,0,118,2500.0
0.95,EX3,1780,4,0,0,0,0,118,2500.0
0.95,EX3,1781,2,0,0,0,0,118,2500.0
0.95,EX3,1782,5,1,1,0,0,118,2500.0
0.95,EX3,1783,6,0,0,0,0,118,2500.0
0.95,EX3,1784,5,0,0,0,0,118,2500.0
0.95,EX3,1800,3,0,0,0,0,120,2500.0
0.95,EX3,1801,2,0,0,0,0,120,2500.0
0.95,EX3,1802,2,0,0,0,0,120,2500.0
0.95,EX3,1803,2,0,0,0,0,120,2500.0
0.95,EX3,1804,2,0,0,0,0,120,2500.0
0.95,EX3,1805,3,0,0,0,0,120,2500.0
0.95,EX3,1806,4,0,0,0,0,120,2500.0
0.95,EX3,1807,2,0,0,0,0,120,2500.0
0.95,EX3,1808,5,0,0,0,0,120,2500.0
0.95,EX3,1809,0,0,0,0,0,120,2500.0
0.95,EX3,1810,1,1,1,0,0,120,2500.0
0.95,EX3,1811,0,0,0,0,0,120,2500.0
0.95,EX3,1812,5,1,1,0,0,120,2500.0
0.95,EX3,1813,4,1,1,0,0,120,2500.0
0.95,EX3,1814,2,0,0,0,0,120,2500.0
0.95,EX3,1965,3,0,0,0,0,131,2500.0
0.95,EX3,1966,3,1,1,0,0,131,2500.0
0.95,EX3,1967,5,0,0,0,0,131,2500.0
0.95,EX3,1968,2,1,1,0,0,131,2500.0
0.95,EX3,1969,4,0,0,0,0,131,2500.0
0.95,EX3,1970,3,0,0,0,0,131,2500.0
0.95,EX3,1971,6,0,0,0,0,131,2500.0
0.95,EX3,1972,5,0,0,0,0,131,2500.0
0.95,EX3,1973,4,3,3,0,0,131,2500.0
0.95,EX3,1974,3,0,0,0,0,131,2500.0
0.95,EX3,1975,3,0,0,0,0,131,2500.0
0.95,EX3,1976,4,0,0,0,0,131,2500.0
0.95,EX3,1977,4,0,0,0,0,131,2500.0
0.95,EX3,1978,4,1,1,0,0,131,2500.0
0.95,EX3,1979,9,1,1,0,0,131,2500.0
0.95,EX3,1980,6,1,1,0,0,132,2500.0
0.95,EX3,1981,4,0,0,0,0,132,2500.0
0.95,EX3,1982,2,0,0,0,0,132,2500.0
0.95,EX3,1983,3,1,1,0,0,132,2500.0
0.95,EX3,1984,0,0,0,0,0,132,2500.0
0.95,EX3,1985,1,0,0,0,0,132,2500.0
0.95,EX3,1986,1,0,0,0,0,132,2500.0
0.95,EX3,1987,3,0,0,0,0,132,2500.0
0.95,EX3,1988,2,0,0,0,0,132,2500.0
0.95,EX3,1989,3,0,0,0,0,132,2500.0
0.95,EX3,1990,5,0,0,0,0,132,2500.0
0.95,EX3,1991,3,1,1,0,0,132,2500.0
0.95,EX3,1992,0,0,0,0,0,132,2500.0
0.95,EX3,1993,2,0,0,0,0,132,2500.0
0.95,EX3,1994,4,0,0,0,0,132,2500.0
0.95,EX3,1995,3,0,0,0,0,133,2500.0
0.95,EX3,1996,0,0,0,0,0,133,2500.0
0.95,EX3,1997,3,0,0,0,0,133,2500.0
0.95,EX3,1998,2,1,1,0,0,133,2500.0
0.95,EX3,1999,2,0,0,0,0,133,2500.0
0.95,EX3,2000,6,1,1,0,0,133,2500.0
0.95,EX3,2001,4,0,0,0,0,133,2500.0
0.95,EX3,2002,2,0,0,0,0,133,2500.0
0.95,EX3,2003,5,0,0,0,0,133,2500.0
0.95,EX3,2004,2,0,0,0,0,133,2500.0
0.95,EX3,2005,2,0,0,0,0,133,2500.0
0.95,EX3,2006,1,0,0,0,0,133,2500.0
0.95,EX3,2007,3,1,1,0,0,133,2500.0
0.95,EX3,2008,2,0,0,0,0,133,2500.0
0.95,EX3,2009,11,0,0,0,0,133,2500.0
0.95,EX3,2025,3,1,1,0,0,135,2500.0
0.95,EX3,2026,2,0,0,0,0,135,2500.0
0.95,EX3,2027,2,0,0,0,0,135,2500.0
0.95,EX3,2028,6,0,0,0,0,135,2500.0
0.95,EX3,2029,2,0,0,0,0,135,2500.0
0.95,EX3,2030,1,0,0,0,0,135,2500.0
0.95,EX3,2031,3,0,0,0,0,135,2500.0
0.95,EX3,2032,7,0,0,0,0,135,2500.0
0.95,EX3,2033,5,1,0,1,0,135,2500.0
0.95,EX3,2034,4,0,0,0,0,135,2500.0
0.95,EX3,2035,5,0,0,0,0,135,2500.0
0.95,EX3,2036,2,0,0,0,0,135,2500.0
0.95,EX3,2037,4,0,0,0,0,135,2500.0
0.95,EX3,2038,4,1,0,1,0,135,2500.0
0.95,EX3,2039,7,0,0,0,0,135,2500.0
0.95,EX3,2040,2,0,0,0,0,136,2500.0
0.95,EX3,2041,3,0,0,0,0,136,2500.0
0.95,EX3,2042,4,1,1,0,0,136,2500.0
0.95,EX3,2043,1,0,0,0,0,136,2500.0
0.95,EX3,2044,4,0,0,0,0,136,2500.0
0.95,EX3,2045,2,1,1,0,0,136,2500.0
0.95,EX3,2046,4,1,1,0,0,136,2500.0
0.95,EX3,2047,3,0,0,0,0,136,2500.0
0.95,EX3,2048,3,1,0,1,0,136,2500.0
0.95,EX3,2049,2,0,0,0,0,136,2500.0
0.95,EX3,2050,3,1,1,0,0,136,2500.0
0.95,EX3,2051,5,0,0,0,0,136,2500.0
0.95,EX3,2052,1,0,0,0,0,136,2500.0
0.95,EX3,2053,9,0,0,0,0,136,2500.0
0.95,EX3,2054,5,0,0,0,0,136,2500.0
0.95,EX3,2220,4,0,0,0,0,148,2500.0
0.95,EX3,2221,2,0,0,0,0,148,2500.0
0.95,EX3,2222,7,0,0,0,0,148,2500.0
0.95,EX3,2223,0,0,0,0,0,148,2500.0
0.95,EX3,2224,5,0,0,0,0,148,2500.0
0.95,EX3,2225,3,0,0,0,0,148,2500.0
0.95,EX3,2226,3,0,0,0,0,148,2500.0
0.95,EX3,2227,4,0,0,0,0,148,2500.0
0.95,EX3,2228,4,0,0,0,0,148,2500.0
0.95,EX3,2229,5,1,1,0,0,148,2500.0
0.95,EX3,2230,4,0,0,0,0,148,2500.0
0.95,EX3,2231,2,1,1,0,0,148,2500.0
0.95,EX3,2232,5,1,1,0,0,148,2500.0
0.95,EX3,2233,6,1,1,0,0,148,2500.0
0.95,EX3,2234,3,0,0,0,0,148,2500.0
0.95,EX3,2325,4,0,0,0,0,155,2500.0
0.95,EX3,2326,1,0,0,0,0,155,2500.0
0.95,EX3,2327,2,0,0,0,0,155,2500.0
0.95,EX3,2328,4,0,0,0,0,155,2500.0
0.95,EX3,2329,5,1,1,0,0,155,2500.0
0.95,EX3,2330,5,0,0,0,0,155,2500.0
0.95,EX3,2331,1,0,0,0,0,155,2500.0
0.95,EX3,2332,2,1,1,0,0,155,2500.0
0.95,EX3,2333,4,0,0,0,0,155,2500.0
0.95,EX3,2334,1,0,0,0,0,155,2500.0
0.95,EX3,2335,3,0,0,0,0,155,2500.0
0.95,EX3,2336,1,0,0,0,0,155,2500.0
0.95,EX3,2337,2,0,0,0,0,155,2500.0
0.95,EX3,2338,3,0,0,0,0,155,2500.0
0.95,EX3,2339,3,0,0,0,0,155,2500.0
0.95,EX3,2370,2,0,0,0,0,158,2500.0
0.95,EX3,2371,6,0,0,0,0,158,2500.0
0.95,EX3,2372,4,1,1,0,0,158,2500.0
0.95,EX3,2373,0,0,0,0,0,158,2500.0
0.95,EX3,2374,2,0,0,0,0,158,2500.0
0.95,EX3,2375,6,0,0,0,0,158,2500.0
0.95,EX3,2376,1,0,0,0,0,158,2500.0
0.95,EX3,2377,7,0,0,0,0,158,2500.0
0.95,EX3,2378,3,0,0,0,0,158,2500.0
0.95,EX3,2379,4,0,0,0,0,158,2500.0
0.95,EX3,2380,5,0,0,0,0,158,2500.0
0.95,EX3,2381,2,0,0,0,0,158,2500.0
0.95,EX3,2382,3,1,1,0,0,158,2500.0
0.95,EX3,2383,6,0,0,0,0,158,2500.0
0.95,EX3,2384,5,0,0,0,0,158,2500.0
0.95,EX3,2460,2,0,0,0,0,164,2500.0
0.95,EX3,2461,4,1,1,0,0,164,2500.0
0.95,EX3,2462,4,0,0,0,0,164,2500.0
0.95,EX3,2463,3,0,0,0,0,164,2500.0
0.95,EX3,2464,2,0,0,0,0,164,2500.0
0.95,EX3,2465,3,1,1,0,0,164,2500.0
0.95,EX3,2466,2,0,0,0,0,164,2500.0
0.95,EX3,2467,2,0,0,0,0,164,2500.0
0.95,EX3,2468,3,0,0,0,0,164,2500.0
0.95,EX3,2469,6,0,0,0,0,164,2500.0
0.95,EX3,2470,1,0,0,0,0,164,2500.0
0.95,EX3,2471,2,1,1,0,0,164,2500.0
0.95,EX3,2472,4,1,1,0,0,164,2500.0
0.95,EX3,2473,3,0,0,0,0,164,2500.0
0.95,EX3,2474,2,0,0,0,0,164,2500.0
0.95,EX3,2475,2,0,0,0,0,165,2500.0
0.95,EX3,2476,2,1,1,0,0,165,2500.0
0.95,EX3,2477,2,0,0,0,0,165,2500.0
0.95,EX3,2478,4,1,1,0,0,165,2500.0
0.95,EX3,2479,5,0,0,0,0,165,2500.0
0.95,EX3,2480,5,0,0,0,0,165,2500.0
0.95,EX3,2481,3,1,1,0,0,165,2500.0
0.95,EX3,2482,2,0,0,0,0,165,2500.0
0.95,EX3,2483,5,0,0,0,0,165,2500.0
0.95,EX3,2484,4,0,0,0,0,165,2500.0
0.95,EX3,2485,1,1,1,0,0,165,2500.0
0.95,EX3,2486,5,1,1,0,0,165,2500.0
0.95,EX3,2487,3,0,0,0,0,165,2500.0
0.95,EX3,2488,6,0,0,0,0,165,2500.0
0.95,EX3,2489,3,0,0,0,0,165,2500.0
0.95,EX3,2640,3,0,0,0,0,176,2500.0
0.95,EX3,2641,4,0,0,0,0,176,2500.0
0.95,EX3,2642,3,0,0,0,0,176,2500.0
0.95,EX3,2643,4,1,1,0,0,176,2500.0
0.95,EX3,2644,5,0,0,0,0,176,2500.0
0.95,EX3,2645,6,1,1,0,0,176,2500.0
0.95,EX3,2646,6,1,1,0,0,176,2500.0
0.95,EX3,2647,5,1,0,1,0,176,2500.0
0.95,EX3,2648,7,1,1,0,0,176,2500.0
0.95,EX3,2649,5,1,1,0,0,176,2500.0
0.95,EX3,2650,2,0,0,0,0,176,2500.0
0.95,EX3,2651,6,0,0,0,0,176,2500.0
0.95,EX3,2652,5,0,0,0,0,176,2500.0
0.95,EX3,2653,2,0,0,0,0,176,2500.0
0.95,EX3,2654,2,0,0,0,0,176,2500.0
0.95,EX3,2715,7,1,1,0,0,181,2500.0
0.95,EX3,2716,4,1,1,0,0,181,2500.0
0.95,EX3,2717,2,0,0,0,0,181,2500.0
0.95,EX3,2718,7,0,0,0,0,181,2500.0
0.95,EX3,2719,4,0,0,0,0,181,2500.0
0.95,EX3,2720,6,0,0,0,0,181,2500.0
0.95,EX3,2721,3,1,1,0,0,181,2500.0
0.95,EX3,2722,4,0,0,0,0,181,2500.0
0.95,EX3,2723,2,1,1,0,0,181,2500.0
0.95,EX3,2724,2,0,0,0,0,181,2500.0
0.95,EX3,2725,2,0,0,0,0,181,2500.0
0.95,EX3,2726,4,1,1,0,0,181,2500.0
0.95,EX3,2727,6,0,0,0,0,181,2500.0
0.95,EX3,2728,1,0,0,0,0,181,2500.0
0.95,EX3,2729,2,0,0,0,0,181,2500.0
0.95,EX3,2730,3,1,1,0,0,182,2500.0
0.95,EX3,2731,3,0,0,0,0,182,2500.0
0.95,EX3,2732,8,3,3,0,0,182,2500.0
0.95,EX3,2733,3,1,1,0,0,182,2500.0
0.95,EX3,2734,2,0,0,0,0,182,2500.0
0.95,EX3,2735,1,0,0,0,0,182,2500.0
0.95,EX3,2736,3,1,1,0,0,182,2500.0
0.95,EX3,2737,5,2,2,0,0,182,2500.0
0.95,EX3,2738,5,0,0,0,0,182,2500.0
0.95,EX3,2739,2,0,0,0,0,182,2500.0
0.95,EX3,2740,4,1,1,0,0,182,2500.0
0.95,EX3,2741,6,0,0,0,0,182,2500.0
0.95,EX3,2742,1,0,0,0,0,182,2500.0
0.95,EX3,2743,4,2,2,0,0,182,2500.0
0.95,EX3,2744,1,0,0,0,0,182,2500.0
0.95,EX3,2880,4,1,1,0,0,192,2500.0
0.95,EX3,2881,4,0,0,0,0,192,2500.0
0.95,EX3,2882,2,0,0,0,0,192,2500.0
0.95,EX3,2883,5,1,1,0,0,192,2500.0
0.95,EX3,2884,3,0,0,0,0,192,2500.0
0.95,EX3,2885,1,0,0,0,0,192,2500.0
0.95,EX3,2886,2,0,0,0,0,192,2500.0
0.95,EX3,2887,2,0,0,0,0,192,2500.0
0.95,EX3,2888,3,0,0,0,0,192,2500.0
0.95,EX3,2889,1,0,0,0,0,192,2500.0
0.95,EX3,2890,5,0,0,0,0,192,2500.0
0.95,EX3,2891,6,0,0,0,0,192,2500.0
0.95,EX3,2892,2,0,0,0,0,192,2500.0
0.95,EX3,2893,3,1,1,0,0,192,2500.0
0.95,EX3,2894,4,2,2,0,0,192,2500.0
0.95,EX3,2985,7,0,0,0,0,199,2500.0
0.95,EX3,2986,2,0,0,0,0,199,2500.0
0.95,EX3,2987,4,1,1,0,0,199,2500.0
0.95,EX3,2988,3,0,0,0,0,199,2500.0
0.95,EX3,2989,3,0,0,0,0,199,2500.0
0.95,EX3,2990,4,1,1,0,0,199,2500.0
0.95,EX3,2991,3,0,0,0,0,199,2500.0
0.95,EX3,2992,3,1,1,0,0,199,2500.0
0.95,EX3,2993,3,0,0,0,0,199,2500.0
0.95,EX3,2994,1,0,0,0,0,199,2500.0
0.95,EX3,2995,4,0,0,0,0,199,2500.0
0.95,EX3,2996,3,0,0,0,0,199,2500.0
0.95,EX3,2997,1,1,1,0,0,199,2500.0
0.95,EX3,2998,4,0,0,0,0,199,2500.0
0.95,EX3,2999,4,0,0,0,0,199,2500.0
0.95,EX3,3060,2,0,0,0,0,204,2500.0
0.95,EX3,3061,3,0,0,0,0,204,2500.0
0.95,EX3,3062,4,0,0,0,0,204,2500.0
0.95,EX3,3063,2,1,1,0,0,204,2500.0
0.95,EX3,3064,3,0,0,0,0,204,2500.0
0.95,EX3,3065,3,0,0,0,0,204,2500.0
0.95,EX3,3066,2,0,0,0,0,204,2500.0
0.95,EX3,3067,5,1,1,0,0,204,2500.0
0.95,EX3,3068,3,0,0,0,0,204,2500.0
0.95,EX3,3069,3,0,0,0,0,204,2500.0
0.95,EX3,3070,4,0,0,0,0,204,2500.0
0.95,EX3,3071,3,0,0,0,0,204,2500.0
0.95,EX3,3072,6,0,0,0,0,204,2500.0
0.95,EX3,3073,2,0,0,0,0,204,2500.0
0.95,EX3,3074,4,1,1,0,0,204,2500.0
0.95,EX3,3135,3,0,0,0,0,209,2500.0
0.95,EX3,3136,4,0,0,0,0,209,2500.0
0.95,EX3,3137,4,0,0,0,0,209,2500.0
0.95,EX3,3138,3,0,0,0,0,209,2500.0
0.95,EX3,3139,5,0,0,0,0,209,2500.0
0.95,EX3,3140,7,0,0,0,0,209,2500.0
0.95,EX3,3141,4,0,0,0,0,209,2500.0
0.95,EX3,3142,2,0,0,0,0,209,2500.0
0.95,EX3,3143,3,0,0,0,0,209,2500.0
0.95,EX3,3144,5,0,0,0,0,209,2500.0
0.95,EX3,3145,6,1,1,0,0,209,2500.0
0.95,EX3,3146,1,0,0,0,0,209,2500.0
0.95,EX3,3147,5,0,0,0,0,209,2500.0
0.95,EX3,3148,3,0,0,0,0,209,2500.0
0.95,EX3,3149,1,1,1,0,0,209,2500.0
0.95,EX3,3150,4,0,0,0,0,210,2500.0
0.95,EX3,3151,4,0,0,0,0,210,2500.0
0.95,EX3,3152,2,0,0,0,0,210,2500.0
0.95,EX3,3153,6,0,0,0,0,210,2500.0
0.95,EX3,3154,5,0,0,0,0,210,2500.0
0.95,EX3,3155,5,0,0,0,0,210,2500.0
0.95,EX3,3156,2,0,0,0,0,210,2500.0
0.95,EX3,3157,4,1,1,0,0,210,2500.0
0.95,EX3,3158,1,0,0,0,0,210,2500.0
0.95,EX3,3159,2,0,0,0,0,210,2500.0
0.95,EX3,3160,8,0,0,0,0,210,2500.0
0.95,EX3,3161,3,0,0,0,0,210,2500.0
0.95,EX3,3162,4,1,1,0,0,210,2500.0
0.95,EX3,3163,7,2,2,0,0,210,2500.0
0.95,EX3,3164,2,1,1,0,0,210,2500.0
0.95,EX3,3165,4,0,0,0,0,211,2500.0
0.95,EX3,3166,1,0,0,0,0,211,2500.0
0.95,EX3,3167,4,0,0,0,0,211,2500.0
0.95,EX3,3168,1,0,0,0,0,211,2500.0
0.95,EX3,3169,4,0,0,0,0,211,2500.0
0.95,EX3,3170,5,0,0,0,0,211,2500.0
0.95,EX3,3171,5,0,0,0,0,211,2500.0
0.95,EX3,3172,6,0,0,0,0,211,2500.0
0.95,EX3,3173,3,0,0,0,0,211,2500.0
0.95,EX3,3174,2,1,1,0,0,211,2500.0
0.95,EX3,3175,3,0,0,0,0,211,2500.0
0.95,EX3,3176,2,0,0,0,0,211,2500.0
0.95,EX3,3177,5,0,0,0,0,211,2500.0
0.95,EX3,3178,3,0,0,0,0,211,2500.0
0.95,EX3,3179,1,0,0,0,0,211,2500.0
0.95,EX3,3195,5,0,0,0,0,213,2500.0
0.95,EX3,3196,3,0,0,0,0,213,2500.0
0.95,EX3,3197,4,1,1,0,0,213,2500.0
0.95,EX3,3198,4,0,0,0,0,213,2500.0
0.95,EX3,3199,8,0,0,0,0,213,2500.0
0.95,EX3,3200,3,0,0,0,0,213,2500.0
0.95,EX3,3201,2,1,1,0,0,213,2500.0
0.95,EX3,3202,1,0,0,0,0,213,2500.0
0.95,EX3,3203,4,0,0,0,0,213,2500.0
0.95,EX3,3204,1,0,0,0,0,213,2500.0
0.95,EX3,3205,6,0,0,0,0,213,2500.0
0.95,EX3,3206,3,0,0,0,0,213,2500.0
0.95,EX3,3207,2,0,0,0,0,213,2500.0
0.95,EX3,3208,2,0,0,0,0,213,2500.0
0.95,EX3,3209,4,0,0,0,0,213,2500.0
0.95,EX3,3270,2,0,0,0,0,218,2500.0
0.95,EX3,3271,8,1,1,0,0,218,2500.0
0.95,EX3,3272,3,0,0,0,0,218,2500.0
0.95,EX3,3273,3,0,0,0,0,218,2500.0
0.95,EX3,3274,7,0,0,0,0,218,2500.0
0.95,EX3,3275,1,0,0,0,0,218,2500.0
0.95,EX3,3276,7,0,0,0,0,218,2500.0
0.95,EX3,3277,2,0,0,0,0,218,2500.0
0.95,EX3,3278,3,1,1,0,0,218,2500.0
0.95,EX3,3279,3,0,0,0,0,218,2500.0
0.95,EX3,3280,5,2,2,0,0,218,2500.0
0.95,EX3,3281,1,0,0,0,0,218,2500.0
0.95,EX3,3282,2,0,0,0,0,218,2500.0
0.95,EX3,3283,2,0,0,0,0,218,2500.0
0.95,EX3,3284,1,0,0,0,0,218,2500.0
0.95,EX3,3300,4,0,0,0,0,220,2500.0
0.95,EX3,3301,2,0,0,0,0,220,2500.0
0.95,EX3,3302,3,1,1,0,0,220,2500.0
0.95,EX3,3303,6,2,2,0,0,220,2500.0
0.95,EX3,3304,1,0,0,0,0,220,2500.0
0.95,EX3,3305,4,2,2,0,0,220,2500.0
0.95,EX3,3306,4,1,1,0,0,220,2500.0
0.95,EX3,3307,3,0,0,0,0,220,2500.0
0.95,EX3,3308,8,1,1,0,0,220,2500.0
0.95,EX3,3309,1,0,0,0,0,220,2500.0
0.95,EX3,3310,1,0,0,0,0,220,2500.0
0.95,EX3,3311,8,0,0,0,0,220,2500.0
0.95,EX3,3312,1,0,0,0,0,220,2500.0
0.95,EX3,3313,4,0,0,0,0,220,2500.0
0.95,EX3,3314,2,0,0,0,0,220,2500.0
0.95,EX3,3405,3,0,0,0,0,227,2500.0
0.95,EX3,3406,7,0,0,0,0,227,2500.0
0.95,EX3,3407,3,0,0,0,0,227,2500.0
0.95,EX3,3408,0,0,0,0,0,227,2500.0
0.95,EX3,3409,2,0,0,0,0,227,2500.0
0.95,EX3,3410,2,0,0,0,0,227,2500.0
0.95,EX3,3411,3,1,1,0,0,227,2500.0
0.95,EX3,3412,3,0,0,0,0,227,2500.0
0.95,EX3,3413,5,0,0,0,0,227,2500.0
0.95,EX3,3414,2,0,0,0,0,227,2500.0
0.95,EX3,3415,3,0,0,0,0,227,2500.0
0.95,EX3,3416,3,0,0,0,0,227,2500.0
0.95,EX3,3417,6,0,0,0,0,227,2500.0
0.95,EX3,3418,3,1,1,0,0,227,2500.0
0.95,EX3,3419,4,0,0,0,0,227,2500.0
0.95,EX3,3525,2,0,0,0,0,235,2500.0
0.95,EX3,3526,2,0,0,0,0,235,2500.0
0.95,EX3,3527,6,1,1,0,0,235,2500.0
0.95,EX3,3528,2,0,0,0,0,235,2500.0
0.95,EX3,3529,3,0,0,0,0,235,2500.0
0.95,EX3,3530,3,0,0,0,0,235,2500.0
0.95,EX3,3531,7,0,0,0,0,235,2500.0
0.95,EX3,3532,4,1,1,0,0,235,2500.0
0.95,EX3,3533,1,0,0,0,0,235,2500.0
0.95,EX3,3534,3,0,0,0,0,235,2500.0
0.95,EX3,3535,3,1,1,0,0,235,2500.0
0.95,EX3,3536,5,0,0,0,0,235,2500.0
0.95,EX3,3537,3,0,0,0,0,235,2500.0
0.95,EX3,3538,5,1,1,0,0,235,2500.0
0.95,EX3,3539,7,1,1,0,0,235,2500.0
0.95,EX3,3660,4,0,0,0,0,244,2500.0
0.95,EX3,3661,11,2,2,0,0,244,2500.0
0.95,EX3,3662,4,0,0,0,0,244,2500.0
0.95,EX3,3663,3,1,1,0,0,244,2500.0
0.95,EX3,3664,2,0,0,0,0,244,2500.0
0.95,EX3,3665,2,0,0,0,0,244,2500.0
0.95,EX3,3666,3,0,0,0,0,244,2500.0
0.95,EX3,3667,3,0,0,0,0,244,2500.0
0.95,EX3,3668,3,0,0,0,0,244,2500.0
0.95,EX3,3669,5,1,1,0,0,244,2500.0
0.95,EX3,3670,4,0,0,0,0,244,2500.0
0.95,EX3,3671,3,1,1,0,0,244,2500.0
0.95,EX3,3672,2,0,0,0,0,244,2500.0
0.95,EX3,3673,3,0,0,0,0,244,2500.0
0.95,EX3,3674,2,0,0,0,0,244,2500.0
0.95,EX3,3735,4,1,1,0,0,249,2500.0
0.95,EX3,3736,5,0,0,0,0,249,2500.0
0.95,EX3,3737,0,0,0,0,0,249,2500.0
0.95,EX3,3738,4,0,0,0,0,249,2500.0
0.95,EX3,3739,4,0,0,0,0,249,2500.0
0.95,EX3,3740,5,0,0,0,0,249,2500.0
0.95,EX3,3741,4,0,0,0,0,249,2500.0
0.95,EX3,3742,3,0,0,0,0,249,2500.0
0.95,EX3,3743,2,0,0,0,0,249,2500.0
0.95,EX3,3744,1,0,0,0,0,249,2500.0
0.95,EX3,3745,5,0,0,0,0,249,2500.0
0.95,EX3,3746,4,2,2,0,0,249,2500.0
0.95,EX3,3747,3,0,0,0,0,249,2500.0
0.95,EX3,3748,4,1,1,0,0,249,2500.0
0.95,EX3,3749,2,0,0,0,0,249,2500.0
0.95,EX3,3750,7,0,0,0,0,250,2500.0
0.95,EX3,3751,3,0,0,0,0,250,2500.0
0.95,EX3,3752,2,0,0,0,0,250,2500.0
0.95,EX3,3753,2,0,0,0,0,250,2500.0
0.95,EX3,3754,3,1,0,1,0,250,2500.0
0.95,EX3,3755,5,0,0,0,0,250,2500.0
0.95,EX3,3756,6,0,0,0,0,250,2500.0
0.95,EX3,3757,5,0,0,0,0,250,2500.0
0.95,EX3,3758,3,0,0,0,0,250,2500.0
0.95,EX3,3759,3,0,0,0,0,250,2500.0
0.95,EX3,3760,6,0,0,0,0,250,2500.0
0.95,EX3,3761,3,0,0,0,0,250,2500.0
0.95,EX3,3762,4,0,0,0,0,250,2500.0
0.95,EX3,3763,5,0,0,0,0,250,2500.0
0.95,EX3,3764,2,1,1,0,0,250,2500.0
0.95,EX3,3840,2,0,0,0,0,256,2500.0
0.95,EX3,3841,1,0,0,0,0,256,2500.0
0.95,EX3,3842,0,0,0,0,0,256,2500.0
0.95,EX3,3843,3,0,0,0,0,256,2500.0
0.95,EX3,3844,4,1,1,0,0,256,2500.0
0.95,EX3,3845,4,0,0,0,0,256,2500.0
0.95,EX3,3846,5,1,1,0,0,256,2500.0
0.95,EX3,3847,4,1,1,0,0,256,2500.0
0.95,EX3,3848,4,0,0,0,0,256,2500.0
0.95,EX3,3849,3,0,0,0,0,256,2500.0
0.95,EX3,3850,8,1,1,0,0,256,2500.0
0.95,EX3,3851,2,0,0,0,0,256,2500.0
0.95,EX3,3852,4,0,0,0,0,256,2500.0
0.95,EX3,3853,3,0,0,0,0,256,2500.0
0.95,EX3,3854,6,0,0,0,0,256,2500.0
0.95,EX3,3900,3,0,0,0,0,260,2500.0
0.95,EX3,3901,1,0,0,0,0,260,2500.0
0.95,EX3,3902,3,0,0,0,0,260,2500.0
0.95,EX3,3903,4,0,0,0,0,260,2500.0
0.95,EX3,3904,1,0,0,0,0,260,2500.0
0.95,EX3,3905,3,0,0,0,0,260,2500.0
0.95,EX3,3906,2,1,1,0,0,260,2500.0
0.95,EX3,3907,1,0,0,0,0,260,2500.0
0.95,EX3,3908,4,0,0,0,0,260,2500.0
0.95,EX3,3909,1,0,0,0,0,260,2500.0
0.95,EX3,3910,6,0,0,0,0,260,2500.0
0.95,EX3,3911,5,0,0,0,0,260,2500.0
0.95,EX3,3912,4,1,1,0,0,260,2500.0
0.95,EX3,3913,7,2,2,0,0,260,2500.0
0.95,EX3,3914,9,1,1,0,0,260,2500.0
0.95,EX3,4065,3,0,0,0,0,271,2500.0
0.95,EX3,4066,4,1,1,0,0,271,2500.0
0.95,EX3,4067,2,0,0,0,0,271,2500.0
0.95,EX3,4068,4,0,0,0,0,271,2500.0
0.95,EX3,4069,7,1,1,0,0,271,2500.0
0.95,EX3,4070,4,2,2,0,0,271,2500.0
0.95,EX3,4071,2,0,0,0,0,271,2500.0
0.95,EX3,4072,10,2,2,0,0,271,2500.0
0.95,EX3,4073,1,0,0,0,0,271,2500.0
0.95,EX3,4074,4,1,1,0,0,271,2500.0
0.95,EX3,4075,4,1,1,0,0,271,2500.0
0.95,EX3,4076,2,0,0,0,0,271,2500.0
0.95,EX3,4077,3,0,0,0,0,271,2500.0
0.95,EX3,4078,3,0,0,0,0,271,2500.0
0.95,EX3,4079,2,0,0,0,0,271,2500.0
0.95,EX3,4215,5,0,0,0,0,281,2500.0
0.95,EX3,4216,8,0,0,0,0,281,2500.0
0.95,EX3,4217,5,0,0,0,0,281,2500.0
0.95,EX3,4218,4,1,1,0,0,281,2500.0
0.95,EX3,4219,4,0,0,0,0,281,2500.0
0.95,EX3,4220,5,1,1,0,0,281,2500.0
0.95,EX3,4221,1,0,0,0,0,281,2500.0
0.95,EX3,4222,2,0,0,0,0,281,2500.0
0.95,EX3,4223,3,0,0,0,0,281,2500.0
0.95,EX3,4224,4,0,0,0,0,281,2500.0
0.95,EX3,4225,1,0,0,0,0,281,2500.0
0.95,EX3,4226,3,0,0,0,0,281,2500.0
0.95,EX3,4227,3,0,0,0,0,281,2500.0
0.95,EX3,4228,6,2,2,0,0,281,2500.0
0.95,EX3,4229,4,0,0,0,0,281,2500.0
0.95,EX3,4260,5,0,0,0,0,284,2500.0
0.95,EX3,4261,3,0,0,0,0,284,2500.0
0.95,EX3,4262,7,0,0,0,0,284,2500.0
0.95,EX3,4263,1,0,0,0,0,284,2500.0
0.95,EX3,4264,5,0,0,0,0,284,2500.0
0.95,EX3,4265,5,0,0,0,0,284,2500.0
0.95,EX3,4266,4,0,0,0,0,284,2500.0
0.95,EX3,4267,3,1,1,0,0,284,2500.0
0.95,EX3,4268,2,1,1,0,0,284,2500.0
0.95,EX3,4269,4,0,0,0,0,284,2500.0
0.95,EX3,4270,1,0,0,0,0,284,2500.0
0.95,EX3,4271,2,0,0,0,0,284,2500.0
0.95,EX3,4272,5,0,0,0,0,284,2500.0
0.95,EX3,4273,4,0,0,0,0,284,2500.0
0.95,EX3,4274,2,1,1,0,0,284,2500.0
0.95,EX3,4290,3,0,0,0,0,286,2500.0
0.95,EX3,4291,4,0,0,0,0,286,2500.0
0.95,EX3,4292,5,0,0,0,0,286,2500.0
0.95,EX3,4293,4,1,1,0,0,286,2500.0
0.95,EX3,4294,1,0,0,0,0,286,2500.0
0.95,EX3,4295,1,0,0,0,0,286,2500.0
0.95,EX3,4296,2,1,1,0,0,286,2500.0
0.95,EX3,4297,9,1,1,0,0,286,2500.0
0.95,EX3,4298,6,0,0,0,0,286,2500.0
0.95,EX3,4299,2,0,0,0,0,286,2500.0
0.95,EX3,4300,6,1,1,0,0,286,2500.0
0.95,EX3,4301,3,0,0,0,0,286,2500.0
0.95,EX3,4302,2,1,1,0,0,286,2500.0
0.95,EX3,4303,1,0,0,0,0,286,2500.0
0.95,EX3,4304,3,0,0,0,0,286,2500.0
0.95,EX3,4365,4,0,0,0,0,291,2500.0
0.95,EX3,4366,2,0,0,0,0,291,2500.0
0.95,EX3,4367,5,2,2,0,0,291,2500.0
0.95,EX3,4368,0,0,0,0,0,291,2500.0
0.95,EX3,4369,3,0,0,0,0,291,2500.0
0.95,EX3,4370,3,0,0,0,0,291,2500.0
0.95,EX3,4371,3,0,0,0,0,291,2500.0
0.95,EX3,4372,3,0,0,0,0,291,2500.0
0.95,EX3,4373,1,0,0,0,0,291,2500.0
0.95,EX3,4374,5,0,0,0,0,291,2500.0
0.95,EX3,4375,4,0,0,0,0,291,2500.0
0.95,EX3,4376,8,0,0,0,0,291,2500.0
0.95,EX3,4377,3,0,0,0,0,291,2500.0
0.95,EX3,4378,2,0,0,0,0,291,2500.0
0.95,EX3,4379,3,0,0,0,0,291,2500.0
0.95,EX3,4380,3,0,0,0,0,292,2500.0
0.95,EX3,4381,1,0,0,0,0,292,2500.0
0.95,EX3,4382,5,1,1,0,0,292,2500.0
0.95,EX3,4383,6,0,0,0,0,292,2500.0
0.95,EX3,4384,3,0,0,0,0,292,2500.0
0.95,EX3,4385,7,0,0,0,0,292,2500.0
0.95,EX3,4386,2,0,0,0,0,292,2500.0
0.95,EX3,4387,4,0,0,0,0,292,2500.0
0.95,EX3,4388,4,0,0,0,0,292,2500.0
0.95,EX3,4389,5,0,0,0,0,292,2500.0
0.95,EX3,4390,1,0,0,0,0,292,2500.0
0.95,EX3,4391,2,0,0,0,0,292,2500.0
0.95,EX3,4392,2,0,0,0,0,292,2500.0
0.95,EX3,4393,7,0,0,0,0,292,2500.0
0.95,EX3,4394,3,0,0,0,0,292,2500.0
0.95,EX3,4440,5,3,3,0,0,296,2500.0
0.95,EX3,4441,3,0,0,0,0,296,2500.0
0.95,EX3,4442,4,0,0,0,0,296,2500.0
0.95,EX3,4443,1,0,0,0,0,296,2500.0
0.95,EX3,4444,3,1,1,0,0,296,2500.0
0.95,EX3,4445,2,0,0,0,0,296,2500.0
0.95,EX3,4446,5,3,3,0,0,296,2500.0
0.95,EX3,4447,2,0,0,0,0,296,2500.0
0.95,EX3,4448,3,0,0,0,0,296,2500.0
0.95,EX3,4449,3,0,0,0,0,296,2500.0
0.95,EX3,4450,5,1,1,0,0,296,2500.0
0.95,EX3,4451,6,0,0,0,0,296,2500.0
0.95,EX3,4452,3,0,0,0,0,296,2500.0
0.95,EX3,4453,1,0,0,0,0,296,2500.0
0.95,EX3,4454,4,0,0,0,0,296,2500.0
0.95,EX3,4530,1,0,0,0,0,302,2500.0
0.95,EX3,4531,8,1,1,0,0,302,2500.0
0.95,EX3,4532,2,0,0,0,0,302,2500.0
0.95,EX3,4533,2,0,0,0,0,302,2500.0
0.95,EX3,4534,7,0,0,0,0,302,2500.0
0.95,EX3,4535,5,1,1,0,0,302,2500.0
0.95,EX3,4536,3,0,0,0,0,302,2500.0
0.95,EX3,4537,5,0,0,0,0,302,2500.0
0.95,EX3,4538,4,1,1,0,0,302,2500.0
0.95,EX3,4539,2,0,0,0,0,302,2500.0
0.95,EX3,4540,6,0,0,0,0,302,2500.0
0.95,EX3,4541,5,0,0,0,0,302,2500.0
0.95,EX3,4542,3,0,0,0,0,302,2500.0
0.95,EX3,4543,3,0,0,0,0,302,2500.0
0.95,EX3,4544,10,1,1,0,0,302,2500.0
0.95,EX3,4560,4,2,2,0,0,304,2500.0
0.95,EX3,4561,4,1,1,0,0,304,2500.0
0.95,EX3,4562,7,0,0,0,0,304,2500.0
0.95,EX3,4563,5,1,0,1,0,304,2500.0
0.95,EX3,4564,3,1,1,0,0,304,2500.0
0.95,EX3,4565,3,0,0,0,0,304,2500.0
0.95,EX3,4566,3,1,1,0,0,304,2500.0
0.95,EX3,4567,4,1,0,1,0,304,2500.0
0.95,EX3,4568,3,0,0,0,0,304,2500.0
0.95,EX3,4569,2,0,0,0,0,304,2500.0
0.95,EX3,4570,4,0,0,0,0,304,2500.0
0.95,EX3,4571,4,0,0,0,0,304,2500.0
0.95,EX3,4572,2,0,0,0,0,304,2500.0
0.95,EX3,4573,3,0,0,0,0,304,2500.0
0.95,EX3,4574,3,0,0,0,0,304,2500.0
0.95,EX3,4650,3,0,0,0,0,310,2500.0
0.95,EX3,4651,2,0,0,0,0,310,2500.0
0.95,EX3,4652,1,0,0,0,0,310,2500.0
0.95,EX3,4653,1,0,0,0,0,310,2500.0
0.95,EX3,4654,3,0,0,0,0,310,2500.0
0.95,EX3,4655,6,1,1,0,0,310,2500.0
0.95,EX3,4656,2,0,0,0,0,310,2500.0
0.95,EX3,4657,2,0,0,0,0,310,2500.0
0.95,EX3,4658,3,0,0,0,0,310,2500.0
0.95,EX3,4659,5,1,0,1,0,310,2500.0
0.95,EX3,4660,1,0,0,0,0,310,2500.0
0.95,EX3,4661,3,0,0,0,0,310,2500.0
0.95,EX3,4662,5,0,0,0,0,310,2500.0
0.95,EX3,4663,0,0,0,0,0,310,2500.0
0.95,EX3,4664,1,0,0,0,0,310,2500.0
0.95,EX3,4710,2,0,0,0,0,314,2500.0
0.95,EX3,4711,3,0,0,0,0,314,2500.0
0.95,EX3,4712,3,0,0,0,0,314,2500.0
0.95,EX3,4713,2,0,0,0,0,314,2500.0
0.95,EX3,4714,2,0,0,0,0,314,2500.0
0.95,EX3,4715,3,1,1,0,0,314,2500.0
0.95,EX3,4716,6,0,0,0,0,314,2500.0
0.95,EX3,4717,2,0,0,0,0,314,2500.0
0.95,EX3,4718,3,0,0,0,0,314,2500.0
0.95,EX3,4719,5,0,0,0,0,314,2500.0
0.95,EX3,4720,2,1,1,0,0,314,2500.0
0.95,EX3,4721,3,0,0,0,0,314,2500.0
0.95,EX3,4722,4,0,0,0,0,314,2500.0
0.95,EX3,4723,3,0,0,0,0,314,2500.0
0.95,EX3,4724,4,1,0,1,0,314,2500.0
0.95,EX3,4770,1,0,0,0,0,318,2500.0
0.95,EX3,4771,0,0,0,0,0,318,2500.0
0.95,EX3,4772,2,0,0,0,0,318,2500.0
0.95,EX3,4773,2,0,0,0,0,318,2500.0
0.95,EX3,4774,3,0,0,0,0,318,2500.0
0.95,EX3,4775,2,0,0,0,0,318,2500.0
0.95,EX3,4776,4,0,0,0,0,318,2500.0
0.95,EX3,4777,5,0,0,0,0,318,2500.0
0.95,EX3,4778,1,0,0,0,0,318,2500.0
0.95,EX3,4779,4,0,0,0,0,318,2500.0
0.95,EX3,4780,4,0,0,0,0,318,2500.0
0.95,EX3,4781,3,0,0,0,0,318,2500.0
0.95,EX3,4782,4,2,2,0,0,318,2500.0
0.95,EX3,4783,2,0,0,0,0,318,2500.0
0.95,EX3,4784,4,0,0,0,0,318,2500.0
0.95,EX3,4935,4,0,0,0,0,329,2500.0
0.95,EX3,4936,4,0,0,0,0,329,2500.0
0.95,EX3,4937,5,0,0,0,0,329,2500.0
0.95,EX3,4938,5,1,1,0,0,329,2500.0
0.95,EX3,4939,3,0,0,0,0,329,2500.0
0.95,EX3,4940,3,0,0,0,0,329,2500.0
0.95,EX3,4941,4,1,1,0,0,329,2500.0
0.95,EX3,4942,3,0,0,0,0,329,2500.0
0.95,EX3,4943,3,1,1,0,0,329,2500.0
0.95,EX3,4944,4,0,0,0,0,329,2500.0
0.95,EX3,4945,4,0,0,0,0,329,2500.0
0.95,EX3,4946,2,0,0,0,0,329,2500.0
0.95,EX3,4947,5,2,2,0,0,329,2500.0
0.95,EX3,4948,6,1,1,0,0,329,2500.0
0.95,EX3,4949,3,2,2,0,0,329,2500.0
0.95,EX3,4995,0,0,0,0,0,333,2500.0
0.95,EX3,4996,6,0,0,0,0,333,2500.0
0.95,EX3,4997,5,0,0,0,0,333,2500.0
0.95,EX3,4998,0,0,0,0,0,333,2500.0
0.95,EX3,4999,10,0,0,0,0,333,2500.0
0.95,EX3,5000,3,1,1,0,0,333,2500.0
0.95,EX3,5001,5,1,1,0,0,333,2500.0
0.95,EX3,5002,9,1,1,0,0,333,2500.0
0.95,EX3,5003,0,0,0,0,0,333,2500.0
0.95,EX3,5004,4,0,0,0,0,333,2500.0
0.95,EX3,5005,1,0,0,0,0,333,2500.0
0.95,EX3,5006,3,0,0,0,0,333,2500.0
0.95,EX3,5007,4,0,0,0,0,333,2500.0
0.95,EX3,5008,4,0,0,0,0,333,2500.0
0.95,EX3,5009,3,1,1,0,0,333,2500.0
0.95,EX3,5070,3,1,1,0,0,338,2500.0
0.95,EX3,5071,4,0,0,0,0,338,2500.0
0.95,EX3,5072,4,0,0,0,0,338,2500.0
0.95,EX3,5073,3,1,1,0,0,338,2500.0
0.95,EX3,5074,2,0,0,0,0,338,2500.0
0.95,EX3,5075,2,0,0,0,0,338,2500.0
0.95,EX3,5076,4,0,0,0,0,338,2500.0
0.95,EX3,5077,6,0,0,0,0,338,2500.0
0.95,EX3,5078,7,1,1,0,0,338,2500.0
0.95,EX3,5079,2,0,0,0,0,338,2500.0
0.95,EX3,5080,3,0,0,0,0,338,2500.0
0.95,EX3,5081,4,0,0,0,0,338,2500.0
0.95,EX3,5082,4,0,0,0,0,338,2500.0
0.95,EX3,5083,3,0,0,0,0,338,2500.0
0.95,EX3,5084,2,0,0,0,0,338,2500.0
0.95,EX3,5115,3,1,1,0,0,341,2500.0
0.95,EX3,5116,7,2,2,0,0,341,2500.0
0.95,EX3,5117,3,0,0,0,0,341,2500.0
0.95,EX3,5118,4,0,0,0,0,341,2500.0
0.95,EX3,5119,4,0,0,0,0,341,2500.0
0.95,EX3,5120,3,1,1,0,0,341,2500.0
0.95,EX3,5121,6,0,0,0,0,341,2500.0
0.95,EX3,5122,1,0,0,0,0,341,2500.0
0.95,EX3,5123,6,0,0,0,0,341,2500.0
0.95,EX3,5124,3,0,0,0,0,341,2500.0
0.95,EX3,5125,4,0,0,0,0,341,2500.0
0.95,EX3,5126,4,0,0,0,0,341,2500.0
0.95,EX3,5127,2,0,0,0,0,341,2500.0
0.95,EX3,5128,4,1,1,0,0,341,2500.0
0.95,EX3,5129,3,0,0,0,0,341,2500.0
0.95,EX3,5295,5,0,0,0,0,353,2500.0
0.95,EX3,5296,6,1,1,0,0,353,2500.0
0.95,EX3,5297,3,1,1,0,0,353,2500.0
0.95,EX3,5298,6,1,1,0,0,353,2500.0
0.95,EX3,5299,3,0,0,0,0,353,2500.0
0.95,EX3,5300,8,0,0,0,0,353,2500.0
0.95,EX3,5301,4,0,0,0,0,353,2500.0
0.95,EX3,5302,8,0,0,0,0,353,2500.0
0.95,EX3,5303,0,0,0,0,0,353,2500.0
0.95,EX3,5304,4,0,0,0,0,353,2500.0
0.95,EX3,5305,4,0,0,0,0,353,2500.0
0.95,EX3,5306,5,2,2,0,0,353,2500.0
0.95,EX3,5307,4,0,0,0,0,353,2500.0
0.95,EX3,5308,7,0,0,0,0,353,2500.0
0.95,EX3,5309,5,0,0,0,0,353,2500.0
0.95,EX3,5400,7,1,1,0,0,360,2500.0
0.95,EX3,5401,5,0,0,0,0,360,2500.0
0.95,EX3,5402,2,0,0,0,0,360,2500.0
0.95,EX3,5403,3,0,0,0,0,360,2500.0
0.95,EX3,5404,4,0,0,0,0,360,2500.0
0.95,EX3,5405,1,0,0,0,0,360,2500.0
0.95,EX3,5406,3,0,0,0,0,360,2500.0
0.95,EX3,5407,8,0,0,0,0,360,2500.0
0.95,EX3,5408,0,0,0,0,0,360,2500.0
0.95,EX3,5409,4,1,1,0,0,360,2500.0
0.95,EX3,5410,5,0,0,0,0,360,2500.0
0.95,EX3,5411,2,0,0,0,0,360,2500.0
0.95,EX3,5412,3,0,0,0,0,360,2500.0
0.95,EX3,5413,4,0,0,0,0,360,2500.0
0.95,EX3,5414,3,1,1,0,0,360,2500.0
0.95,EX3,5415,3,0,0,0,0,361,2500.0
0.95,EX3,5416,3,0,0,0,0,361,2500.0
0.95,EX3,5417,2,0,0,0,0,361,2500.0
0.95,EX3,5418,2,0,0,0,0,361,2500.0
0.95,EX3,5419,2,0,0,0,0,361,2500.0
0.95,EX3,5420,8,1,1,0,0,361,2500.0
0.95,EX3,5421,4,0,0,0,0,361,2500.0
0.95,EX3,5422,3,0,0,0,0,361,2500.0
0.95,EX3,5423,3,0,0,0,0,361,2500.0
0.95,EX3,5424,1,0,0,0,0,361,2500.0
0.95,EX3,5425,4,1,1,0,0,361,2500.0
0.95,EX3,5426,3,0,0,0,0,361,2500.0
0.95,EX3,5427,3,1,1,0,0,361,2500.0
0.95,EX3,5428,5,0,0,0,0,361,2500.0
0.95,EX3,5429,4,1,1,0,0,361,2500.0
0.95,EX3,5535,2,0,0,0,0,369,2500.0
0.95,EX3,5536,5,0,0,0,0,369,2500.0
0.95,EX3,5537,6,0,0,0,0,369,2500.0
0.95,EX3,5538,2,0,0,0,0,369,2500.0
0.95,EX3,5539,5,0,0,0,0,369,2500.0
0.95,EX3,5540,3,0,0,0,0,369,2500.0
0.95,EX3,5541,2,1,1,0,0,369,2500.0
0.95,EX3,5542,1,0,0,0,0,369,2500.0
0.95,EX3,5543,4,0,0,0,0,369,2500.0
0.95,EX3,5544,4,1,1,0,0,369,2500.0
0.95,EX3,5545,3,0,0,0,0,369,2500.0
0.95,EX3,5546,3,0,0,0,0,369,2500.0
0.95,EX3,5547,2,0,0,0,0,369,2500.0
0.95,EX3,5548,3,0,0,0,0,369,2500.0
0.95,EX3,5549,2,0,0,0,0,369,2500.0
0.95,EX3,5820,2,0,0,0,0,388,2500.0
0.95,EX3,5821,6,0,0,0,0,388,2500.0
0.95,EX3,5822,2,0,0,0,0,388,2500.0
0.95,EX3,5823,3,1,1,0,0,388,2500.0
0.95,EX3,5824,5,0,0,0,0,388,2500.0
0.95,EX3,5825,3,0,0,0,0,388,2500.0
0.95,EX3,5826,3,1,1,0,0,388,2500.0
0.95,EX3,5827,3,0,0,0,0,388,2500.0
0.95,EX3,5828,2,0,0,0,0,388,2500.0
0.95,EX3,5829,2,0,0,0,0,388,2500.0
0.95,EX3,5830,1,0,0,0,0,388,2500.0
0.95,EX3,5831,5,2,2,0,0,388,2500.0
0.95,EX3,5832,8,1,1,0,0,388,2500.0
0.95,EX3,5833,5,1,1,0,0,388,2500.0
0.95,EX3,5834,4,0,0,0,0,388,2500.0
0.95,EX3,5850,2,0,0,0,0,390,2500.0
0.95,EX3,5851,4,0,0,0,0,390,2500.0
0.95,EX3,5852,5,0,0,0,0,390,2500.0
0.95,EX3,5853,1,0,0,0,0,390,2500.0
0.95,EX3,5854,2,1,1,0,0,390,2500.0
0.95,EX3,5855,2,0,0,0,0,390,2500.0
0.95,EX3,5856,3,1,1,0,0,390,2500.0
0.95,EX3,5857,4,1,0,1,0,390,2500.0
0.95,EX3,5858,1,0,0,0,0,390,2500.0
0.95,EX3,5859,2,0,0,0,0,390,2500.0
0.95,EX3,5860,3,0,0,0,0,390,2500.0
0.95,EX3,5861,2,0,0,0,0,390,2500.0
0.95,EX3,5862,2,0,0,0,0,390,2500.0
0.95,EX3,5863,2,0,0,0,0,390,2500.0
0.95,EX3,5864,4,1,1,0,0,390,2500.0
0.95,EX3,5895,7,1,1,0,0,393,2500.0
0.95,EX3,5896,2,0,0,0,0,393,2500.0
0.95,EX3,5897,2,0,0,0,0,393,2500.0
0.95,EX3,5898,6,0,0,0,0,393,2500.0
0.95,EX3,5899,6,1,1,0,0,393,2500.0
0.95,EX3,5900,3,0,0,0,0,393,2500.0
0.95,EX3,5901,8,0,0,0,0,393,2500.0
0.95,EX3,5902,3,0,0,0,0,393,2500.0
0.95,EX3,5903,4,0,0,0,0,393,2500.0
0.95,EX3,5904,4,0,0,0,0,393,2500.0
0.95,EX3,5905,4,0,0,0,0,393,2500.0
0.95,EX3,5906,6,1,1,0,0,393,2500.0
0.95,EX3,5907,4,0,0,0,0,393,2500.0
0.95,EX3,5908,2,0,0,0,0,393,2500.0
0.95,EX3,5909,2,0,0,0,0,393,2500.0
0.95,EX3,5985,3,0,0,0,0,399,2500.0
0.95,EX3,5986,0,0,0,0,0,399,2500.0
0.95,EX3,5987,3,0,0,0,0,399,2500.0
0.95,EX3,5988,5,0,0,0,0,399,2500.0
0.95,EX3,5989,5,0,0,0,0,399,2500.0
0.95,EX3,5990,3,0,0,0,0,399,2500.0
0.95,EX3,5991,3,0,0,0,0,399,2500.0
0.95,EX3,5992,2,0,0,0,0,399,2500.0
0.95,EX3,5993,4,0,0,0,0,399,2500.0
0.95,EX3,5994,2,0,0,0,0,399,2500.0
0.95,EX3,5995,4,0,0,0,0,399,2500.0
0.95,EX3,5996,3,0,0,0,0,399,2500.0
0.95,EX3,5997,6,0,0,0,0,399,2500.0
0.95,EX3,5998,2,0,0,0,0,399,2500.0
0.95,EX3,5999,3,0,0,0,0,399,2500.0
0.95,EX3,6165,4,0,0,0,0,411,2500.0
0.95,EX3,6166,3,0,0,0,0,411,2500.0
0.95,EX3,6167,2,0,0,0,0,411,2500.0
0.95,EX3,6168,6,1,1,0,0,411,2500.0
0.95,EX3,6169,2,0,0,0,0,411,2500.0
0.95,EX3,6170,2,0,0,0,0,411,2500.0
0.95,EX3,6171,2,0,0,0,0,411,2500.0
0.95,EX3,6172,3,0,0,0,0,411,2500.0
0.95,EX3,6173,5,0,0,0,0,411,2500.0
0.95,EX3,6174,7,1,1,0,0,411,2500.0
0.95,EX3,6175,3,0,0,0,0,411,2500.0
0.95,EX3,6176,3,0,0,0,0,411,2500.0
0.95,EX3,6177,5,0,0,0,0,411,2500.0
0.95,EX3,6178,2,1,1,0,0,411,2500.0
0.95,EX3,6179,3,0,0,0,0,411,2500.0
0.95,EX3,6255,0,0,0,0,0,417,2500.0
0.95,EX3,6256,4,0,0,0,0,417,2500.0
0.95,EX3,6257,2,0,0,0,0,417,2500.0
0.95,EX3,6258,4,0,0,0,0,417,2500.0
0.95,EX3,6259,1,1,1,0,0,417,2500.0
0.95,EX3,6260,2,0,0,0,0,417,2500.0
0.95,EX3,6261,3,0,0,0,0,417,2500.0
0.95,EX3,6262,5,1,1,0,0,417,2500.0
0.95,EX3,6263,3,1,1,0,0,417,2500.0
0.95,EX3,6264,8,0,0,0,0,417,2500.0
0.95,EX3,6265,3,0,0,0,0,417,2500.0
0.95,EX3,6266,0,0,0,0,0,417,2500.0
0.95,EX3,6267,5,1,1,0,0,417,2500.0
0.95,EX3,6268,3,0,0,0,0,417,2500.0
0.95,EX3,6269,5,0,0,0,0,417,2500.0
0.95,EX3,6540,5,1,1,0,0,436,2500.0
0.95,EX3,6541,2,0,0,0,0,436,2500.0
0.95,EX3,6542,2,0,0,0,0,436,2500.0
0.95,EX3,6543,0,0,0,0,0,436,2500.0
0.95,EX3,6544,3,0,0,0,0,436,2500.0
0.95,EX3,6545,3,1,1,0,0,436,2500.0
0.95,EX3,6546,2,0,0,0,0,436,2500.0
0.95,EX3,6547,2,1,1,0,0,436,2500.0
0.95,EX3,6548,2,0,0,0,0,436,2500.0
0.95,EX3,6549,3,1,1,0,0,436,2500.0
0.95,EX3,6550,8,2,1,1,0,436,2500.0
0.95,EX3,6551,2,0,0,0,0,436,2500.0
0.95,EX3,6552,5,0,0,0,0,436,2500.0
0.95,EX3,6553,4,0,0,0,0,436,2500.0
0.95,EX3,6554,4,0,0,0,0,436,2500.0
0.95,EX3,6645,1,0,0,0,0,443,2500.0
0.95,EX3,6646,1,0,0,0,0,443,2500.0
0.95,EX3,6647,3,0,0,0,0,443,2500.0
0.95,EX3,6648,5,0,0,0,0,443,2500.0
0.95,EX3,6649,5,0,0,0,0,443,2500.0
0.95,EX3,6650,5,0,0,0,0,443,2500.0
0.95,EX3,6651,3,0,0,0,0,443,2500.0
0.95,EX3,6652,5,0,0,0,0,443,2500.0
0.95,EX3,6653,5,0,0,0,0,443,2500.0
0.95,EX3,6654,5,0,0,0,0,443,2500.0
0.95,EX3,6655,5,0,0,0,0,443,2500.0
0.95,EX3,6656,0,0,0,0,0,443,2500.0
0.95,EX3,6657,3,0,0,0,0,443,2500.0
0.95,EX3,6658,4,0,0,0,0,443,2500.0
0.95,EX3,6659,3,0,0,0,0,443,2500.0
0.95,EX3,6690,3,0,0,0,0,446,2500.0
0.95,EX3,6691,2,0,0,0,0,446,2500.0
0.95,EX3,6692,2,0,0,0,0,446,2500.0
0.95,EX3,6693,1,1,1,0,0,446,2500.0
0.95,EX3,6694,2,0,0,0,0,446,2500.0
0.95,EX3,6695,3,0,0,0,0,446,2500.0
0.95,EX3,6696,4,1,1,0,0,446,2500.0
0.95,EX3,6697,3,0,0,0,0,446,2500.0
0.95,EX3,6698,2,0,0,0,0,446,2500.0
0.95,EX3,6699,0,0,0,0,0,446,2500.0
0.95,EX3,6700,3,0,0,0,0,446,2500.0
0.95,EX3,6701,5,1,1,0,0,446,2500.0
0.95,EX3,6702,4,0,0,0,0,446,2500.0
0.95,EX3,6703,1,0,0,0,0,446,2500.0
0.95,EX3,6704,5,1,1,0,0,446,2500.0
0.95,EX3,6705,4,0,0,0,0,447,2500.0
0.95,EX3,6706,5,0,0,0,0,447,2500.0
0.95,EX3,6707,2,0,0,0,0,447,2500.0
0.95,EX3,6708,7,0,0,0,0,447,2500.0
0.95,EX3,6709,2,0,0,0,0,447,2500.0
0.95,EX3,6710,4,0,0,0,0,447,2500.0
0.95,EX3,6711,5,0,0,0,0,447,2500.0
0.95,EX3,6712,3,1,1,0,0,447,2500.0
0.95,EX3,6713,3,0,0,0,0,447,2500.0
0.95,EX3,6714,4,1,1,0,0,447,2500.0
0.95,EX3,6715,3,1,1,0,0,447,2500.0
0.95,EX3,6716,2,0,0,0,0,447,2500.0
0.95,EX3,6717,4,0,0,0,0,447,2500.0
0.95,EX3,6718,3,0,0,0,0,447,2500.0
0.95,EX3,6719,4,0,0,0,0,447,2500.0
0.95,EX3,6720,3,0,0,0,0,448,2500.0
0.95,EX3,6721,0,0,0,0,0,448,2500.0
0.95,EX3,6722,5,1,1,0,0,448,2500.0
0.95,EX3,6723,6,1,1,0,0,448,2500.0
0.95,EX3,6724,3,0,0,0,0,448,2500.0
0.95,EX3,6725,2,1,1,0,0,448,2500.0
0.95,EX3,6726,1,0,0,0,0,448,2500.0
0.95,EX3,6727,4,0,0,0,0,448,2500.0
0.95,EX3,6728,2,1,1,0,0,448,2500.0
0.95,EX3,6729,1,0,0,0,0,448,2500.0
0.95,EX3,6730,5,1,1,0,0,448,2500.0
0.95,EX3,6731,2,2,2,0,0,448,2500.0
0.95,EX3,6732,3,0,0,0,0,448,2500.0
0.95,EX3,6733,6,0,0,0,0,448,2500.0
0.95,EX3,6734,3,1,1,0,0,448,2500.0
0.95,EX3,6930,3,1,1,0,0,462,2500.0
0.95,EX3,6931,2,1,1,0,0,462,2500.0
0.95,EX3,6932,2,0,0,0,0,462,2500.0
0.95,EX3,6933,4,0,0,0,0,462,2500.0
0.95,EX3,6934,3,0,0,0,0,462,2500.0
0.95,EX3,6935,9,0,0,0,0,462,2500.0
0.95,EX3,6936,2,0,0,0,0,462,2500.0
0.95,EX3,6937,2,0,0,0,0,462,2500.0
0.95,EX3,6938,4,0,0,0,0,462,2500.0
0.95,EX3,6939,1,0,0,0,0,462,2500.0
0.95,EX3,6940,5,2,2,0,0,462,2500.0
0.95,EX3,6941,6,0,0,0,0,462,2500.0
0.95,EX3,6942,3,0,0,0,0,462,2500.0
0.95,EX3,6943,1,0,0,0,0,462,2500.0
0.95,EX3,6944,3,0,0,0,0,462,2500.0
0.95,EX3,6975,3,0,0,0,0,465,2500.0
0.95,EX3,6976,5,1,1,0,0,465,2500.0
0.95,EX3,6977,1,0,0,0,0,465,2500.0
0.95,EX3,6978,1,0,0,0,0,465,2500.0
0.95,EX3,6979,3,0,0,0,0,465,2500.0
0.95,EX3,6980,3,0,0,0,0,465,2500.0
0.95,EX3,6981,5,1,1,0,0,465,2500.0
0.95,EX3,6982,6,0,0,0,0,465,2500.0
0.95,EX3,6983,2,0,0,0,0,465,2500.0
0.95,EX3,6984,6,0,0,0,0,465,2500.0
0.95,EX3,6985,2,0,0,0,0,465,2500.0
0.95,EX3,6986,3,0,0,0,0,465,2500.0
0.95,EX3,6987,3,0,0,0,0,465,2500.0
0.95,EX3,6988,3,1,1,0,0,465,2500.0
0.95,EX3,6989,1,1,1,0,0,465,2500.0
0.95,EX3,7005,3,0,0,0,0,467,2500.0
0.95,EX3,7006,3,1,1,0,0,467,2500.0
0.95,EX3,7007,10,0,0,0,0,467,2500.0
0.95,EX3,7008,6,0,0,0,0,467,2500.0
0.95,EX3,7009,2,0,0,0,0,467,2500.0
0.95,EX3,7010,5,1,1,0,0,467,2500.0
0.95,EX3,7011,5,2,2,0,0,467,2500.0
0.95,EX3,7012,3,1,1,0,0,467,2500.0
0.95,EX3,7013,4,0,0,0,0,467,2500.0
0.95,EX3,7014,4,0,0,0,0,467,2500.0
0.95,EX3,7015,4,1,1,0,0,467,2500.0
0.95,EX3,7016,3,0,0,0,0,467,2500.0
0.95,EX3,7017,2,0,0,0,0,467,2500.0
0.95,EX3,7018,4,0,0,0,0,467,2500.0
0.95,EX3,7019,2,0,0,0,0,467,2500.0
0.95,EX3,7020,8,2,2,0,0,468,2500.0
0.95,EX3,7021,4,0,0,0,0,468,2500.0
0.95,EX3,7022,3,0,0,0,0,468,2500.0
0.95,EX3,7023,6,1,1,0,0,468,2500.0
0.95,EX3,7024,3,0,0,0,0,468,2500.0
0.95,EX3,7025,3,1,1,0,0,468,2500.0
0.95,EX3,7026,5,0,0,0,0,468,2500.0
0.95,EX3,7027,3,0,0,0,0,468,2500.0
0.95,EX3,7028,3,1,1,0,0,468,2500.0
0.95,EX3,7029,4,1,1,0,0,468,2500.0
0.95,EX3,7030,3,0,0,0,0,468,2500.0
0.95,EX3,7031,6,0,0,0,0,468,2500.0
0.95,EX3,7032,4,0,0,0,0,468,2500.0
0.95,EX3,7033,2,1,1,0,0,468,2500.0
0.95,EX3,7034,2,0,0,0,0,468,2500.0
0.95,EX3,7035,4,0,0,0,0,469,2500.0
0.95,EX3,7036,2,1,1,0,0,469,2500.0
0.95,EX3,7037,2,0,0,0,0,469,2500.0
0.95,EX3,7038,2,0,0,0,0,469,2500.0
0.95,EX3,7039,2,0,0,0,0,469,2500.0
0.95,EX3,7040,3,1,1,0,0,469,2500.0
0.95,EX3,7041,1,0,0,0,0,469,2500.0
0.95,EX3,7042,2,0,0,0,0,469,2500.0
0.95,EX3,7043,4,0,0,0,0,469,2500.0
0.95,EX3,7044,5,0,0,0,0,469,2500.0
0.95,EX3,7045,5,0,0,0,0,469,2500.0
0.95,EX3,7046,1,0,0,0,0,469,2500.0
0.95,EX3,7047,8,0,0,0,0,469,2500.0
0.95,EX3,7048,3,0,0,0,0,469,2500.0
0.95,EX3,7049,4,0,0,0,0,469,2500.0
0.95,EX3,7050,5,0,0,0,0,470,2500.0
0.95,EX3,7051,3,0,0,0,0,470,2500.0
0.95,EX3,7052,4,1,1,0,0,470,2500.0
0.95,EX3,7053,6,0,0,0,0,470,2500.0
0.95,EX3,7054,3,1,1,0,0,470,2500.0
0.95,EX3,7055,3,0,0,0,0,470,2500.0
0.95,EX3,7056,1,1,1,0,0,470,2500.0
0.95,EX3,7057,6,0,0,0,0,470,2500.0
0.95,EX3,7058,6,1,1,0,0,470,2500.0
0.95,EX3,7059,2,1,1,0,0,470,2500.0
0.95,EX3,7060,6,0,0,0,0,470,2500.0
0.95,EX3,7061,1,0,0,0,0,470,2500.0
0.95,EX3,7062,5,0,0,0,0,470,2500.0
0.95,EX3,7063,3,0,0,0,0,470,2500.0
0.95,EX3,7064,1,0,0,0,0,470,2500.0
0.95,EX3,7095,1,0,0,0,0,473,2500.0
0.95,EX3,7096,4,0,0,0,0,473,2500.0
0.95,EX3,7097,3,0,0,0,0,473,2500.0
0.95,EX3,7098,4,0,0,0,0,473,2500.0
0.95,EX3,7099,5,0,0,0,0,473,2500.0
0.95,EX3,7100,4,1,1,0,0,473,2500.0
0.95,EX3,7101,3,0,0,0,0,473,2500.0
0.95,EX3,7102,2,0,0,0,0,473,2500.0
0.95,EX3,7103,3,0,0,0,0,473,2500.0
0.95,EX3,7104,3,0,0,0,0,473,2500.0
0.95,EX3,7105,1,0,0,0,0,473,2500.0
0.95,EX3,7106,1,0,0,0,0,473,2500.0
0.95,EX3,7107,4,0,0,0,0,473,2500.0
0.95,EX3,7108,3,0,0,0,0,473,2500.0
0.95,EX3,7109,2,0,0,0,0,473,2500.0
0.95,EX3,7155,3,0,0,0,0,477,2500.0
0.95,EX3,7156,1,0,0,0,0,477,2500.0
0.95,EX3,7157,4,0,0,0,0,477,2500.0
0.95,EX3,7158,2,0,0,0,0,477,2500.0
0.95,EX3,7159,3,0,0,0,0,477,2500.0
0.95,EX3,7160,1,0,0,0,0,477,2500.0
0.95,EX3,7161,4,0,0,0,0,477,2500.0
0.95,EX3,7162,4,1,1,0,0,477,2500.0
0.95,EX3,7163,6,0,0,0,0,477,2500.0
0.95,EX3,7164,3,0,0,0,0,477,2500.0
0.95,EX3,7165,2,2,2,0,0,477,2500.0
0.95,EX3,7166,5,1,1,0,0,477,2500.0
0.95,EX3,7167,1,0,0,0,0,477,2500.0
0.95,EX3,7168,3,0,0,0,0,477,2500.0
0.95,EX3,7169,4,0,0,0,0,477,2500.0
0.95,EX3,7185,2,0,0,0,0,479,2500.0
0.95,EX3,7186,4,0,0,0,0,479,2500.0
0.95,EX3,7187,4,0,0,0,0,479,2500.0
0.95,EX3,7188,8,2,2,0,0,479,2500.0
0.95,EX3,7189,4,1,0,1,0,479,2500.0
0.95,EX3,7190,2,0,0,0,0,479,2500.0
0.95,EX3,7191,2,0,0,0,0,479,2500.0
0.95,EX3,7192,2,0,0,0,0,479,2500.0
0.95,EX3,7193,3,0,0,0,0,479,2500.0
0.95,EX3,7194,2,1,1,0,0,479,2500.0
0.95,EX3,7195,4,1,1,0,0,479,2500.0
0.95,EX3,7196,2,0,0,0,0,479,2500.0
0.95,EX3,7197,4,0,0,0,0,479,2500.0
0.95,EX3,7198,3,0,0,0,0,479,2500.0
0.95,EX3,7199,4,0,0,0,0,479,2500.0
0.95,EX3,7410,2,0,0,0,0,494,2500.0
0.95,EX3,7411,2,0,0,0,0,494,2500.0
0.95,EX3,7412,5,0,0,0,0,494,2500.0
0.95,EX3,7413,2,0,0,0,0,494,2500.0
0.95,EX3,7414,6,1,1,0,0,494,2500.0
0.95,EX3,7415,3,0,0,0,0,494,2500.0
0.95,EX3,7416,3,1,1,0,0,494,2500.0
0.95,EX3,7417,2,1,1,0,0,494,2500.0
0.95,EX3,7418,4,0,0,0,0,494,2500.0
0.95,EX3,7419,3,1,1,0,0,494,2500.0
0.95,EX3,7420,4,0,0,0,0,494,2500.0
0.95,EX3,7421,3,0,0,0,0,494,2500.0
0.95,EX3,7422,2,0,0,0,0,494,2500.0
0.95,EX3,7423,2,0,0,0,0,494,2500.0
0.95,EX3,7424,3,0,0,0,0,494,2500.0
0.95,EX3,7605,3,0,0,0,0,507,2500.0
0.95,EX3,7606,4,1,1,0,0,507,2500.0
0.95,EX3,7607,2,1,1,0,0,507,2500.0
0.95,EX3,7608,1,0,0,0,0,507,2500.0
0.95,EX3,7609,1,0,0,0,0,507,2500.0
0.95,EX3,7610,4,0,0,0,0,507,2500.0
0.95,EX3,7611,2,1,1,0,0,507,2500.0
0.95,EX3,7612,4,0,0,0,0,507,2500.0
0.95,EX3,7613,9,0,0,0,0,507,2500.0
0.95,EX3,7614,2,0,0,0,0,507,2500.0
0.95,EX3,7615,2,0,0,0,0,507,2500.0
0.95,EX3,7616,2,0,0,0,0,507,2500.0
0.95,EX3,7617,4,0,0,0,0,507,2500.0
0.95,EX3,7618,4,1,1,0,0,507,2500.0
0.95,EX3,7619,3,0,0,0,0,507,2500.0
0.95,EX3,7635,5,0,0,0,0,509,2500.0
0.95,EX3,7636,4,0,0,0,0,509,2500.0
0.95,EX3,7637,2,0,0,0,0,509,2500.0
0.95,EX3,7638,2,0,0,0,0,509,2500.0
0.95,EX3,7639,2,0,0,0,0,509,2500.0
0.95,EX3,7640,2,0,0,0,0,509,2500.0
0.95,EX3,7641,3,0,0,0,0,509,2500.0
0.95,EX3,7642,6,1,1,0,0,509,2500.0
0.95,EX3,7643,3,0,0,0,0,509,2500.0
0.95,EX3,7644,0,0,0,0,0,509,2500.0
0.95,EX3,7645,3,1,1,0,0,509,2500.0
0.95,EX3,7646,3,0,0,0,0,509,2500.0
0.95,EX3,7647,3,0,0,0,0,509,2500.0
0.95,EX3,7648,3,0,0,0,0,509,2500.0
0.95,EX3,7649,3,0,0,0,0,509,2500.0
0.95,EX3,7785,4,0,0,0,0,519,2500.0
0.95,EX3,7786,2,0,0,0,0,519,2500.0
0.95,EX3,7787,5,0,0,0,0,519,2500.0
0.95,EX3,7788,2,0,0,0,0,519,2500.0
0.95,EX3,7789,1,0,0,0,0,519,2500.0
0.95,EX3,7790,1,0,0,0,0,519,2500.0
0.95,EX3,7791,2,0,0,0,0,519,2500.0
0.95,EX3,7792,3,1,1,0,0,519,2500.0
0.95,EX3,7793,2,0,0,0,0,519,2500.0
0.95,EX3,7794,2,1,1,0,0,519,2500.0
0.95,EX3,7795,3,0,0,0,0,519,2500.0
0.95,EX3,7796,5,0,0,0,0,519,2500.0
0.95,EX3,7797,5,1,1,0,0,519,2500.0
0.95,EX3,7798,2,0,0,0,0,519,2500.0
0.95,EX3,7799,9,0,0,0,0,519,2500.0
0.95,EX3,7965,2,0,0,0,0,531,2500.0
0.95,EX3,7966,3,0,0,0,0,531,2500.0
0.95,EX3,7967,4,0,0,0,0,531,2500.0
0.95,EX3,7968,2,0,0,0,0,531,2500.0
0.95,EX3,7969,3,0,0,0,0,531,2500.0
0.95,EX3,7970,1,0,0,0,0,531,2500.0
0.95,EX3,7971,5,0,0,0,0,531,2500.0
0.95,EX3,7972,5,0,0,0,0,531,2500.0
0.95,EX3,7973,5,1,1,0,0,531,2500.0
0.95,EX3,7974,3,0,0,0,0,531,2500.0
0.95,EX3,7975,3,0,0,0,0,531,2500.0
0.95,EX3,7976,3,0,0,0,0,531,2500.0
0.95,EX3,7977,2,0,0,0,0,531,2500.0
0.95,EX3,7978,3,0,0,0,0,531,2500.0
0.95,EX3,7979,3,0,0,0,0,531,2500.0
0.95,EX3,7995,4,1,1,0,0,533,2500.0
0.95,EX3,7996,4,2,2,0,0,533,2500.0
0.95,EX3,7997,3,0,0,0,0,533,2500.0
0.95,EX3,7998,4,0,0,0,0,533,2500.0
0.95,EX3,7999,0,0,0,0,0,533,2500.0
0.95,EX3,8000,5,1,1,0,0,533,2500.0
0.95,EX3,8001,4,0,0,0,0,533,2500.0
0.95,EX3,8002,2,0,0,0,0,533,2500.0
0.95,EX3,8003,2,0,0,0,0,533,2500.0
0.95,EX3,8004,2,1,1,0,0,533,2500.0
0.95,EX3,8005,4,0,0,0,0,533,2500.0
0.95,EX3,8006,3,0,0,0,0,533,2500.0
0.95,EX3,8007,4,1,1,0,0,533,2500.0
0.95,EX3,8008,2,0,0,0,0,533,2500.0
0.95,EX3,8009,1,0,0,0,0,533,2500.0
0.95,EX3,8025,2,0,0,0,0,535,2500.0
0.95,EX3,8026,4,0,0,0,0,535,2500.0
0.95,EX3,8027,2,0,0,0,0,535,2500.0
0.95,EX3,8028,2,0,0,0,0,535,2500.0
0.95,EX3,8029,9,1,1,0,0,535,2500.0
0.95,EX3,8030,4,0,0,0,0,535,2500.0
0.95,EX3,8031,1,1,1,0,0,535,2500.0
0.95,EX3,8032,4,3,3,0,0,535,2500.0
0.95,EX3,8033,5,0,0,0,0,535,2500.0
0.95,EX3,8034,5,0,0,0,0,535,2500.0
0.95,EX3,8035,2,0,0,0,0,535,2500.0
0.95,EX3,8036,3,0,0,0,0,535,2500.0
0.95,EX3,8037,3,1,1,0,0,535,2500.0
0.95,EX3,8038,4,1,1,0,0,535,2500.0
0.95,EX3,8039,4,0,0,0,0,535,2500.0
0.95,EX3,8055,6,0,0,0,0,537,2500.0
0.95,EX3,8056,3,0,0,0,0,537,2500.0
0.95,EX3,8057,5,2,2,0,0,537,2500.0
0.95,EX3,8058,3,0,0,0,0,537,2500.0
0.95,EX3,8059,5,0,0,0,0,537,2500.0
0.95,EX3,8060,6,0,0,0,0,537,2500.0
0.95,EX3,8061,4,0,0,0,0,537,2500.0
0.95,EX3,8062,4,0,0,0,0,537,2500.0
0.95,EX3,8063,2,1,1,0,0,537,2500.0
0.95,EX3,8064,2,1,1,0,0,537,2500.0
0.95,EX3,8065,3,0,0,0,0,537,2500.0
0.95,EX3,8066,5,3,2,1,0,537,2500.0
0.95,EX3,8067,4,0,0,0,0,537,2500.0
0.95,EX3,8068,5,0,0,0,0,537,2500.0
0.95,EX3,8069,1,1,1,0,0,537,2500.0
0.95,EX3,8220,1,0,0,0,0,548,2500.0
0.95,EX3,8221,4,0,0,0,0,548,2500.0
0.95,EX3,8222,3,0,0,0,0,548,2500.0
0.95,EX3,8223,9,1,1,0,0,548,2500.0
0.95,EX3,8224,3,0,0,0,0,548,2500.0
0.95,EX3,8225,3,0,0,0,0,548,2500.0
0.95,EX3,8226,2,0,0,0,0,548,2500.0
0.95,EX3,8227,2,1,1,0,0,548,2500.0
0.95,EX3,8228,4,1,1,0,0,548,2500.0
0.95,EX3,8229,1,0,0,0,0,548,2500.0
0.95,EX3,8230,2,0,0,0,0,548,2500.0
0.95,EX3,8231,2,0,0,0,0,548,2500.0
0.95,EX3,8232,3,1,1,0,0,548,2500.0
0.95,EX3,8233,3,0,0,0,0,548,2500.0
0.95,EX3,8234,3,2,2,0,0,548,2500.0
0.95,EX3,8235,3,0,0,0,0,549,2500.0
0.95,EX3,8236,2,1,1,0,0,549,2500.0
0.95,EX3,8237,4,0,0,0,0,549,2500.0
0.95,EX3,8238,6,0,0,0,0,549,2500.0
0.95,EX3,8239,3,0,0,0,0,549,2500.0
0.95,EX3,8240,2,1,1,0,0,549,2500.0
0.95,EX3,8241,7,0,0,0,0,549,2500.0
0.95,EX3,8242,4,1,1,0,0,549,2500.0
0.95,EX3,8243,3,0,0,0,0,549,2500.0
0.95,EX3,8244,2,0,0,0,0,549,2500.0
0.95,EX3,8245,1,0,0,0,0,549,2500.0
0.95,EX3,8246,2,0,0,0,0,549,2500.0
0.95,EX3,8247,3,0,0,0,0,549,2500.0
0.95,EX3,8248,1,0,0,0,0,549,2500.0
0.95,EX3,8249,4,0,0,0,0,549,2500.0
0.95,EX3,8265,5,0,0,0,0,551,2500.0
0.95,EX3,8266,3,0,0,0,0,551,2500.0
0.95,EX3,8267,4,0,0,0,0,551,2500.0
0.95,EX3,8268,1,0,0,0,0,551,2500.0
0.95,EX3,8269,2,0,0,0,0,551,2500.0
0.95,EX3,8270,4,0,0,0,0,551,2500.0
0.95,EX3,8271,2,0,0,0,0,551,2500.0
0.95,EX3,8272,2,0,0,0,0,551,2500.0
0.95,EX3,8273,1,0,0,0,0,551,2500.0
0.95,EX3,8274,9,0,0,0,0,551,2500.0
0.95,EX3,8275,1,0,0,0,0,551,2500.0
0.95,EX3,8276,6,0,0,0,0,551,2500.0
0.95,EX3,8277,2,0,0,0,0,551,2500.0
0.95,EX3,8278,3,0,0,0,0,551,2500.0
0.95,EX3,8279,2,0,0,0,0,551,2500.0
0.95,EX3,8295,7,0,0,0,0,553,2500.0
0.95,EX3,8296,3,0,0,0,0,553,2500.0
0.95,EX3,8297,10,3,2,1,0,553,2500.0
0.95,EX3,8298,7,0,0,0,0,553,2500.0
0.95,EX3,8299,7,1,1,0,0,553,2500.0
0.95,EX3,8300,2,0,0,0,0,553,2500.0
0.95,EX3,8301,5,1,1,0,0,553,2500.0
0.95,EX3,8302,1,0,0,0,0,553,2500.0
0.95,EX3,8303,4,3,3,0,0,553,2500.0
0.95,EX3,8304,6,0,0,0,0,553,2500.0
0.95,EX3,8305,2,1,1,0,0,553,2500.0
0.95,EX3,8306,3,0,0,0,0,553,2500.0
0.95,EX3,8307,3,0,0,0,0,553,2500.0
0.95,EX3,8308,4,0,0,0,0,553,2500.0
0.95,EX3,8309,1,0,0,0,0,553,2500.0
0.95,EX3,8580,2,1,1,0,0,572,2500.0
0.95,EX3,8581,3,0,0,0,0,572,2500.0
0.95,EX3,8582,4,0,0,0,0,572,2500.0
0.95,EX3,8583,7,0,0,0,0,572,2500.0
0.95,EX3,8584,1,0,0,0,0,572,2500.0
0.95,EX3,8585,5,2,1,1,0,572,2500.0
0.95,EX3,8586,4,1,1,0,0,572,2500.0
0.95,EX3,8587,3,0,0,0,0,572,2500.0
0.95,EX3,8588,2,0,0,0,0,572,2500.0
0.95,EX3,8589,5,1,1,0,0,572,2500.0
0.95,EX3,8590,2,1,1,0,0,572,2500.0
0.95,EX3,8591,3,0,0,0,0,572,2500.0
0.95,EX3,8592,3,0,0,0,0,572,2500.0
0.95,EX3,8593,7,0,0,0,0,572,2500.0
0.95,EX3,8594,2,0,0,0,0,572,2500.0
0.95,EX3,8610,3,1,1,0,0,574,2500.0
0.95,EX3,8611,4,0,0,0,0,574,2500.0
0.95,EX3,8612,3,1,1,0,0,574,2500.0
0.95,EX3,8613,4,0,0,0,0,574,2500.0
0.95,EX3,8614,4,0,0,0,0,574,2500.0
0.95,EX3,8615,3,0,0,0,0,574,2500.0
0.95,EX3,8616,3,0,0,0,0,574,2500.0
0.95,EX3,8617,1,0,0,0,0,574,2500.0
0.95,EX3,8618,4,0,0,0,0,574,2500.0
0.95,EX3,8619,3,0,0,0,0,574,2500.0
0.95,EX3,8620,5,0,0,0,0,574,2500.0
0.95,EX3,8621,4,0,0,0,0,574,2500.0
0.95,EX3,8622,2,0,0,0,0,574,2500.0
0.95,EX3,8623,3,0,0,0,0,574,2500.0
0.95,EX3,8624,3,0,0,0,0,574,2500.0
0.95,EX3,8760,3,1,1,0,0,584,2500.0
0.95,EX3,8761,2,0,0,0,0,584,2500.0
0.95,EX3,8762,3,0,0,0,0,584,2500.0
0.95,EX3,8763,4,0,0,0,0,584,2500.0
0.95,EX3,8764,2,1,1,0,0,584,2500.0
0.95,EX3,8765,5,0,0,0,0,584,2500.0
0.95,EX3,8766,5,1,1,0,0,584,2500.0
0.95,EX3,8767,1,0,0,0,0,584,2500.0
0.95,EX3,8768,2,0,0,0,0,584,2500.0
0.95,EX3,8769,0,0,0,0,0,584,2500.0
0.95,EX3,8770,3,0,0,0,0,584,2500.0
0.95,EX3,8771,3,0,0,0,0,584,2500.0
0.95,EX3,8772,1,0,0,0,0,584,2500.0
0.95,EX3,8773,3,0,0,0,0,584,2500.0
0.95,EX3,8774,3,0,0,0,0,584,2500.0
0.95,EX3,8925,4,1,1,0,0,595,2500.0
0.95,EX3,8926,1,0,0,0,0,595,2500.0
0.95,EX3,8927,0,0,0,0,0,595,2500.0
0.95,EX3,8928,5,0,0,0,0,595,2500.0
0.95,EX3,8929,1,0,0,0,0,595,2500.0
0.95,EX3,8930,1,0,0,0,0,595,2500.0
0.95,EX3,8931,2,1,1,0,0,595,2500.0
0.95,EX3,8932,2,0,0,0,0,595,2500.0
0.95,EX3,8933,5,0,0,0,0,595,2500.0
0.95,EX3,8934,4,0,0,0,0,595,2500.0
0.95,EX3,8935,2,0,0,0,0,595,2500.0
0.95,EX3,8936,4,0,0,0,0,595,2500.0
0.95,EX3,8937,4,1,1,0,0,595,2500.0
0.95,EX3,8938,3,0,0,0,0,595,2500.0
0.95,EX3,8939,4,0,0,0,0,595,2500.0
0.95,EX3,8940,2,0,0,0,0,596,2500.0
0.95,EX3,8941,5,0,0,0,0,596,2500.0
0.95,EX3,8942,4,0,0,0,0,596,2500.0
0.95,EX3,8943,1,0,0,0,0,596,2500.0
0.95,EX3,8944,4,0,0,0,0,596,2500.0
0.95,EX3,8945,4,1,1,0,0,596,2500.0
0.95,EX3,8946,2,1,1,0,0,596,2500.0
0.95,EX3,8947,3,0,0,0,0,596,2500.0
0.95,EX3,8948,4,0,0,0,0,596,2500.0
0.95,EX3,8949,6,0,0,0,0,596,2500.0
0.95,EX3,8950,1,0,0,0,0,596,2500.0
0.95,EX3,8951,2,0,0,0,0,596,2500.0
0.95,EX3,8952,4,0,0,0,0,596,2500.0
0.95,EX3,8953,3,1,1,0,0,596,2500.0
0.95,EX3,8954,3,1,1,0,0,596,2500.0
0.95,EX3,9150,5,0,0,0,0,610,2500.0
0.95,EX3,9151,5,2,2,0,0,610,2500.0
0.95,EX3,9152,1,1,1,0,0,610,2500.0
0.95,EX3,9153,2,0,0,0,0,610,2500.0
0.95,EX3,9154,3,0,0,0,0,610,2500.0
0.95,EX3,9155,3,0,0,0,0,610,2500.0
0.95,EX3,9156,4,0,0,0,0,610,2500.0
0.95,EX3,9157,3,0,0,0,0,610,2500.0
0.95,EX3,9158,5,1,1,0,0,610,2500.0
0.95,EX3,9159,5,0,0,0,0,610,2500.0
0.95,EX3,9160,3,0,0,0,0,610,2500.0
0.95,EX3,9161,2,0,0,0,0,610,2500.0
0.95,EX3,9162,3,0,0,0,0,610,2500.0
0.95,EX3,9163,1,0,0,0,0,610,2500.0
0.95,EX3,9164,6,0,0,0,0,610,2500.0
0.95,EX3,9195,2,0,0,0,0,613,2500.0
0.95,EX3,9196,2,0,0,0,0,613,2500.0
0.95,EX3,9197,3,0,0,0,0,613,2500.0
0.95,EX3,9198,2,0,0,0,0,613,2500.0
0.95,EX3,9199,4,1,1,0,0,613,2500.0
0.95,EX3,9200,1,0,0,0,0,613,2500.0
0.95,EX3,9201,1,0,0,0,0,613,2500.0
0.95,EX3,9202,1,0,0,0,0,613,2500.0
0.95,EX3,9203,7,0,0,0,0,613,2500.0
0.95,EX3,9204,5,2,2,0,0,613,2500.0
0.95,EX3,9205,6,1,1,0,0,613,2500.0
0.95,EX3,9206,4,0,0,0,0,613,2500.0
0.95,EX3,9207,2,0,0,0,0,613,2500.0
0.95,EX3,9208,2,0,0,0,0,613,2500.0
0.95,EX3,9209,3,0,0,0,0,613,2500.0
0.95,EX3,9285,6,0,0,0,0,619,2500.0
0.95,EX3,9286,4,1,1,0,0,619,2500.0
0.95,EX3,9287,3,0,0,0,0,619,2500.0
0.95,EX3,9288,5,0,0,0,0,619,2500.0
0.95,EX3,9289,2,0,0,0,0,619,2500.0
0.95,EX3,9290,4,0,0,0,0,619,2500.0
0.95,EX3,9291,4,1,1,0,0,619,2500.0
0.95,EX3,9292,4,0,0,0,0,619,2500.0
0.95,EX3,9293,8,0,0,0,0,619,2500.0
0.95,EX3,9294,3,0,0,0,0,619,2500.0
0.95,EX3,9295,1,0,0,0,0,619,2500.0
0.95,EX3,9296,2,0,0,0,0,619,2500.0
0.95,EX3,9297,4,0,0,0,0,619,2500.0
0.95,EX3,9298,3,0,0,0,0,619,2500.0
0.95,EX3,9299,5,0,0,0,0,619,2500.0
0.95,EX3,9315,1,0,0,0,0,621,2500.0
0.95,EX3,9316,0,0,0,0,0,621,2500.0
0.95,EX3,9317,8,0,0,0,0,621,2500.0
0.95,EX3,9318,3,0,0,0,0,621,2500.0
0.95,EX3,9319,3,0,0,0,0,621,2500.0
0.95,EX3,9320,4,0,0,0,0,621,2500.0
0.95,EX3,9321,3,1,1,0,0,621,2500.0
0.95,EX3,9322,1,0,0,0,0,621,2500.0
0.95,EX3,9323,5,1,1,0,0,621,2500.0
0.95,EX3,9324,1,0,0,0,0,621,2500.0
0.95,EX3,9325,2,0,0,0,0,621,2500.0
0.95,EX3,9326,4,0,0,0,0,621,2500.0
0.95,EX3,9327,3,1,1,0,0,621,2500.0
0.95,EX3,9328,5,1,1,0,0,621,2500.0
0.95,EX3,9329,4,0,0,0,0,621,2500.0
0.95,EX3,9360,7,0,0,0,0,624,2500.0
0.95,EX3,9361,6,2,2,0,0,624,2500.0
0.95,EX3,9362,4,0,0,0,0,624,2500.0
0.95,EX3,9363,3,0,0,0,0,624,2500.0
0.95,EX3,9364,2,0,0,0,0,624,2500.0
0.95,EX3,9365,2,0,0,0,0,624,2500.0
0.95,EX3,9366,2,1,1,0,0,624,2500.0
0.95,EX3,9367,3,1,1,0,0,624,2500.0
0.95,EX3,9368,6,0,0,0,0,624,2500.0
0.95,EX3,9369,4,0,0,0,0,624,2500.0
0.95,EX3,9370,1,0,0,0,0,624,2500.0
0.95,EX3,9371,3,0,0,0,0,624,2500.0
0.95,EX3,9372,6,1,1,0,0,624,2500.0
0.95,EX3,9373,4,0,0,0,0,624,2500.0
0.95,EX3,9374,6,0,0,0,0,624,2500.0
0.95,EX3,9450,3,0,0,0,0,630,2500.0
0.95,EX3,9451,2,0,0,0,0,630,2500.0
0.95,EX3,9452,7,1,1,0,0,630,2500.0
0.95,EX3,9453,3,0,0,0,0,630,2500.0
0.95,EX3,9454,1,0,0,0,0,630,2500.0
0.95,EX3,9455,4,0,0,0,0,630,2500.0
0.95,EX3,9456,3,1,1,0,0,630,2500.0
0.95,EX3,9457,6,0,0,0,0,630,2500.0
0.95,EX3,9458,4,0,0,0,0,630,2500.0
0.95,EX3,9459,3,0,0,0,0,630,2500.0
0.95,EX3,9460,3,0,0,0,0,630,2500.0
0.95,EX3,9461,4,0,0,0,0,630,2500.0
0.95,EX3,9462,4,0,0,0,0,630,2500.0
0.95,EX3,9463,4,1,1,0,0,630,2500.0
0.95,EX3,9464,4,0,0,0,0,630,2500.0
0.95,EX3,9495,5,0,0,0,0,633,2500.0
0.95,EX3,9496,2,0,0,0,0,633,2500.0
0.95,EX3,9497,4,0,0,0,0,633,2500.0
0.95,EX3,9498,3,0,0,0,0,633,2500.0
0.95,EX3,9499,4,0,0,0,0,633,2500.0
0.95,EX3,9500,1,0,0,0,0,633,2500.0
0.95,EX3,9501,6,0,0,0,0,633,2500.0
0.95,EX3,9502,3,0,0,0,0,633,2500.0
0.95,EX3,9503,7,0,0,0,0,633,2500.0
0.95,EX3,9504,3,0,0,0,0,633,2500.0
0.95,EX3,9505,5,0,0,0,0,633,2500.0
0.95,EX3,9506,3,1,1,0,0,633,2500.0
0.95,EX3,9507,3,0,0,0,0,633,2500.0
0.95,EX3,9508,2,0,0,0,0,633,2500.0
0.95,EX3,9509,5,1,1,0,0,633,2500.0
0.95,EX3,9510,3,0,0,0,0,634,2500.0
0.95,EX3,9511,5,0,0,0,0,634,2500.0
0.95,EX3,9512,5,0,0,0,0,634,2500.0
0.95,EX3,9513,2,0,0,0,0,634,2500.0
0.95,EX3,9514,4,0,0,0,0,634,2500.0
0.95,EX3,9515,1,0,0,0,0,634,2500.0
0.95,EX3,9516,3,0,0,0,0,634,2500.0
0.95,EX3,9517,3,0,0,0,0,634,2500.0
0.95,EX3,9518,2,0,0,0,0,634,2500.0
0.95,EX3,9519,4,0,0,0,0,634,2500.0
0.95,EX3,9520,1,0,0,0,0,634,2500.0
0.95,EX3,9521,1,0,0,0,0,634,2500.0
0.95,EX3,9522,2,0,0,0,0,634,2500.0
0.95,EX3,9523,3,0,0,0,0,634,2500.0
0.95,EX3,9524,2,0,0,0,0,634,2500.0
0.95,EX3,9525,4,2,2,0,0,635,2500.0
0.95,EX3,9526,4,0,0,0,0,635,2500.0
0.95,EX3,9527,3,0,0,0,0,635,2500.0
0.95,EX3,9528,2,0,0,0,0,635,2500.0
0.95,EX3,9529,4,0,0,0,0,635,2500.0
0.95,EX3,9530,4,1,1,0,0,635,2500.0
0.95,EX3,9531,2,0,0,0,0,635,2500.0
0.95,EX3,9532,3,0,0,0,0,635,2500.0
0.95,EX3,9533,4,1,1,0,0,635,2500.0
0.95,EX3,9534,4,0,0,0,0,635,2500.0
0.95,EX3,9535,2,0,0,0,0,635,2500.0
0.95,EX3,9536,4,0,0,0,0,635,2500.0
0.95,EX3,9537,5,0,0,0,0,635,2500.0
0.95,EX3,9538,4,1,1,0,0,635,2500.0
0.95,EX3,9539,4,0,0,0,0,635,2500.0
0.95,EX3,9540,3,1,1,0,0,636,2500.0
0.95,EX3,9541,8,0,0,0,0,636,2500.0
0.95,EX3,9542,4,0,0,0,0,636,2500.0
0.95,EX3,9543,4,0,0,0,0,636,2500.0
0.95,EX3,9544,2,0,0,0,0,636,2500.0
0.95,EX3,9545,3,0,0,0,0,636,2500.0
0.95,EX3,9546,3,0,0,0,0,636,2500.0
0.95,EX3,9547,2,0,0,0,0,636,2500.0
0.95,EX3,9548,2,0,0,0,0,636,2500.0
0.95,EX3,9549,1,0,0,0,0,636,2500.0
0.95,EX3,9550,2,1,1,0,0,636,2500.0
0.95,EX3,9551,2,0,0,0,0,636,2500.0
0.95,EX3,9552,4,1,1,0,0,636,2500.0
0.95,EX3,9553,4,0,0,0,0,636,2500.0
0.95,EX3,9554,4,0,0,0,0,636,2500.0
0.95,EX3,9705,2,0,0,0,0,647,2500.0
0.95,EX3,9706,3,0,0,0,0,647,2500.0
0.95,EX3,9707,4,1,1,0,0,647,2500.0
0.95,EX3,9708,4,0,0,0,0,647,2500.0
0.95,EX3,9709,3,0,0,0,0,647,2500.0
0.95,EX3,9710,3,1,1,0,0,647,2500.0
0.95,EX3,9711,0,0,0,0,0,647,2500.0
0.95,EX3,9712,2,0,0,0,0,647,2500.0
0.95,EX3,9713,3,0,0,0,0,647,2500.0
0.95,EX3,9714,3,0,0,0,0,647,2500.0
0.95,EX3,9715,3,0,0,0,0,647,2500.0
0.95,EX3,9716,7,0,0,0,0,647,2500.0
0.95,EX3,9717,5,0,0,0,0,647,2500.0
0.95,EX3,9718,5,1,1,0,0,647,2500.0
0.95,EX3,9719,2,2,2,0,0,647,2500.0
0.95,EX3,9735,4,0,0,0,0,649,2500.0
0.95,EX3,9736,4,0,0,0,0,649,2500.0
0.95,EX3,9737,4,0,0,0,0,649,2500.0
0.95,EX3,9738,4,1,1,0,0,649,2500.0
0.95,EX3,9739,1,0,0,0,0,649,2500.0
0.95,EX3,9740,5,0,0,0,0,649,2500.0
0.95,EX3,9741,1,0,0,0,0,649,2500.0
0.95,EX3,9742,4,0,0,0,0,649,2500.0
0.95,EX3,9743,3,0,0,0,0,649,2500.0
0.95,EX3,9744,4,0,0,0,0,649,2500.0
0.95,EX3,9745,1,0,0,0,0,649,2500.0
0.95,EX3,9746,5,0,0,0,0,649,2500.0
0.95,EX3,9747,4,1,1,0,0,649,2500.0
0.95,EX3,9748,4,0,0,0,0,649,2500.0
0.95,EX3,9749,2,0,0,0,0,649,2500.0
0.95,EX3,9795,3,0,0,0,0,653,2500.0
0.95,EX3,9796,1,0,0,0,0,653,2500.0
0.95,EX3,9797,5,0,0,0,0,653,2500.0
0.95,EX3,9798,3,0,0,0,0,653,2500.0
0.95,EX3,9799,6,3,2,1,0,653,2500.0
0.95,EX3,9800,5,1,1,0,0,653,2500.0
0.95,EX3,9801,8,2,2,0,0,653,2500.0
0.95,EX3,9802,4,0,0,0,0,653,2500.0
0.95,EX3,9803,4,1,1,0,0,653,2500.0
0.95,EX3,9804,2,0,0,0,0,653,2500.0
0.95,EX3,9805,6,0,0,0,0,653,2500.0
0.95,EX3,9806,5,1,1,0,0,653,2500.0
0.95,EX3,9807,2,0,0,0,0,653,2500.0
0.95,EX3,9808,4,0,0,0,0,653,2500.0
0.95,EX3,9809,1,0,0,0,0,653,2500.0
0.95,EX3,9915,4,0,0,0,0,661,2500.0
0.95,EX3,9916,2,0,0,0,0,661,2500.0
0.95,EX3,9917,3,0,0,0,0,661,2500.0
0.95,EX3,9918,1,0,0,0,0,661,2500.0
0.95,EX3,9919,7,0,0,0,0,661,2500.0
0.95,EX3,9920,2,0,0,0,0,661,2500.0
0.95,EX3,9921,3,0,0,0,0,661,2500.0
0.95,EX3,9922,2,0,0,0,0,661,2500.0
0.95,EX3,9923,3,0,0,0,0,661,2500.0
0.95,EX3,9924,4,0,0,0,0,661,2500.0
0.95,EX3,9925,1,0,0,0,0,661,2500.0
0.95,EX3,9926,3,0,0,0,0,661,2500.0
0.95,EX3,9927,1,1,1,0,0,661,2500.0
0.95,EX3,9928,2,1,1,0,0,661,2500.0
0.95,EX3,9929,4,0,0,0,0,661,2500.0
0.95,EX3,9930,6,0,0,0,0,662,2500.0
0.95,EX3,9931,3,0,0,0,0,662,2500.0
0.95,EX3,9932,3,0,0,0,0,662,2500.0
0.95,EX3,9933,3,0,0,0,0,662,2500.0
0.95,EX3,9934,1,0,0,0,0,662,2500.0
0.95,EX3,9935,7,0,0,0,0,662,2500.0
0.95,EX3,9936,1,0,0,0,0,662,2500.0
0.95,EX3,9937,3,0,0,0,0,662,2500.0
0.95,EX3,9938,3,0,0,0,0,662,2500.0
0.95,EX3,9939,6,1,1,0,0,662,2500.0
0.95,EX3,9940,2,1,1,0,0,662,2500.0
0.95,EX3,9941,2,0,0,0,0,662,2500.0
0.95,EX3,9942,3,0,0,0,0,662,2500.0
0.95,EX3,9943,1,0,0,0,0,662,2500.0
0.95,EX3,9944,3,1,1,0,0,662,2500.0
